sha256,label
0003449c2bdaed67799c4d13a1357c4e80362c2a9d330156d456a09c1630f3cb,0
002705c9699a52089a731738b984d31eee8fbd5d8529d59d9ad0e9bda5d882cb,0
005b62b9fedc38adf4a296e06c7b4ee60ac8fb05937b197c7edad1a8d037ece5,0
0088ecb1196646e889acb0dbe1c72ef8c5079dafe3e61e504b90a1f6dc161664,0
009fb91b3542571671b6168562ef9a7f780f7fa99446fa61b0daf404f91c63ad,1
00a6cd6cadf59a74d7fa2e9febf3de5239e02ecdf2dcfe7bbc25f7507d6b433e,0
00aacb72cd2637a754c85b228e94aff2bbfc079051e8d5c8b869e54bc425e4af,0
00f92a9bb332b677940bdd0fbe25843c8590093245e24c9c866ef8b97d2f1328,0
011ee0cc32f9119f59bbd23a53d3534230eb0a004769d290c046e2f5c35677c1,0
012488e26a7f362783e3750fcc7882c66b5ff81d2ba9c3bf78ccc470ac91ed51,0
018b5188a50bdcbdc96b1219787cf74fb9971026f4fa271dc4025e4b226c0b14,1
019f670d0e176c9acaf5185fe86a07b2543149f0a231152f21b0280388aaa369,1
01af3dcc209da7550c473aa69cd3ac24df783e404a6e80613cc653e689580818,0
01b3378cf3393e76349e09eab73c5172c46e9d5cb28c6c5a9f917881c5ab9a7f,1
01b62cc49778b7e1a6c3ebe398c9f20583d5291598e4547b643e809e9f97ee73,1
0225b8a86647c758b48386bb6e0d705452aaedc348057cd18bab0d389fb16ca3,1
022d2ebaf862f56c181620f455e9e1b2df6800fd4f8f08eeb9c3774521dcacc7,0
02472441be71ab65c964bb09f0dab658fb6ef574fd01db53adb20881ced026f6,0
02bb7869a52bfa649c530f1274d75e4aa0929486ed2f7b9a42af190ab1955ea4,0
02d05cff472552726dcb0d70a2ba8181ab085c87f2d18c151a08111f71620b36,0
0345ea578102b1c01e56be1ca9578d15f5614ef93f74dfb806ff7b4d8df945e9,1
03489377c5cd599ff1d20340ae4b6b6490992c862713e8840f6a91ca956e159c,1
03c8c1b75430f7e836aa759893f44d33ca43244a5c59a79e0d520d2ae3bbd55b,0
03def8917bfef2b0bd7fc9eac293c097a0b806d2ae1cba0eb2ed5aa593715b5a,1
040c7987075cddf101c5821bb0f14a4dc357ccde82afc87a13f18688c774ec26,0
04117de82859bfe297b003cd12dd26d6220088c71dbce87581c18e987d38fabc,0
04e5aa6aae05dfccf1c2d3b415251aa208c08750d3fbe02a8ec9c908cc663386,0
04f798eadf7dc5c8f74da3f8877a289718e7ff7fc07cb6ae1afba0e0fa392c9b,1
0528ffc7f4771550ee332d3e1f732c6465723277e845ec0fd8c97c4de5c6ef01,0
05ee85aad9ede9a5e4e1c2ce8143a60b3720c3c29187ab072aca4d56be530c5a,0
0615d3acf9df1b1ba24a868cab6fcf70f9f4e91282e83782af69e2aa69904479,0
061af943a7bd6fd8078ce895f41db49218831270b1b27884079236a86114d91b,1
0620c82e052cebe11abee80f538854bb1af0bbdfdafb0001d38ee20e8b58bf49,0
065cc4b0cea2f26a3af715ab9313763269d4d54371062760d3602bab1b1eb090,0
0668f80b579512000b0a248f798cf5e1f4061e99ebaddac997ac0b40ed7f3c56,1
0679de6494efc7a355b9a136199233bc45c80232552c144eb380d77868ef7e92,1
068c6dd9f989212ccc66cf754837ae8d3e71cb01ed31eb7616a228e01d19760c,0
069e3fad75ac7af4c18950c7aae039e91cbd97206992694e572f39eafb141abd,0
06bab62cceda60f7c76dd1c38ee2284d90c6588c4bce2fcc15b33cb7ae203ff9,0
06ebb1adcb20346b6390f64116ffa3a41766c49f166433ef9c6ffebfd89ce2f5,1
06f01c1e684674a07aa63b666f16859fc3a514dbc91d5e9ba671fb8375c472ce,0
070523b62d6c4b1a41105c95399e46896320e2bbb84995413e9065311219b433,1
070e496bc620a679ccaa5febb61c261a86ff6b527d9a39f8981438b6b807f126,1
072d5c5921141ea8c053c5cfa94ff44050e31df870c7c73718fddaefff01f292,0
0768f96069b4190ba31914dc3cd21b732883f203ed2fcb2a906a1881485fc7a3,0
078a5340246e714a04029d89f09ea3896f28372ba4cb1bbbf673d5933b8ca024,0
07efc3c9c9dbeedee808aa5101e6e54ab829d5876b69b001daf47b9683533dd0,0
07f324afbb9aad82ad3a7d1c02fecfd75aeeaa042fff6c0cd1daa3acb822d19d,0
08042c10f8483a852f6649d933de928f32bc6f62af8a993e158ab7a87af2bd9a,1
081370aefb2212f8793c57d6850617434bb6c00638b94702a05b6e9e7b9f6dbe,1
08712078cb851e33b293c16f5b32f555fc7bbf1eee8d39e59ba28df12bdafa95,1
08757284c9c2fbd9c821b946e9ece3871d77f5a1007a4677e30fc4852d3fe94e,0
08dc7609773cdabaae248d999116920ba7afc74ba90c90387d8fd573a1ff4060,0
08f16e9c535b32e60675e8ca8ed572e6ad20caaeb1d044d3baf366adaaf9f607,1
08f2a654c3c33240dc1494049e450a7be7eb1bce13d2c0bc5a211678b6784405,0
08f9cc7960abf1d80752d15c90998fda27ece887f2f12aa3237d0c6d33126400,0
092e986b3038e0627478487251e430162e115b801999421b3e8cf00b65dea520,0
096bf1ad3e8545c844261e56cdf0999479d2ba38312625c61d6a54060b0502c8,0
098542b8ca166c6df47b9f4e880b1f86d549c0c3190ec439f2bca0438e179631,0
0996e50c9e7c1e62bd3661a26af9f0cb66b109e5d8474dbcce1145667ecdda1b,0
0a1ac3011c8138f138ba096c5ec916a384a9fac9b072dd5248034ad4dbf52ebd,1
0a1e14cf12ee0bbf536c8c8283a06db3fc6880f1f365498ce4eb226526f758e0,1
0a2fbf6abcff0d616bfaf1920fefe03ffcb6f3a119be12d7a21f194d627905e1,1
0a5bc27ae3d1dae438d5bfdfda762b3e08ec6003e3bb2ad5dd207be61fbf99d3,1
0a7ad694bbc0af23a06edb1cea93294febda1a8b1ccc10e1ec74e92d9f1ce143,1
0a7ff2d9940f99bcd954e64c90071c1c6d91d91a85f02b3967b8553e55b6435f,1
0a95be749ba359f550b63a7b77e454707f66e911b897253640e1817219633364,0
0af621df48d42bf6c5b2ed6ea1a21cd5ba156cafac0b2d461dcf56e84831dd12,0
0afcf17cc1775d5318ed6083376bbddb7c2c5e5e80c1fb8bcdefd58e6221e21a,0
0b7f24108059480a8b4073f5376e2294731465e32007d9eb49e6ebf81d873d77,0
0ba10962b0f764f474b0ec6fdfbce8caa3a17358157b3babf8b83f7643a339ca,0
0bca574d4e8b1a68ccb2d77194ca673b25ec1068e0770655c06650fda4ce0bad,0
0bfc32b97ea1a309f0f61c25142f9d84fa6f6d9606e450f91a15f8d7d1496536,1
0c1d57d56384cad5b94c610833c3f544bd5a44686b415bc64e05e75730b87063,1
0c21f9cd3d90c9eb5343be617b9f6c4e672aaaa1c096243abaffc4166c54e1c1,0
0c95042f9071d3da46f3d4a69b71a919cece1cb3f8f73d3320c34a703727dda7,0
0cd65ee315f998aa8cd124cdd159f1eb4cf8f9fd031c95352173943cf905ec6f,1
0d2f6164e348065c6af6ed61868db57fa1e25f921d8da27cfe3312d5dfd09959,1
0d36ccf79e3167545b0394a51dfefdaf440faad80dccbe0b920811dcf3a7f929,0
0d65459c5a0269c5622d0c5795042c7e50089bed049202a4db9cd7f4d23e79d9,1
0d7022df4e17dc58a103080863870738e2d956479de4244c831021f2321a780e,1
0d7c6898897f87e3df72ca3252bc341b2bbd546fd08a9d249e3c726ff58049b2,0
0dbc211f6af8b09386e75de877a83f2699c81f01877105c7322959f7699a72b8,0
0dbeb3278576b47d7987c82550e4b6022b6ff56058a11c6103bfab9695c1c0d3,0
0de57781406454a07b8b4cdd8da05e97ed5c66ac8fe6ee9aab304689df8eb91f,0
0dfd07e5e628cc8b6a2dc5327b33d8c07c6331f364c1e585bb80ca732f6d51c8,0
0e13a51cf652540a22c34d12ca7a49831b4ea336b087ade107c6707c6d183586,1
0e222931ab1cab375f4483d125a604c2e35d373c0c54880af79aab4571558e85,0
0e22e4ab4ff63a350ee560b80de0c2381aaf7cccc37e056ed80f2f1a6f06c9b0,1
0e34f02470fcf1b668ac58ccdbb80d6d07f6a97dcd6b4825c4d40acff6554394,1
0e60444a85266cfbf677369ec6f5bb215903ab035525258a3b00f47e94ff8a1b,1
0e939832cf22ea739cbcf200f3a4030de1ce68107580a6d4e50da904e6438344,0
0e9e2adcb180302aebb2b266b2461d806d2df3fe4f1b7efa23964204a8ee5b2a,1
0eb89487068548e88138b6dfe2993c78d66703f58c570f2cac2a632ebacb4c63,1
0eeb75f3586894c21985f8ecbb1da3bc9a7897187af74020aa64e3cca33b620b,0
0efa8b7282fb407c70f99f00d25567086ea9d00a4f36ce8410d0973f5eb9b035,0
0f239a42599d8413a6a51e609f489631826fa97f84fa5cf7f40bf95eacb38f2d,0
0f592cc50d46de9fb36e46fea2197e6928e23ce6c775feb1cadfbcad039e8a4d,1
0fa855a2ebd1a631feadc244288a500c143c400eb07ee79fa42e28bf466979f5,1
0fb9673ff9048ad5764ee5a5f3419462fdf83b5ea46030a354602bb27504c91b,1
1010b9992cd81add0377b226fe9cbab11853def37e9c4b6254ca3364cd2512de,0
1015ec61b77f82dbe40cd940a9cc7449e20dc5a5036e98ffa184a0470914c819,1
101ca8cc2833f2187fd0c293e3d8647d99531cc48605700aff1914d425fdeae9,0
10459c8100e21d0f706fa4082813a21079b488a08d90f781832a5705ab854927,1
1058b8c4be6ab69ad46cd8345338062c488ee0832c2e794b82a5192ec3f4cd91,1
10a037fbb84015e04a6f79ce8bcd4d137751ecccd49091dacb1f4184c3ec687c,1
10afe5f49ce27291a068b9e6ff0ef53de32f49a593568f3d9345a464e8454659,1
110ae14665e4c898c72e2598c5917e282dba6609c9c2e30b6112f0224cc16bcc,1
1112f4b8e6d736aa915dc234ffb1d98bb7db558b5a0765644ff2ba886090f384,1
11dc5cd2294b14554c34795f25e1e246b58d42406d7a57a8483b45fa211d6a3e,0
126b37f11297f2018a854c9e72c65fb5a6679db92bc048318dbfc5d4c68e2d36,0
12973b5974d2e423e16a32a25ebbc9eebf8a6ba1d035a56c40e19aef897ff8b1,1
12d70e9d495553f826c62a0eabf8587743a195cfa80ab1a3141b15e0c2d87a19,0
1370545c746b078dda1cbf3cf9a02a1bdb655cba35b8a67d665d99ffd5df2027,1
13878c1a5049713f18316798d81683f686b0ee94a2f66a3b139846983da61e64,0
13a41676f45d7ea190143f912347a3686ed587838e4892e9d243a1f1e0c9cdb3,1
13d1f166ff91a9258421f81ef5e9eae801a19a558455ccf54f0dbb0c58ce9fa6,0
13d73a24a46696522cb9c2cb310b81459405ae21f50b4578a60038152818447f,1
13e660973284e53ae2f814c5dedc703d21256487ba78aff81fb928d23666f055,0
13f214ece6b32ae9056cb44b596966578066e7b1e96fbceede689ad5ab4faeca,0
14044431459e79d3225b5191d01be5ce4b74b3e58d36c093499030ddb5659de0,0
141dfaaa46150aff31559b3a7e82219a13ab1aee7aa3081447cdcdba8a5c46bd,1
142839fe58ec8f29d32a0e2171ee88823245ef9315a84db20ea1d2d6540dc921,0
14481add66352d5bbd31c5e372ce93eaed561eed6ceab0636e35c33b27c41adf,0
14579e43eb9e00ded2320d5b1503047b48168a84df01c5fafaafca326f99874f,0
14bcc5acc92f66170eed28df2b3398b6db575c08977cb77f4fa5045d5fec211b,1
14ca625286022e15be2f4cdce3b772fe2b179295fff936422125f35430f87d1d,0
14eeb0b96114648cb58a1aa9e62749d854c23158a64ae39f69e28e701cbe6e1b,1
14f3e4429ea4c95af9bf3f45d13feb9b3e5d67d1b7760c26949aa6f812e9d430,0
1511f295e3e8b6ef8d5f3f35b79aed57e001d6455df147daf707faa3269b662a,1
1518d03f56b060052ddddce3c50ceb541909b44e6dc455bf260743b842223ab1,0
15228a42f6db810767d8049c7bc5e057ca9a3e726827bbb956a9c43feb10bf19,0
1528ecc056e44736bddc63eefdd1c8188cb27cd4be29c904e53f7e353109a1ff,0
154fd4a5897e6967b09461386250f16192bbf15d495af4fc3867503bf7c8bbf5,0
157ba03a52f14d42fbe70b90907f7092996f61ecf85b07e35fd6dc70ec7fac39,0
15b982d3a3495733b8e4afbd2582b4491719abc7f3959742108c32edfa23a19c,1
15ba1966bcd98cae3cd366bc41fd877489f691eeffe0d5ffcd5298f72c678a03,0
15e417d46eb8504b8112bc7b662574944e962790b83f04bef23bfbd56b197f7a,1
163f034ef3cd3529a0e4432a8bff7d8399c7dc19e1f18dde3c90da737cd1951b,0
16603f7db25563ab48816ce730e3702ede43f9feb358bfbef68a296a4143879f,0
16ac253ed1ec47e3f3b4abf64557e938be88ba1c200ce7b8e2cccce9cff9be9b,1
16ad4d1876ba97a910ab4505e6bf4bfefc0947ea89b7b26a074d002a3ef79b88,0
16ccf8deccb407f7dce25f8e46603bba680eb1a99d266fb91138cecff7625daa,1
177675b744b8dbd10b87d1e09bbbcc5a3468d889e89852580e9b723536f0ba0d,1
1776fdcd95030ef40996b334ea1f8dc79d02f919c0f62be9ecf228b4c945cd9a,1
1780dd8eec9e63fd189bc668adc6714ec0392cf1520ccc3ef69de41ed793db07,1
17a808b7041113ecb0acc460cba9c9dfd7d8a0f13c5ce417b664d1d0d38cafc5,1
17b57a948d247f5c90a38b53f3fdefcd2ae86a20cf619da59e4a85efdca5b4c1,0
1801d3e47e18bea9fc42c8254044bc727ad23c08809dbcb593803a5debd61150,1
1823b873e028cf0507a33fa0562691be685c54805759bc03a1bd6f6e88f385a2,1
182875a38d6e3c2350a6318b0056412487774ef26224736f9b6a7d894f39c446,1
182d8ae24ef2f1ace4f887e582538566f751a9adb2c4010ab4be1ab22580c180,1
183f120e70f64b264dcd1888da3490a82d9a2294f68976f29a1464a9889b2425,0
1883da0b2f28b3ce6d3a643a1c61b171bcba2fc6a5652448f613aeeab4e3bbda,1
18912143221f5a7cd9802f241ae0ba68dda048cc91b4b2b1ea2fb7aa3d056b02,0
18c6a1a702bfb9cfdbdb5a3d1b58877496e4c25cc90d6eb91bc061ef0f8eff66,0
18c752fad6b8398ae8b106b981ce749f5e2826e690280ccedb0d4c0f166ab2b3,0
18e81223103a088fffad4bbc725fd04a42dfdd7dc39e467d9739fb4c305bb504,0
190193e5d88e05310597b1deb3263d866114a048d34d728e32673acce9d1a763,0
19046a90b8da489828b88cdf95f5bf7fe535b61a4ff79cdfd019563e95147220,1
1984a55d62e4f3860a3903a32448a99c1790e432f3721f28d43977f39d4cf376,0
199697625791bd8660538d68677169ce6d33661272a3fca1098a76615fe039ba,1
19bdfb00f0eb24d15fcbac82e2b4b98696e3f2539bee242edee05baaca0631fd,0
19d02b6232f26ec361184a27bb78afa42013caf7ce94fd7909a65288af8f5720,0
19d1ba4e38edd80259c79c1757e2fb976c78f5455aae967f12cf5f543b12dda7,1
19d3c47176f8ff505a55bf346d55f118a101ebd832b0239bb0f0b331aa4f6ee2,1
1a31a6aa5a5816513000d76f59c7e3f64aca01603cf203b57c8464798ea3095f,0
1a4f6a7561ccb4032bb5c6ed5485404028f48c7cd11ad1940493699df4a04546,1
1a514019e6c09e75d42e034e69bbd29f81fd8f773771cba42b13cecd4f8d81d5,1
1a74474a0cfed9d1513a5bff2ed6ba09ff5fe28589af0c437839d2a9c5cd2a5c,0
1ab521b002e9a2ef7a7c9fa6c2877e12facd8e6038efc44829f59d65df3a273b,1
1ad465849fe847a3a1cf9760663b42705b102ec880e2f4fa82dae617e66be234,0
1adc438d2c0afe41b53f7d6621b924569d6cc8fe9bf2dd039bccf5768e055a80,0
1adce35bdb25ab865afcf3baa4ab20ee340ea8f292ee7c14bcf6428ed8ba286f,1
1b0ab5e3a83ab78a48f5f383219d0739ca48bab52160cd03c80d7ddd7a784338,0
1b6e414f848ab14ca1f27dcefdbad1fd89903f1b71ac1c5366e79d27cf42c81e,1
1bbaf89585ab51cea416b4ddac74c279414e3dda3a12d9a7d3209a04ca85ee8f,1
1be7ca48d526c51e250b2a469e0ecb637b08042a85d989281a69c3774d461902,1
1c8ba7b421512a1862eb18e522bdd133ee6449b9c951d1d4dc964cfd98f394b2,0
1cae689204aa762cbac3a2f2a9d6654bab79b6e1a245d777636ead88acf8ef01,0
1cb0356895f27664373744387920079e16fa2b2695eca54ef45bd3d7fd18a010,0
1cc3cbdbaffb0073f794d44a5a31e465ddbc7ad8560a7af6f01d7b8bc1131528,0
1d2aec8792d05abaa1ed7c3f85c9c30b9881655eb216683f844be8db79c954e3,0
1d2c4aa413d0988eaef3c65dd14a9b3a16869464007293ccf7ab3d7cfe810ee0,0
1d694ca8dcaf2ac971d9ed470c0a5bb97f95fafb6718553976158bf38a9ce64c,1
1d767e50af4c52dc0e1581115452b59d0407792ba546522c5e0c437a4cd00422,0
1d7d482bd9336aa758b13645609a6143e037029ae42eae47ee8219c59e094df5,0
1da8f7d794da692d2922a81803720e95a715892823fb30bfb15be6c5b20d6763,0
1dbc06da90f7f7ae5dc89bd322fcd9cbf09024c2c20d1d3ef786cee8ee3a1abb,1
1dbceb10e3034de8ce4e364e3cab45f54ee24bc763bf82836e0be76f21167cd2,0
1dc63492bfdf6681d6e4894d5adc838487800cce17840b216f128c351da8df62,1
1dea55375f143c3348676a66aeabc3def3cb4d278f860d2ddf0229e28a5edb15,1
1df7fa70b9e294cdd9c9fc8ca8369e49e3b8e0384bfc7eb559e84f9675b41fb2,0
1e23af96898503be7b596901f300b0ab06dd8ea8a735475516eaadd5ab395138,1
1e370aaf8c195ad517148e861a660822455b60e8f130ec8bd5b96b3b3906d8b5,0
1e3d101eeb7b4e3cb330920335942308ffaa37051f983557fc403769a55f5965,0
1e64bf513bfab14b04a4688bc7f11f18baecac2b86093b994192260b9b934f98,0
1e6ab797b56ce661d1693395f14432cb666ed8b74c413a3ff2f08983af2ba195,1
1e75e07add64b41004dfc185ae6fd51ba049ecd4f7e9cc7d07f4d4646a386fb8,0
1ebd143cbdc66c8adefdb488baaaffc7820f0492b45a4dca2246938a5e4821e4,0
1efc1441595ed43bac3e4be757faec02a6054621d6e512e1c6f6f62e50bcd11f,0
1f000edd050c20df9966781d4b9906dcfa236565b3e834eb264c56166a5b5fdf,1
1f32677d7668a97bab2b54e593b3ee78bd5ed8574de07fdda963dbc51c079115,0
1f4eb3821cac2575e56272a59a53eb0bbbcee3972350f536a4eede380bacfdc8,0
1f4f94d4f04acd49f361d2b59f6a98954a561b4d8cb9b88750e99ea4d0c4bc9a,0
1f510d2c1760ef79a92cc15c86161498980837ad625e74e2cca165de2eab7fce,1
1f5be7f0c79f24fd789088c1bdf4cfed1631c616555e97b680f475624da47f5d,1
1fa93ce6493623c18bf3e975fe6fcc69348416aac17462a4b07f67c79dd85561,0
1fcb799a7c839f6581f3a6f1f652196e2eb43acdcda70f35c014835195d8d503,0
1fcbfa885ac4bb8606018fb028a07765ffefe9195719a721f6d34aa2f2e829ba,0
201eddd5f5c5d9f3dd552dc47761917f24b5225c92347298069c095fce689572,0
20a58919a179bf654cefd46e23eea81507d9a1674a2eb2173dd5f3851877b216,0
20c81b2f55b2d0d62d9b139a9bd596d40903eff3a4b83de3b1d5eb96126353fe,0
20d0adce5c55993eb3472fe312370ae6d523459e8b15aa6900370fa22291ec44,0
20eb3f0b6a9e5d0e7b01700d58dad32c1d03830a1b465d199afb45bcd48fb1b3,0
212294bd875bd0f44d004521465a520bfb670c667d17fcd00e2b0f2336cdc8c7,1
21401c2d5f03c3b5f6ee45769340f398f4a54f0fefa9f9c665b4ab3b1c046886,1
21496e67b077de7237636f5857dc1ff705ad70658999f70f17040ec377ad6e13,1
218e4d07ecd2207e6c0f1be35dd53e6fefec25f9b78e2488fee980da00072247,0
219a95db825d7be290f9301df9bf6fb1bfb147b46ff31899f565e0111121eb74,0
21a153a6f688b0c6534e859ebcbfb2677168d3a4af72ff954bb65343d710cfa4,0
21a1b608dea1a39cf0743b147359626722384d30d80a102a6aa09c6611c75a5d,1
21e4969b522c2be07592ec60cb58f6ebbb428699c675024fd61693116bc57759,0
2223d50924cec4edc5c5c6a915cd970bb39cff4a28ffa63f34dc11eb38786ed9,1
2224c487bfe0f0f64ba39670dcf685fb2dc57cd8a535e24274dc28d4a703827e,0
2280987dc28d70c97ac0de07836570cf2d1ef2862905ac639a23923c2970822a,1
22884ed0ea84235da4da50a9aa3e756d5c9e9bddf6f5f0fe03591e535b670872,0
22be23ccf2ee1774d197406fac602a92a7b29dcb68fbde34413a288e7f94fa7c,0
22c398ac3f97f6733d2cbe743138bb513c9f5bd8bbfed2fb6be27708f30f9400,0
22cd765c0d26862cc0daea98bb6aac707e657c999e9df1b5d058f5b986b39659,1
22d68f8f259382453e5aacf22f75de0ad8a1609ad6690eb128a85798a383cdbd,1
22e7401040975e43150553faa210763141e5451647caa7b518a804f562ef541b,1
22edafcffb5e4da8ff17bc8397da8f510fdab503f0ea5d0f8b03e8f53cfe37ce,1
23177c97ab2a3ad0f446bd31f7e7ac13e945ca21677d1550db9d46fbf551207e,0
2347c65dbbd276ba264a682e4dfd8e49b8b5b380c0801f7db69fe019fc681193,1
234cdce07674a15cbbbdd4a39d3781dcf962e6fd0c7f19b741739cef16e7787b,1
23ad6bd6fab5ecc9dfe90f957e166909a025ade7453653dc635a789b0fe7603c,0
23d233e9be8a5be9f197afe87adb104e956a1e06750a8067e85a8ff5c00c211b,0
23e170b7dd34dcc49d9ca65b6ba96615d2ef2967a1b0153e6bd427f222392fb4,0
23edf58ddd0011fb016c3d16ff4f9d8763d732ea0abfca928844f23c8b52e808,0
2488cd3f462b01b193e542557fa8ef41acf413d20fee5a615b5d9a2f5e23ce87,0
24bcc4fbcbb10eb0ccdf7b3b7e73805875d637e2cd0de50407d5a88f972a162d,0
24c061365089db55c3c3dfd338e7e956ea28b9d0e5d5590826121c29016e960d,0
24d08f1c4df2ec5e4c6ea5b3ba45bcdc5a5f02c7ec6c152d7c8a37bfd15765a1,1
24e8cc7c2c2837f2cae0a10059568a4c71836b70e39bcb8665b4d9e450ea098e,0
25042921582a75a621195f770f9f7e69b38b9587249c299605681c6539d907c3,1
2533eef4ae6cbbf43d4e7f4d968150b9ddcf40238400378b9262b3b93aa6def3,0
2548cb7a64493d4ec86710a9412b47ab452e2f00715cd8849d3105acf71c0134,1
2578aaa0abf13627661148f6b6ac7782fc42609ca6f67a411d49878aeda5b3d3,0
25879e4a6a2c91b41d95ee3d19854d9ae02865866e30f1fe023eb5526149baad,1
259e28e860bb50b74f88fb775ef3d21c1458a26284edb8a5a8d3232f952fa247,0
259e2daa59f1e76a4cf6029b2d9acc6778f44195d1dbcfa469ef90ecae5e07a9,0
25d5646e18b57c35163c2ef30e000a47810e54ca2fe1aaa6a692084056f91f8c,1
25ed8f982f5f5733ef5af0fd311a6c9d23f77c758a266571a552d3999b608ed1,0
261c11517682ae13df8494bc02a6e1ece4309e87f4dd639337857bb89db9f32d,0
264d5a370b5117fcc0f1c4d7c6215d8b88f6185b242ba4cd8df3ab068e311ee1,0
26b4fc5276b1f08760ddd4de0ef67e4414f73027d0aea58bc22ad734b7a29fe7,1
26c095c473d040f34f619630f7efcff9b68583d79347968e951fa79e490f1d9c,1
271ce013f985d5f6fc6decab4be06fcd6598fb0e6e75fa5a5a36d1c69671aece,1
275bbc4c5e3ee209625f8c95c3e505660dbf9ab2d36dffc7a30af19509e1b06f,0
276c794627dd7452fae9fa30db6b90d5cf360e236c6311fd2aaea771b6e50780,1
2798c2bdaaddc130d5e91ba3c70806e598d4b94608e7f2c506678f83321e0ffe,0
27bb4c4b60c1f782591302cb368f19d1045c933a3cf54ab282b2466566f12863,0
27c0f2b693ef6607339d849c893a18df3764245ec745c950bccf1216aa9e8d57,0
27e6cabe8b9de35841ad7d7ef56b0e15b93e0a3c732c004cdbb5a0e8381464b6,0
28426792586891b0740d3b45cfaa1eb8ba091f964979b1e1e82768d4d6cc3e21,1
2843950d404f21a1035a371a19ce1c5708cb2df0f4df50fb621f526925eea542,1
284ecd72631a1b19149bd089fd9352fc4c8d0d407360a0cf89575327b3a84874,0
285d73eab75885f04670102cbb9c362e48b4adc825b34f6d177e9cef61327a67,1
28ac35226baed6fd2043cb7096672e0d328d2e3df069f3b005acf4f3a5f43c4c,0
28c0bd2632a8e50292a9602ba7efba36de42649d2769b91118e9c88f96c18455,0
28c6e7d306193e5ace4472a81a602e32cbf25e5764b85ac2709b5d858333e8d6,1
28f54b2863acadefa6ea6daff18896d4c5dba23ba44372ddb83baa44d2d68ea8,1
2908cf92d4f69b7e5d03907e3b3aad053501891d2f0a6b1f8fdceb0494401fbf,1
29970375229091476e9700d766f45d0f2d151f5711dc59e02aeb0983c1a3a68f,0
29b00cd933e8c6a34bf7404687e28e936cc4eec958907bd4b28c14f4950504d8,1
29d616ac9deac7ec5a9b6bbad3d6b6ef1ad2dbf3cdb217a914a3279e85c65aee,0
29f340dbe4c56009a0a2c804c588282060167ac0ceb26c783dd49882e5ccc4cc,1
2a0a15dc4c8b3b13f2fc6a3de67eb91a576c8713a74f37919a5434bc800881c1,1
2a1cf826db4d5695e7bf89970b975d4b09f64038ce7ba1524500f91fea64163f,1
2a3902720ddf0c4dbaf4df8697ae577d5771219f7442a2a5ee59627fc4795d18,1
2a53379f899fa6f52e7e1a53ae098b299596741cfe1db132f4dc711c1f8d0d2e,0
2a9f0fbc7bc80b1164a1b47d730565cc21bc239e4eca9f328f4419456500a496,0
2a9fe7c6b1979a6d86726b973f65f34035950c4f3f3493bdbd50234cb65923f5,0
2ab63057759587bbfbb23d77adf502eba1e1020e4d55aed9af1f3554f4e67a7d,0
2b1397b2f24ead17f675078a00a993c721c6cabed9e66aaeae2cc4f656921af2,0
2b778799e204fa8118f889b29dd37408f67093d5e6607bb64fab60c91d50beb6,1
2ba3f279c450037f9cc50751e43cff89f9e94b4f362d5c2d8856b95ab976a884,1
2ba553afaf5cd115cda7e915f5766150a2f7d1de1aa1bbf2e343cd6dfede007a,0
2ba86eabcbad6190705dbf14e7d4be9e346f486ae27ef7f4ef43dbed7a4fd6fa,1
2baa4f9650e9f8e065bfc9c013bbe952fe6bcbc076be4b3992ce0cd812286861,0
2be3ccb2a6f198aec42de2c325b04da88833113401895d2b9dfa52c55279c3e6,0
2be3dc33fa24875fd6f628dc10a22e514907fc46729d1acf91e129bdd8e315ac,0
2c2b327c0882fbd8753edf72c966c397bbc0e6b693dbc53f36b25790cea84790,0
2c3367c2ce2d86b45239052cf166a542b834ab3b2f9677bdc533b9b4abae4fca,0
2c700263dc9c20f229b63986d8cd60ac9bb6cabfc06742ecf71e415cba6c9892,1
2c87022fdb0e50509c4a945c6bfd517c49833b37de743ec683a85e1ed3160471,1
2c9ac26a6396cbb82c19dcbc829ac88259752322650ff63201d95e82a0fd979a,1
2cd7fe15758a3a1055fcd324046dd9ddbb22daba571308acbe9aed7402f2df81,0
2d1819105679dc79b9c0f5680e77b5e2f67f97ea96f564d99c4a39cdbc53a1e5,0
2d1eb4e79bc8e3e521b681ae3818af9d14fec51a7c016f232fbc04d1d5383a7c,1
2d5dff64ff0b7da183ae4796babfc4dbe86fcd7c10016813e11067cba40eaefc,0
2d86d494ea6f5df6d762de7015cbb0a055aa863f7962280f87b41107de26d14a,1
2da278bf26ca2c019eae2a6d59a3628eaedc5d64d595e287cc617e5533e99a41,0
2db4a24ab728bb733c64d1cbe2b39334bc7ab4e00ddd385653296db41f9b2cdd,1
2df63490eeed7022947b3512c374875b5a34f09a6234b659033fa90da5fede48,0
2e0f9dca650bc64c0f0b9b7e88834b628193bcd5aa23d17e33784b0ed5a6c81c,1
2e366068edab7ec84d0eba767befbf81b7aa13476ed5d1b66be0ffd83161def2,0
2e4019d28af2a06e4e5221311b9400eb9729507ee7c2341890f71edad2a1b04e,0
2e5a8adabbfd74cb383ba3ad695ee96d5d73d05bee975b56d849aaf79c27c726,0
2e73ca81a266baf880eabfb8319c42b5963250b754e3f3524fac5e346803e357,1
2ecb2094394ea56860ee14474da59dcb6358eed36534fcc4618981377ed8d758,0
2ed053c3aed97a860a46bd018577308c59b83415824a595a2175e2ec1bd67b6a,0
2f508a293f4f9dd372a78a0c3b6af882cd51bfe2cc38610b83d12f9367ea2900,0
2f9edf7d885056fe3ffd69a1711ab617883bb300d059c33f64c624a705b9a26b,1
2fb992520e34dc467c0bc53292866cd92cb6d4102eaa304bcbfc01514002301d,0
2fd3abded3818ef28bb0585d18a1a2f9a83cbe99fe3472cbf65eed7c7d5b2e85,0
2fdb441c12b62fe145bce0c78dd32c33c31284c1325bef90f7f2e81a868160e2,0
2ffe77e8fc8f023e990f5558fa6c920326e1a7d7bfc6d7ebeb20117129baeb20,0
30204db8ecd885837ee1587ca358ca6b9a42fadb601719e7bb946b92da054719,0
3024e05ff1cb9dbbc1d4473b02e5d6ccbdf90c31acdb3cdd26bba9a156b62c1c,0
306430ad6c4e9322bbe13054bacf1d70788d755e886577ba93b8ecce395157dc,1
3064bf75440578007c3ab3f922cd4edb179b3a14478b28041a09f17f456b09f9,0
308e71bd606a16863c45c32b408152992f08eb54b807480d61cc8d601c86c826,1
3090f5f4046999b00ad5d4928742ee933389a49851053205abbf581b56fcf080,0
30ae02f6b00562b633cbb347f59a3aebf1f956720f3de5b5d5e0ca320c06eaf6,0
30bdbb0dd43808f2bb9ff787771f1c4d98c1053942c2a46e09afbc197f28c19e,0
30d1836bbf97610d939d3d5729f491d9858f8a1be29a8a79e92dbee4421b6b1a,0
311c21c2f1c23f0b14c7af409f4919c7b3ed59cbdf9843ce1d63618b49c3a7f2,0
31609c2cd34687d034e695d335d037db9feb9852d721ad94f8979f666bbcfa23,0
31b33f50d5abd0f8298975312fe59b9c69f686298b948fae3e099500fa7b7b0a,0
31d81100c68cf779b3687740564c5a5428c9dc2107bd22cdc32180f4796bab91,0
3212195573573690ecd903d7ceab968aea321d15047c34ccef66eed26bc3d401,1
3219477feda654f5aeff5593399a8bca40f60c86a542317fd3f2adc4c5cdeb46,1
323772f45d2a6ddee38c53026fd49ce72f62bc4ba97906dac10d10916a742f00,0
32720eaeddd19a79087d9c3169849b9d70c905a72d745d583a333f268f94a99e,0
328acc6392df9127a512abc8d5dac5e9766c0d499dc55ab991c6ab36e1d5d00c,1
32bf6b3926ee25bbc6dc0ae535915e67fa9ff55d50344ab3f143a8d5c420976f,0
32e61f38bf4808f882f96e0e081c7e44842ffeba85210be48bb52f5273838c06,0
331d0980a5683f441625c9487c405f99738f74a1bc1a62899c3888661452f720,1
333d69d21faabf44728f6f7a0eafe40af77b66666b8df117a5647bd23b0bcfc1,0
3392d270515b8e1b857a7e75e4ef18abfa9940ae8c048a09f54292142d1f14ce,0
3396c2cee9cff6912c48c8d8c555ca47904af6f088206df0cd9b2a37175959ce,1
33dd136724adcc085a2112fb403b32b29d6773b0a00a8b92b6ad609a842ef36e,0
34023d24fb296a28374bd67f4a611006877e133876114032346ac9bd415b2540,0
340bbbdc84a767a2f5d452a5904ee78a98215744cbd473b945e59870382eae25,1
340c827a90a0312bc7a5aa199690a9b0e78b14734c3bcbec2dde2c7651c11234,0
34156d9ebcd268a456edb40fb5403ea14040e24e8b46c6ecfe69b1d0395cec04,0
3424d70aff5c38ac68c7d9b174ddc163a34bf5289a6339a1b73400b4610f7f75,0
34359e330ee0b4c5cb93be569a711cd75c6f153e3d6a9d6dae3edebbc3b835dd,1
346eae00df1a5fae784431e851e69c6f763568e46ae862c31d91ccc285428307,1
34719bf5bc64620aaac6f3b2afebddc5a9fcb7fc676b59f56bd87741c7b9306b,0
34870722378bf500c99458ecd3538dc81511e078297c8c92d6e61d9845428a55,0
34ac66e3ef3c64ba8fe23544b87347eb8decc3cbf2655c4366aa7b800ae46f2e,1
34c9ce7c3adc15fff1eac3d75f1b1c7e456706d9fc2f987e4c26da0da34ad02b,1
34d6dbf6ff2854bf51ce7e1514be4a7683f74b7b5b3acf6772c96db2d0aa5e7c,0
34ec0e4d9d5993a19e7570a844de86148c571464697d9d7918f173efb99b95da,1
34fa7bd9024585b86ae3cba923310a3f09a47ad1e70b4c7586db5b9a90809b2f,1
3520547d711540310a32a434280eeba32f9e0037f3a79b815389cfffe9e30707,1
352a8d4846e6ae3d56151191ba82a294eeaff174a4a94a02c5878963d18be828,1
352bf797775ddec3ec7dad732bd6d4f3e7df3a30cdb048c9fca626963802f005,0
352fc4d1d8243dd296a8fc262c584a25067650bb63c70c749218271d67a3ffd4,1
35660637b28577d66971b64a83fab4576c8b5064b6992802ff09b96bf5484010,0
356aa6a18b4aad33aa5967d031805cd4ab22473ec559b863e7e566fd43d76fdd,0
356cda41d321ac35ebf6a5ae8ce46795738bb493297d25fb012d34af76479ae0,0
356d01fe05699c2ffa393f06d28868df116ed9085e5b7be88de0cf256f52fdaa,0
357c98f30e320d37f144357029bac8a82d4ff50e83cba885131826006edf5de2,0
35c0d36c95353986c4dd247a12016c86a1488f95a32db544e607f5514391283d,1
35c851fea9df30eadf8bf7df7e256e18d2849a742d1d8eec2b6f9399179d43b2,0
376ba62daf84cf6e974987458ffb7bd55fd7cfa3fd94eb5e3b9ee89191dbe3e0,1
377d9e2eb73dbfb482080ed55ad1f7a45ea0ad4c116429d221a8caa888103c4c,1
37ce6e8a09058448af6d77ef42fb11b45efcc5754ff195dd900f151b61e4bc30,1
37ce716ec4df019b836615b5ff3fabcb17ea246d9587911832170f108ec96463,0
37e9900e78cc8b789fc0ebcac0bf6852aab957ce57538a98e94f5d5574532f29,0
383a92b5084573066f189ba4473ddfddfd2c1a5460bb5c1216e17c45520cdedc,1
386b5c900cafcb3fcd6a592315bb1e4e87769ed9c7df7879b0ce6731d05ddf1c,1
386f0fcc0a2ebd10821ad9edc18e2741f7d35d173a155e5faedcd470538963c1,0
388ed1b64398409400a93ca36c6ea665101a0544a7dc5ba6fc781c2e420ab5c7,1
38d1b2083fd06c4350535089cc9dc09840a9af4df76fecbb52bceee988c5dceb,0
38ef9c83f2d468d7bf121e412aece79ca49095e6f14aead957a1fd7a3e364fc3,1
393f12663e818ba174a2963ebd629ad6f89b96463f528c63c6dde383cd2d30ca,0
3960cdd1dcc262fd9deb773fc8aefd055b3d7de44cd7482259f82dba604ef0be,0
399c9bd103202e437f139274ba6e939e1a303f0264bc003981a550a40227835d,0
3a0abbc1ab8e04c451ca8bb301d047c581922a2062315dd2731630375c22c4cc,0
3a61b807d76e8cdb49d33536f5adec63d93c5a9eea7d855527b9c5abf722b4fc,1
3a988690544fb9deba04ed2586b7a82d7301bdae00dc086fc27569137c10c3ed,0
3abfb13dc3ccbbadf76422b9d66d23cff8d7d7271e3f16f928d1a26c986be756,1
3ade83403edbb0b8b2408b116182186f1d81aa6f781089728647a59ccec2766d,1
3ae0df1f17d530c025cf52fd8697e605c325b182d917891f4b4458d26d84ea8d,0
3ae3490d10081b746c82751c3fd0cf84f5df2bd8d7ec0c821332b06c71550be2,1
3af582fac2a90471b1d038a11664798a9a94a74358ab40202dd35d389b5b4d20,0
3b0100fa097661be4b2ed33fece4954bdbac98fdee1f7cc4cb26859347bbfe96,1
3b46ca0839d12540ff4060941476c0f9852f139a0395aef8c7a42cef2838eaa4,0
3b859dcabf9ec34abf0cbad0c9c6c62bf4f237f19fc24fb4f76644edb244e989,0
3b8aa71d888eeeddf402fc99e64c4e34ca4286885a0d5440ae71f3d24de211f8,1
3bc89e5f5425710cb23b197aa56a8926c766ba08ada5807e73716c6b9277cf87,0
3c0f56845ef2bc745ef492f9d6307cf6ca0adfd7dc65f209966e0960b3c2e6ab,1
3c3607d87364ce315e59053572a3ff52518de8bd8c9011b33e33ac470ad6b57f,1
3c394b16980e8515e543d3c3b7e1f5824f6b9d09c01abfd38eca6338390e5756,1
3c680b5cd41a21dc3031cf224f1f7df20db30949b1ea21d6825549d3a6b98462,0
3cc895103b1211f0d6aa609719119212021a7d723b2afcbcef0f13fa585f8e73,1
3cec245c996ebdfe864d10d87b084d97f851e3f17313a1025d586d9a7b6fd41b,0
3d2a609c7b0b89b30b0320a1ce179948172b275a59a17ddc527060b80709ec6f,1
3d54af70c03fe302c372bc870a0a858d866ca87b56e9592ff2471118b0908ac2,0
3d7546fc3d314de1fe4b7e67eb6f73a5e4b85eb3b76c8e0310757adef312933e,1
3da959a9f2797b3d66888ece8e16a24257c1d35e3418fe9f3363b219aa995979,0
3e0b3f489fda85d8b268c46eb86ac1bd45d79a1e300a553cf95718f46002dba4,0
3e2e87b32f69250ae84b6dd493437b346398f255c2cdde594df20c7fa4817a17,1
3e871dec31a26012c2eafe390110c4b55ea47002727e7a20f1fe9c77d3d5ec98,0
3eaa930582550328e07cc123047007a465d3539ad1a206c1c88b69d240d9123b,0
3ebb7b3c44f0c20baccee03811c7f286f9dbc72aa939a9b59224c9bda6972d08,0
3eda35fc2ea0c64b9ef2062dd6d529e9a7902ebba968faa873a7d162ae3604ef,0
3ee20a225c63994008dbcf9d35f99354cc84413c73ab41966d632b77d81d756e,0
3f31824a15801efc2ae09fc697c8f59094de370cb4572b923e72f7eb095fb4f6,0
3f481f6087ba9c5c984bb2d142fc5c505bd424f1fb2e541fa908b817f764f110,0
3f8db4f4e3887b6c67b09c4dca2fa7bec5fe019846bb318d82dd9264c844f793,1
3fb6de8f08e91d3cf0af6258cb5a1377042915aa3f6186c849f35b618ba28f20,0
3fd621bf3e41cf28c5228a7b333427af0224bcc0f3ccf5f7af1688032f35d64f,1
3fef7202d4ca7133aa80b71b1b354752afd80ca206aa8792521e36d7f2b651de,1
401c0f9ab0e23b912f020b04365f8501c744d1420080ea2fda633431c44063f9,0
402b7921714e12477cde5d760c1f31bd608ed8afa83abb6150baeaa77816ed6c,0
405d03721985498c6f25bc7855dd346010ccfb0f4704ceb20fb91d715d2c5668,1
4067c6286761b7e0005735c5279795e41b6abd8718f07c9f9bae2c96f23a0ca6,0
413273a04d898b98b6ad10017361dc8227569db7d92a75b61434a5b9fe6e84e2,1
414093f24589adbf9a3dd4840bda041ffc3e24ddc7397e6c07d20f88e0ed66bf,1
41484196523636eacca3415be988ee7312340bd957571587c0fb69f05e75fd7b,1
4156cb3784635c2d4e2c04d0a50cd1de798746266fb5b53a7f183dac70f1123e,0
417116ac0a0e8f1634e0d807b5aca1b06da06ca46be2b5442bf358ddc0b148ef,1
417bb813a613d2974b4c9694688b0ee13d977c1d178724c9b0c55b9230b52b06,1
41a668ddc75d7035a981f59e329f2e73927d54af73e051ae5271d9357168c512,1
41a71281db09d1d9e459a0d49c061a07f82f7f2faed62ddba0965d977ca8160b,1
41b2ee1e741219955bece476a9a5e2d06056ca7abef9485313afd0e1ece5937d,0
41da8b43972c6ea45099109227834e2f2e20523fa89450f15acfcd123b4765b5,1
423b59d7075c48034ca8d23e46babe7946cb14329ac3a4ceb7433fb81b8a6d1b,0
4241c3ec1469cb608a2d2c5d58b7b8a19baca8e47d42f975c752eb30f9371143,0
4248c29898998850fa5589924f0cb3cf02628560197a4bf26593d48746cd4c95,0
4248f68388c4d3158fdd87102b3b8872c25467b894fb90bde3b082c8af18e1d9,0
42f7ad07a704c46b37b7c499214fc7329f5c292dac2f5890fc986f7b3a6e3627,0
42fc6f989f19aa07adc9415f649e0709fa34a04013bf6abf82d12659ab5f2e7a,1
430d5cfcd8fae7399d977cd9ed66e8186dcae52a80feef9105002a39ab46692c,0
4366d8417c56805db52063e8895a3f504525113345c479944734aa873b2d2609,0
4382a759ce5319decae497290297f2070f5188b468000ff0caec8407e021b171,1
43fb6e91cf9da8474e9404c33925fb312402cf4433f2c455a2a21106e8f6c5c4,1
4404b435002839a6cb1377ecad2e742b9e5730ea6ac8539372f9a31e19775bd7,1
4406fdf15030f0d815a02fdfe63d7b60e9c84390c0635c3319d3dee1f7305b56,0
4407be48dc062834a38bb8a65477f63d8f8a82f893140da81228172d8f40b8bf,1
44339893dc5c0e80c70c050517d29eea8f10f379972d81331654a29ed75ecbd4,0
444ab6f4920ea235088aac93b378a98beed354c6b7ed9e10fffd1aae839fc929,1
4462e5533ad4057951e55e6711f0d35e76ec4e2f30dc5e0b1b1206935198ab3f,0
44703358c7f3a10737db38d6c4003a4dcedf3b98a4595f514feef2abb4694ffc,0
448c3625056b3995ce4004a16d9a4804051f61f2a71c2dcefa57e06ec059e465,0
44d841157076bed5082a2ba3585eba34ff7e381bd3d9b6efc6ada0327dec059f,0
4509d662ff1a391e1c5aca0d55012cc57c4251d58eea7286a70bc99fcc83c565,0
45150601ffa79602a40a6bfab4ca15f688bbd92fe03ad1210f2c71bc8d4f558a,1
451c1da16f789b4ebaf26e5284b5d0fa5f9755ec09e5e4a370d91fdc4caa080b,1
45245ab66e5c57bebe2e4dafe5464ac2ed0919617a0682f3462e985021f98e66,0
453b19e1b87667227913be75e856dbdcf936c3824c37ee24bf046b8c30f43ea5,0
4558308fe252ce38f8f2389250d2d787243603f93bd0d5109850d199c357e954,0
4591ac3cfdcf4da79695592f56f8ce2eb2fee3c1efdd32aa04031685e778c581,1
45e9d24261b2e53cc9e4adc0fcd1059fafccb3ae400073db7972bea6dd2023c3,0
45eef01b8fe5b44413bfccb631fae01182ddbecc42d091547e3976a97ce33e81,0
460e668a617e6b6ba1d5a6294f72e83d0e99ad833d74ff8e0623632b149954d7,0
461853f6d0cb349366cf0220764905e64bf3f8967eedfc4a1115b3285b36eea8,1
462408b43716e48fd3879627caf2d50bd6460dedc435c017cb14a64b2ce164f9,0
463992d909578720a886b2a2d54a64cf8cddeb53beb28e77bcac714fe7866e0c,0
463d10f7e31d65ec617025a7cdfe7856c6e2cb957a12857f0f91adba70e874f9,1
46976fdd20fd738797e827c9aa17fcbb7fc3e1350084fb0d01a36ab9ed21f78c,0
469900cac5443cf5b3498fb660427b3e4d0e8d8ca14181bfa0458f95af6896b5,1
46ca2bdd8488738175f1ccc3a8ae16ed98671503a99459420bcab1118eb6bb31,1
46e4e6730b6ce21305137be04a92c2ddfe02750d7de80e2485581f6e8a1b25ca,0
46fc89d86e32d4296b9dee001cb1f8e845ee52b9c07fe85e3f8b9727b82cbad3,0
470b141e833e2fb8e229198470821e02e510fd0bc46d037ac7594654fbebd79b,0
47320787a3180fbc3568812c8a9650e51154fda45d118a95f0f6494dcbad4362,0
4746805d7db1353d078d0e37ee082b922fa7baadf4a9c9ff6573eb2946b29a10,0
474fb8ba376f61517c3f6dfa71f53fc24b807bcbd324ae32a7673ff41240998d,0
476938e41930ad6a82118e637b85af585a6ea65d7023d3e6404d707387aa287d,0
47ce191407fe6937984282d244d5433368fcba456637cd4ebb7d138aa03ed221,1
47ed0572a893039c5e9ef6a7404a0b8e4703dacdcca0d9c951c7f18e02ea48f9,1
47ee8f03eea89c0fcb721eb9a57d506695856a7123bc36a6c805144594040aab,0
481ad48853ee881a3929755559f9d057909d5eadcc343367b160cca19110707e,0
483af1d6c9d734b34da2d4591410b19d3ab26f4e3de0847564b161293d26cfc1,0
48492882736135c008725ec2c1a7b6c1aafd93d0866c9e54857d3dcd3d10a314,0
487fb5348f09c6ff4f3480c7e4ec3e311a35526f36b709a532730a4afecda672,1
487fd5588c6d81ad6df7bae9ed4ed33f04f01748b65cbe7e155743bb47b55f20,0
489437ac65c33236b8f824aebe6a05f4abd8d0b518460385e933ffa9742b5e91,1
48a718071c7bdf3cf6d0c66b08ac95bf3311eda0bff05be8c5aae372c28d3867,1
48c79c0e1d4d1d4f932bb7026317aa725e02c41d648ba808fbb31191895ffde9,0
494f76fc496dc4d8b79bbc1459bab4512dc7fd7be7ee279c9c060037a7991c31,0
494ffae8478cb54bad749c266afaaa0027c59425a64e54ffcf9ada7bf45b34fa,1
49508b6b3462dac86ba67bfb27a985ee6ba24712b1818a4bb3790e2412c25e8f,0
4969703ed6962e5885dde25d834217f5f5d728b844df1b447aa349296fb6e143,0
499ec4d7c0af7780af60a4e85486e64519790ec8475fdf09e2fd783972503b1e,0
49b86abd98036c4a98a29c0fc55c8bcc48d090d0c9d1f793b506f92c1dd26566,1
49c374dd7163d9bd0a77e040bdd48d51263b62379573fbfecd8345e0903eb398,1
49dbc627367790a9bcb7397a3940e19f758ad832e37271fcb6c9318df594f322,0
4a4202106857ea97c2d2ff164f9b9fcc619d36ab4951597f8d8842f221186557,0
4a6649d5442b69cbfb3271660f163df7ab87482527c67db24770103e67c71864,0
4acc4c746e69105ede2f87f6d041710b32cde1c15c8eede0bcd27d8bb7a9c3e1,0
4ada41c5af704ab406239b875ffdf1cc2361e8dbb7f747d312a1a1300caaf553,1
4aed4a03388d51cc2b70f7481dfc577499a1f19d7ef9c59a77eb12bda7c5d0eb,0
4b1bd40f938c45a792843ea5991528c689a8357f01b29a7be49f70a37a226c43,0
4b4098c7ab411fcb990c2d30520ea15779247bf3569529ebdd19ea73962a3d38,1
4bca2fd75cfa90fb56cd937d289f7bcbdffe5fc88c8e721ffc43c7c6b74cd800,0
4bce75835a23c88d4175bcf0e2a84e69de31fd16df94917632a99bed1bec1d09,1
4bd7226aae9af00d88a3207b79a87259a92d4b2c7d9c890500e7c190aef91eb4,1
4bd861ceb140bf122f57d0fc12080d7469ce8cc3cb66ade81c728c3b13d6ebdd,0
4c0e366bace4ea1647076647cfccc0b7c52b448dee7c3b1ca7707ba945e278f2,0
4c2993386631b7964c16eca08d25976b0740584b435de828aba7715ad4d23f67,0
4c66874ce91de5b01ebcf8baae8997cd249ac445be6a68e3b14c329d99506a9e,0
4c6aeeb2712e7ab5f292f884da2a0bd7137a0d93ba6caa5f56c5a7a158f00c58,0
4c9c45f951646b4a2074e0ce4b5819d19439f0189c4bf196883b5b8e97f785bf,0
4d09847f1aef4aa0ca629d2b1bc98182a3330220a70a2c396966581d16e0e724,0
4d2238e81f6d8a2d7b51c37f90f180af72fb2c658446abdb998ae16b8881e486,0
4d31cd5c92826da19412fc78753892ddeeaf5558bb130c29fe557ecedf359fd9,0
4d5925e8570321d91d635998410a3cfd7955f4e1db6147ecf61a6995f6f62217,0
4d7455b0b2bda65dc7b9fbb7165466caa82a71b521ed0636a39993b5bda114ab,0
4dab1adc80797a76548091b0e353d6e88bb467921b83b63b3723f23b775ead83,1
4dc35fd3cbf8fe0557a4f7b202475ff780a697b616cae229265a7ac38f8b35f4,0
4dfa76c74c9292d558a0b384ed002932fecffe9047eb0ff388af3a7dd39e42db,1
4e2ee6e2e27062af409e1720818eb38dba8ef3c8a07eeb5213d6a5bd59a055db,1
4efe38bca86a9979d58a1a5504c345a76c826c0c702faea05f27b87af6b0e24c,0
4f1a32bcc523f6e9c6e18bd244132a2f3e494e027c07be4f4feec9646dbb1346,1
4f2eaebc31d87f470153bfacbd5533f624480e1b6e282ab405e79ba17f7c1136,1
4f715a54a896a47c88a7f2754bcd635e9deae4d0836fdc4fd418cecdd00c7e8f,1
4fd431bc47004c8b61ced25cfffe3c188614ddf0ad0b344f7e349bcb3ea62990,1
50116e2b45a2a2ef16022a74928ccc7d2557520da7cd609910d08c73bb983a6a,0
501b0d2ddc1eaf9287c688bf11bdcb3b32a49cbaa8932f747fbddad75ac4ae59,1
502c996298acd22df43a16ace2d88304de159a310e5d2f04f423ec8b1e868d29,1
503a228e550c158ebdcd82f6c8c3dbf907b5ef4494c43dfd4b070e5520d559b6,0
5063b815304ff6250ecc77f1a4c27ac5126d60ae1b3ae12316f7fd7097f22b33,1
509565b1b65eb87c917c0d80f60458e7fda6155dada594e27680d521d38c9c2f,1
50c43f0a199636eb104e7a94b1319cc4f620c6ae30b852b4a8f5e0057e8950e4,1
512a0c4196dfd25ef292fd9b72f13d33a01ff3ab238cb700b3bd09994a642056,1
518477f9ea73b15564d1bebc027709f23e3d8b4f943e1ae2f1066f5c178031e0,0
51d80823f3ff75f179b40d387053e18fc0e590ee096747f35a1d7bd56c4487b9,1
51fab99b0832750dec837ebf373984f53e0a24bcb0d96d3d2139d7fa071accc9,1
5203f6c1f769dc363d7d194b34b5a85f024b6e713951fbbfc11b11936694cb5f,0
520ec5d171501fe41cfffb129abe250cc88f78a2c958dfb1e2007d6fc2cb3d84,0
525b1e71ecd8188dfd5ce77b7ad366d512ce841602b6327816e74ff71653ac9f,1
5268769c7924c1221a5fea7ac52c7bb6f39bd27e73e327e1c4da4bb21b66afbf,0
527081e5c24e16c5824acf9c0eda3d2e11e16bd374e616c934cd40fbd3a8a599,0
52976fbd876c68b144838be5af41cab241179f18aa543aa975df185a76db6205,0
52ec0a436f072983380ac61f434582b4cc0db43c8b0d56c1ed6d7bb9c71ae2c1,0
52f2b95064fe4ff59e7e54384cfd5c3589719a89b51b2b84504d311d70c9f9ac,1
52fabbe6007c90782935b89cbbd1b91e7a88b80b7b39bba3f446cb6ba926015e,1
53764479a58fab4c19e4e75850d388392317865e87e4949bd4bfbde9f6b83fcf,1
537ee4754eef52c361c79fd5d42cf6467fc95b63048b6079a8f1f413687a51f6,0
539d5885656229dde9f2ff46453bbb4fabbd15620ebbe4ce47b6c00818657e4b,0
53a70c5af917203f5cfaea12076392d23faaa4040433ddd06bf6c4c2270e201c,0
53ce870f35831f9ed4bd21b85853683dfd409855ab0734454169840471fc945a,1
543cf175a0a8906c84ca5bc7c9a7ce196ec34ce8188f64d5f900bc550f64c940,1
5442e317e94b393c31ef48e06e9d3f687fa0b5fdc5caad539b6e6b44a06ee0b5,0
54711d6ffc37ef2b06afb2e41358002cb3d3206b369e0caae76b8cc1748b3496,0
54a541bb869d22671987f0ca5cb6f90938c34024ba245ff8eb34b4aa8f81c6ae,1
54cab5770f4a188d9b48da09b80f86d92a65e57c98c6e3b9c11e93978b6ddfd7,1
54da856a73767fa4a37c1ab2d066bca3cc696f1ca8cbc19f0ca26c9cb56b5c61,0
54e8ff23934ba9effc1e86eca274a78aba316c2a77c1dc9cce7a5d7d9b745a40,0
5523cdfd653397fdeb5b0d689c36dbb6e47b5ff685927e7754eee465b01c208d,1
553ad9566ad818531459e6b5e5a55353b7dc3bff4c1068679b26e921c0f77195,1
554da488ad6daa994bdf3a707450759d1e87bf356e801a39ba18813f128ad072,0
55500b71e940d7a2697ff7854892dd9f0827e3aa517af9915d9ced118e1e58a1,1
5560a73b00162425ceb7643181549537dcc37448881dda698db1ecdc5af047f1,1
5562c442c22a9ef68250370a39161a077cac2dde0674fedf46cfda4fe3e83618,0
556f3173e07147ef81aabf51ebfb094140d1c965e44869ecf5abee0da598d141,0
557cdfc7d37fffd995b2d9b7a2a426d88449fd0fc0a9e753bff76b4ee0ceebf9,0
558d6e7730c2ad7606bf9320b6a4c6b65b5bc71a8e2ac9db9a06b639a144ecb1,0
55bdf6491a22a9afa9cf34d1ce76e263fc26d5da19191a205be974ec7e5d93f4,1
55c12c4f0add35487dc1728d7d2cf52d40801376eb3e3d4fca1fbe76d4e6f13a,0
55eac4b1354c61cfa5cb787907091e0fc58de443d3e160df5750a0e3dceb803c,0
5619279a5edf38005ccf8d1eb05a01ea57686d13dbaefa1cb17366bcc3243cdc,1
5619cdb222e36b373f8565ea60fbd2bcbe62b88623311b7171f02b4ef9ddafb3,0
56434581b8550856dd6a9db8bd2ea6450c7be930d5f61413466801845b924d7e,1
5659fd1c3650d06c4d9dcade458dd3d34684ea663d176224ce1274ff98844f1a,0
56dfd8fa74be1e6f3df3072faf5a3cf1c3de290d602c4c53e54d6c1c49f95103,1
571d5679c7f8817cdac20aef5a4f88efcf541f348c05689a218edd6e5ff78836,1
578efccd59a295a50dad9f46dca0208d5e0eca89f97895e6ee607403dd2f2342,1
57d51ce28297d12802d4d8f06a3430d703a63cc379b9a70da99d670b743c99b6,1
57d772a7db583f68e63204f6f1204e724f1c456327fdac6a20603d5f8a3d2a86,1
581ff0a96228a43074ec631f72485064620467b09f5823f8334bd1f977859f07,1
58de1a785612e00c7c81a956f8fd2e2129c2129375f1a28dcde5be87b4ab3b5d,1
58ff82ce53f756651ff7bca53ec56f977b825210e9dff99509c1afe2b23f9e22,1
59502092a9bc76e4c27c06f677bac0f4455d41beb940aa40aa947cc85269e8ff,1
599f9fa5074e2233a3d2368c4b7de32e1a79dc05bb562184847a0d55b8dc8f65,1
59a8bc1ee6fd66a485e7f91d7e89dbceb5eecd05acea1f4e242e4be9ac5d5ba7,0
59bf563add380d375c655c92b37985e0ce0f1d99ad9e56ebbfa2049e11c336fb,0
59d6de87f0486da000c9333c14755708fec65a6acd0e4bbf8fdea7b9fe693ad2,1
59d918ddf340754fb92bd576d33abc0827290dc2de5de2c6b7394384a0c48c4a,1
5a6712a71dff76428e319c96319cc78ca7fb2e4ae863edcb72f2f6fa8ac6c4a9,1
5a73cec24ca9cb6bc2d6500788b99aca97807657b67b0deca5de2f8b809bd735,0
5a9ae9c0b4c7372dd18df3d41cbba6aacdcfa7ac4bcb5c43e01bbd0cc9e20e2c,1
5ae55472113df5d1504cad1dbc616ec6cb137e8ddaebc0a9f2b8d55ff324f8c2,1
5afff47e416af103542d73366ea2787911e10e1dd233c52e9ffbc986f0fc5a56,1
5b04784c250aeef1038e753f77fbadf9293ecc09c7c6c533f603c78fbc0e632e,1
5b1ed857f2fa87013e16d7b0c754b8a72fa9ef8ad8e886684bda3923c88e7090,0
5b9713d60096b20e8d156538927b6aaf93fabd1eac4bdd7165af81562e926e1a,0
5c06b7eedc9878ebf42ada893e1f0f2ae6e69c30e7da57a53c4857d714f9f7fa,0
5c54f3c4296e3a54c661914c7f6f436cf2efa019b5428659bd3cefb18f316399,1
5cb9c4ab1a646166fc57a33df28950231832384962937a21f4cdeb5e7cd8cd87,1
5d02506f97e6fe013e466668ff6343ae8905ac1008b53019581e96ecd322d20c,0
5d41d29db079e9faf659e58d15d130f50ba8436e1871f5b797ec78d6fba48377,0
5d6228adb32b5b46ffae3b9a856acb9d0e96cb494d9beed1271b5e5dea6b43b1,1
5d80510e0f15c8dd34d1b16a44f00fe0435763b9a496f9df55007e53e9845115,1
5d8eef6c6ec2ee2cd45182e2280db5541a938a9982b6af576f21faf7f5454f21,1
5d9a4ccc4a1f53dd614b4793efb5b277e3e9b39b36fce0bb1e3335a70fa898fc,1
5da9c2d66be9b69a1d78116cfb72ccbc78517855cc3a0f309dedcaa515598737,0
5dacc46136e7ef39e312e9aaa4130cc75f003d6309630fa414f43e3459191c0b,0
5ddaa9ee209075ba74fcea35f3baa680b94c49571cbebee631dce626c9604a02,1
5df54d4194dc5956f93ba3e5c825f150bf347c31fc930cf6e91c21e7527c9056,0
5e00164c95b31c88d889d7a1aa248ff721cef6db8cbb211ad6bc4ec506f137fd,1
5e130907c156c4f0732e14fff22b4fbbe94c73a331272d3bf85092246d517b9e,0
5e1d1de4dc5ee55f367b2e0c06ccd2d541b6df9affc30dd748e9f6a40326b079,1
5e7ea95229d186a1f727525ad4d7ca5ba26ce2da95ec8568d63a7a734c5cb3e1,0
5eaedd4b82be28c2b918b242874b43dc3c90195c877459970bfd521f68918471,0
5eb703ae14e07aecc4220f6162a1a7f6543c4068a6948ff54431e7ed95878db9,0
5f16b3da5193f38bba7a2ffcfe58007d87feed641295f71e77bb8615126f4665,1
5f30e9f39c008ae9142f64e2ce5ffd9867537e4b9fd6c06ea2615c476e002302,1
5f38794935dd79cfcaa4b94a8efe134b442c9decfc1df085771424482ed05e9a,1
5f6a3511bd20ae71b1000e7dbbdf138f54dc806ab17e3111d05ed34ef7626b2a,0
5f72b1aa5b754e42d10a2efccd308eded84b014693a961ea52e1baf362c4544c,1
5f80a12bbc0f6234dcfddf47d654d9ef0d81a51383688f29dfd824f77addd050,0
5fbb5b8db2013ab9a74f3bcf68835fc0beea35cf8f5e131e8a44137873f62c51,1
5fc02a00c9f8ba7253a87654711bdaafc740127474d1f3bb9885f64e0e96c847,1
5ff9a12ec0f971077a99e46a101b79d11cedf018bd5f6a24fd24fcd0090551bd,0
6006c66b4e4a8a095bb62a37909aaacaafe57c2f94b563baf879ed39e84ca001,1
600a837cb7a397594b305363dfe9b8d72bc69ea6c11792b02ff311b300f7092a,0
6073ca943a5571fdf41cf4703e446ba2277aede1e23a4b0fbf7419d830904b40,1
60d7b0404509206de3f095b28c5a3fb14702558da4aecc51d3906c74cc7f9ec7,1
611703c1b43514e9d62f66ebfc2b67804a19838393990ede4cc563cd6c7371f0,0
612052fbaf4e1567f24195e4fbbee9cf588c506bfb921390a6b06e2c94c98a7d,0
6148fcb696f878e75204881c44c3ee236d2462e29606659a0c34b5f5aea46962,0
615945f9e243dc4c55ce86eae30ae9dd1b3bdc6a7f3c5fbb590c539932a073d4,0
61a0e371dacef4d44f8c5c72c798a515d44aff2400fbbe15755504e8a9781549,1
61fef04f32725d3eb64da6efcd73db2fc0dcb50bc02a0fd31e3d646f948dc6b3,1
62401b784319e46316527416dbdc1146187d6d5cc7e7da49836609a2d96fba07,0
62a0a79f1c7725356355c0546ebb0ae34f0ad7024cd8b71cdde4e5e2c2558535,1
62b4685f3181225ba9efc57e1bc3cfa2f4531e9047ea9acfc1e1be90ab9f485f,0
63023926263c37cfec217397c8ab480d1fcebc90de830c80c0e1f3b46fb7dd1d,0
630333a9803d7d055c13a0af46b48736f0c1b7aeeec95bf615b6df7e16d68401,1
6325c7dbe067e05cf127f274f48615df9d673a7bb49bde681a1c0dd4f7d76a40,1
634a969754395f404a1c1c296302f7c111321a802f5a17ed4596059806fe6136,0
63c13497aa03a4abed82be3f7805a5db8c448e8223bc79e9900a90c014ff6afb,0
63d82754df1e854c73b7d2c2fe836cc0e8735f3a9ef64546230a40ac190732f4,0
6403697721b1cf0e4749d0145524ae617af8e3343557597ed388f713f5982001,1
644aaaab5f7be4c353de1d3dba9c2d7409e67f97c84dd95df6168e97fb6b5419,1
6467b3a8ec0d394626878d93eaca42d5e5c4a6084c6f11b0e2dbf7561784d2ba,0
647dd9ab1b6e3a1922676d5bb593a7c6f83a9636a09d55d527d34ec7784b24c2,0
64913b8bff1d46062d74d4c9115414eff239135d6e61d8201c0c59212857fd02,0
64a1d5a41e5d718cd4ad236755d6055754d642929764438f12ce6dc4cfcbd74e,0
64b4dfdcc0ddbe0cf9f11ae981a552b540dbe8947b404a8ef2a2b5117e6edf23,0
64b9a30b21486842f02aeba3300cc98f72091d22cc5c25f24eb40037815a4110,1
64c844f0bb8971c9385923038c135aeb0b7608c4d87eeefaecc6364e40e20cd4,1
64da7d2d7ecd355ddff74ed1bfeeab9a4b5e0e0fa8b3ccccacbbad2837827765,1
652e31c31181aa1979b8bbc143807dc9251a75016b4f11dce6475772eda23527,0
6538535f15782b70aa59f085b409c3d4554df727333f8da89ed7bf6b0ef075aa,0
65652c25e4eb9cc70386f4e1dd7e7e00d415231a259fb6057135089467555ab4,1
6585db028991c274cdd9a39af7b868df01f61884c4b3087557447f9fe0fb9879,1
658c612d5201fa2b67d1d8e8fdc45e1a16e718d898e34e6fd8df65e689e7e619,1
65aaf34f63b481751227fe922d9785d13bd7ac76f57b39301a2314dd8671c35a,1
65bdb837ffa5421a344a928cedfc1df8e39ed0d99be56fc0c57c34b7faf425a7,0
65c5a4b9519f60b9b7649efb81ec2e6f4f45b19cc7b0dea0836bf4e239d141f2,0
6600e904c4a94d2e961bbdcba3c8ae69bf1e8efdef75586f49e5b8b92666912b,0
6625547314188ac923749dd5f70a93ea78901840da8ab4b179fa10d627d78e6c,1
6656d25513376278a371107139e4bed1baf3967c369a5de9a8457e0402937584,0
665e1fa3cd6f83b1c391a85986c6d4867030a061bb217584849ee000438465a4,0
6666b5b78b953e588cccbdf4aa5b81ec11d90b99a3f7184fe35b7253e4770686,1
667987140d015d3b30342ba207a4ef51008558fefd4ce1900630d90c326def4b,1
66800611e15020a4e6b2d5f2ef7e7f99fca2a58502b894bb9cfaba64019fe224,1
66bd7ad0bc72344a67752a38d48550700cc694e304e4435d1e1f92e244312297,1
66ec585c10faf7dcc2ef085b0121d5fb5c87046a8c92c674d8f3e85a5ad73325,1
672f61b5c8728bd2e7f5d2e8fc87cbb67fbe82dc5e896aca57d18bcaa945c308,0
673b9d838a6ee44e4e0490c086e7dc0614415f7e4790aba560795e4e73b736f9,1
676fa58a26b01805aa34021c29a18ac18774b17fc353288b9f7ab5679488d782,1
67c330bc7489d3d5a72f28ddd1d05b1a95ddc2c6e9201390bcf7037d47156f93,0
67c582a9910508f912febd829ccc8f8f643ff6ce432f2b1beff2462879d89f96,1
68009e690efaf323c5a2351a0e300091fe065d044b4dd7721aed9def44a70be8,0
6805b301c31c5df7e96d12ce3e2fc1e0c7a2fb02626b295a97eec24938ab2479,0
68116bc198f869551f94565c1c686ab6a87e54cfdea26fe95ab12aed1e8d71f0,1
68208227a4c504494910fdbc50734bedc0c736362bfd3853ae0719f08d63f7b1,0
682714c4f33b108e7aeb088bc5dc6faeeb3e7468d097728cee13b666a5a93ff3,0
6828b2e2c6182868e69fcf97e02da8c0abdd6f852773428eadf61347147876ca,0
684b438c3bcca616915186574b4ecd22ae9b8c840d67b3dff288f9910c187f75,1
686aa8092d6ff62c8f8ab00fbd0008d5402cb2c5861315e756d7760bfa61822f,0
68b8cc2d2b57e584a04155566cb50b710c2184eda55acbe3ef86ed7d63c8575d,0
68c7b24f16c94a3963b080e22d450e727d7b5ef5c3bc2df2c493b999ece84df4,0
68ed3ba7549054fcbb36877bf9811468857c6f5f4e33cf9c7d1a95b80d50d77c,0
6922d3aca3ca92b6ed51b1b953f9600f9a530eef6caa2f9d0ef5fcebeb080a23,0
692a70b7a927c50e250317b37392470abeb227317787fad067cf53b5bcb7f4e5,0
6958977a181fc12d4a3d3f268335e20540f978c443c9f89d4c4390616734ad98,0
6959be849eea21390542235e87e4bdd121fd3d839f3005dc44d2e40869a359e7,0
697581e126aff736a724afcef05643ec6cac6f5e4d3a7e8ae576c830be7a3db5,0
69bf986677ffdc98e2dd75de894a4eab837c06396c36be7455b4ecaa5d09e08b,1
69c85dff41a7eb07befd5d7ee3ccf319dbd0c5ddbf7c22b2e7414d4abbf63684,0
69d6b98f29ef14f142f0a39e9554a54041c70baf5d2c6162420e319bd87f016f,1
69e370f9e4f8c28acf4681daa3e82a495d7f7f2cd7f445001953d25be2b659f3,1
6a17ca68e6dcca8359d3d21553b85a9943d094005f05cdc5ff3ae2443b11a8eb,0
6a2121c5c6226bf8947802a7859ccac885cc4c1d4be09589f7daae777e5ff6dc,0
6a269710d676cc3812b767c850082dd0ec63ef362535468c45281caa33fac488,0
6aadd7ca6003c742a510221a77a574e8b2cd9bdbf5211894028596ed9891b3da,1
6ad45bb74c4f11b451348ec3133fdb5e152aa60059b82fd43f17e13733221e6e,0
6aecec157aa6ddbdb4fca21aa9e481258e1a442ab1f4876889aa39407bfaca52,0
6af9c12923f8c5edcea8c24f98a4659bf75a9b30e4e9a63457d826c942d27d58,1
6b0f787bbe309ce2dedfb1242ccb0161a33d4295a039a8ef438ef4baca62236f,1
6b35e15ad50cd3b18836afb01d532883db2ba89ed9609f95834ca5bf7732c058,1
6b3d3a822068a831eef93608e97bcc6b1a8b20b1bce231ee65ee4bee9c123620,1
6b49ee7e39501b660c4b099bab47ce47d13ff73d0ed2b91fc733dae9a56900d1,1
6b7efe51bb7a9864c4cea6675d0246ac5533ae81e06f3da320eb961e384333ab,0
6b8732c1039f615f2ce018a17da3951ae1f0ff59b6be5774f2a4b67a3d61480a,0
6ba4b065b4f0e42bd9f72252a6524a68ea56993a62c21740e388a99ddf377331,0
6c15410d07d3f9f28e888847438b005ae9d9428ec1104f7fc965a2b9bb21ef77,0
6c5549c3e806bfeb77051409f17019b8ff74487c856d07ce8f822581ef66b772,1
6c817c5cd08734a4c3d075db55c020418a6eeb0e9324ee65c1dfd417397f4f32,0
6d7092d21db32246eb0956a891e6af5e82b2412b379e698123c968357479527a,0
6d7deef1fc4c48b5f1ef004ff3a095cdce29b78c525027d91953ddd17d28dedb,1
6d83b873cdef0a5341e9f327d8b65af9709bad5997ad50ccfb05a6bedf176651,0
6dc806cbbc2595c693dbe5054953307c937f5a4c247504119abc6a244c7385da,1
6e0283d4b266f38a607b37cc6eb435f52cbc497832f41efdf90afcc09f32bc38,0
6e7205277dccf7705d89a48033ae4e8cd8193efe271114e2f30435421e4b7832,1
6e76d2c9195d68401a32f918e1daea738fec205780334b5e1f8193f79097eeb0,0
6e96209a525c35dc6688bd69fd62786aede405d284e748ecfbaaa88042bbc98d,0
6ec738fb2be1477c6560b5db5229cceeaed68feed4c76cd2703b7bf088cfa63b,1
6ed31bb9dd24fef1017507acaeadee6c9afe53550178393ccc0abb3a922361da,0
6f1ea3144a15a4f5b9d077c47d46309ccfe2396f93439eb66df07ba83c276ee3,1
6f8e2aae8c86177a3b2b6a6bbeeab2f1b1296114feef8b777a9b5acbb0ae292f,1
6fac18fee880b33b71a00faee8541281f85484e06c819309a2d343b4308b41c2,1
6fb966e78cf0d89f7060787d65f73374b27eaa6fd5f8de7b1e52e91a6ba0caa0,1
6fd8439f618e29c69b4229c4db54d8c5fcc4f3040c4aca60631edb1410ba449d,0
6fde6140b61fba87f1145d9125e56f08d5a52b88ed9022354ea1a92dc0c6df6d,0
701fca14a8f43b8cb57a784c79483d47acbdb5d1d20493d25ed048abb0987400,0
702d559ef6f87ddd002bae2b9da568e3207716546367ed8782ae1b65f05fd645,0
708864e7b9bab4e352ac352355d1019cd376b98384b0e16ded8c1ac58c38fd6b,0
70cf3837bcfe59ca2eddc701066ae5d214000b57883b13bbe53f938684047c63,1
70e6414934179677b118bce53dd67ecf1480125fc61f2b5af56f1ed7b72c9357,1
7134f5f3fa7499affbac2208dc8d9f2a4e1d999ec60113fd7e21e21008974c7b,1
714b6de0a544fb63bd8c1b8a4b4261d422cfe0b9b9c4a43f444f3029423bc8da,0
7174083a90e549599ea41fb7a3c7268be46e754082cacda37d8b6ac25372a63a,0
71cf43ae53f8da2b987d86517165032ed69e088badee53ea13adb78d2b14d3ac,1
71d211e0f8606a41974b2e4f5bd87bb7e14a9c1992ff95f74d1ffe4aefa5b400,1
71fbcfdb9c6fe616d7100f5aaab1ce1de3fbe5383c15addc558b862cb6274d9a,1
724b10233e19f992f07371fcd3911b63e2e7cf8b911ec7afb8b05b0a56ea0f12,0
726412f163848cdd606ea8fa8324660c357efd405a910256c6c00f8f2f4da5c5,1
72b5204e03339e2999ac167ea3fa92bf38152950270163c6ba1114fa37f32cd6,0
72d7b86dd1a4ead29134eae7bf3b5bf0fb5c3c8bced1c2093815988a4491b9ea,0
72fe1e3e8d2ca80eef6ba8bea7dcdabc7b53738e1fb044ef8e47c9a11c0b957a,1
73316d61012da02e5b58a86d06caf984c31b1c1695f1bdefdf91d60e993c8015,1
73480152629fd6580daa1dbcf7ad5fb3352dfd73fd884e7b12586af8891a8f42,0
737c3e7cf88dc5e6548ad2dbc548a99462f8f20639209d79c40eada6e2e64d59,0
73872a1c74fa5ad686cb2f8376f5664a0d2ab8229626118280d8aa814fe6b6b1,0
73b38d42da59996ee7b7a9bb421d5595cbf695470e304dc9f2d6cae06f35a5f9,1
73c06e42962c0308f15f20c9906e3fdbe6711ef8549e8d50e67030dd1f99b836,1
73d05580dc99e7a49500afbfda2b0d61cdb966c1cac51267bc8b9e778d29d43d,0
73e6abfd4c9e4f9178c6f45c64ffc1bbb960631a887ed086c6b0c293f568e2a1,1
7411917cc56290ca855e30afa7b6e7bb55fa76c90ea4717d579feabfc872cd29,1
74744d9ca9e03104be8ef2954675398a07d17b50c21921e0fc7278de6f33771d,1
7488d7b7dc0ec3725f222e02288c2daaaabd56b1c0d6a53770e22ab6c4663be0,1
749c81bbf1258f54f7703a822ab29ae1427f134da533a41e5ed1fd3bcb7c37b5,0
74a2d9e689aa815ae93fe0ace1ff0fc729c6f158f2e8a5c6057f649dc3b9f3d6,0
74ab54e942ea0c8015a7137ae7539a58e58a0dad6c442e0f4f70e9c394d005ac,1
74ae013aaff56de17156d327b898653861f6161fac1103de7af51f429d2ba185,1
74bce3ac0ad00cbab590cdcd40a87a5231a861cde2b859c24cff3f69df8b1000,1
74d57ccfd32cfa4cc8c7585593942bafbf19a8134137d7c724d962d6b410883f,0
74ed1bc63906fbd8fb637f5235ba80d1b51ac49bc2141da5df744bdf9ecba772,1
7536f0b745e65ba796186cb369489fdff9ccc10d11bfaf416901969424aaeace,0
753bfd3a5a8b66c65709f9cc8e2c6aa0ee4c385064eafc19404830cb76db5be1,1
75565947ce930e65e40f8ed3691b461ca008dda63f67ee31046aa06b9bd1fd2f,0
756ecfb7307aee8375098abb2e74d7d76072b47c5f9f7f98db781299d826127e,0
75dcb761bf9df7ab4a5198320024e81725ae28c1c823be58162fa26ae72b60c4,0
760b023cbd5ca2c31c1559a769daba8129a74dd4523a7f0a40f4108bcf087c1f,1
7625a8b26c06e7966ecf08982dd1543720dbb6414ba90e7c0abadcba5c76d7c4,1
7631be4102bca3cebc640dc0f1f06879c02cff925dede93d8b1483e8f266290d,0
764c463997a145c56643ca2d886f1defd2722ddc5c6a298ca0c53700e194f109,0
7662e5396a97c6c5be79d64edc54a039aec2fc35dc11b5ac9d6afa62a525a3a2,1
76b333847222f62c0e2df44fe5e04871569d4dca03ba0cbce2a5343b2c83050a,0
76e0596072fbff2989d7cede95f2b4bae239e0986297ea1770a8a55ab82dece1,0
7706f926b8af7ffaaca8898efdd3c1eba1d7ea31feb1fe0d8298dd62fe641aae,1
770cef961258d110af29add4b0f44fda8145787b25aa3ce5c7c5fda320453c96,1
773b63d5c0d1df500e28579c58f834504b0a04e3517627b37b2d1523bcbae47d,0
776102fa0de06551cb467cc421c30e3f2c413896a6a7cfe2962ef49feeba1eee,1
7790681e9107dde8da209a8dd0159dcf8ab4982d7004cd93f97a242179768293,0
779723c5a8a47afc7bfb7eb8e530f62b8c44664b41a1bad0f32a6270a0885d55,0
77a94a26a1785467a6119562b94e35237e9bb3021ab2a78ad86101b8efeb1003,1
77b9d5e5052e653ccf3687e337721ef8ba6ee46b8515477dc9d9d6ccc2a12f95,0
77cd194af9745cfa22261b3747a537f17ac811c1d76e3367561eb59570e91f0c,0
782bccae17ccea5856c70735ff0bcb6765304b3af35a1326dcbcafbd1a80bb6a,0
7830e04c379ac17bc60770ec430417859835ee24b2ace51ffc1d26c6e2ede53d,1
78506e0e50a1ae0ba344e64e4ce10e7c0ac744ba10a60922e91669c3305afc51,0
7865803a90b1b7776fae25f6dfed6209b119aef6cfd27155b47cd98e79663bfa,0
787e4fa8627b7053fea34f873435f4faa93880baf0ed77a58ef82dd08802c0c8,1
788c69059e6f45502f3eb8ad4bdd9e5b8e0e9d541d6733fead47615fb7e2d828,1
7896c40f5d22deeb7730829b72468ec8bdb0720a3ecf988f1aba89efd73f43e5,0
78c62544cc546a1c0a7f18844eb97d2d3c4617d0f7ab55edf55f74cda564ee30,1
78fbbb1f6dda76a260b3b64739f923ffd27c00f150ed9a6d03146bd9bea3859e,1
7915d808a47ac757fe3593b2e6a7f07cc2fa964a66a3731eab1172bb383f75d0,0
7917cc3525eecaeb6dc3f66afcffe213099b2459532c90fc91c1866fc09a522f,0
7938fd2a82565a68a2fda0572f154420e6fc9b399e38355927245e6356c3095b,0
794c0e9f71481c233c8437f31f7ec57ff25f665821722f08cc7aab62e2b8337b,0
79a872d750deb2f051513b1a69cbcff0e809a04e1a8d8562bc9109db62ce81ed,0
79c5978b93b22eb1dc433e454bad04a919d57b2ca09d15ae3c2bbaec83f0ae77,0
79e3546541de8450db700b96d2cb5d31b96dd90144f8c842e073bdce1ffc99f8,0
79fbf177e9c823bf61c60eba43ef025961e8c6dda88e642183997162c1e078d3,0
7a078ba7e20b232099346273160479f69f59f60a5c1545d875d486de919a6f34,0
7a08316fcdebf08b145f2ad937d39df7ba66450790bd64b57a007d8acb0f3974,0
7a145d873b606cc7d066ebee0d18b2eb1c4e7c2823770cba251b71b6f7d1a8b7,0
7a35de4cbb9a2cc282b9b3cd82ebb5475b6a69fd547d77f4d17e01dc618f28d6,0
7a3dd3b803234b40581c7549be86ae40520add13df6830d8e55a8ef0a6541c00,0
7a6a32560d1ae0241aad47d260eecffb42673a3f39fa10e6acf031172ce47864,0
7a81313b1ae3b96b8beeb6e04e676d6ce922b01d3c994a47a944abdd3a13d37f,1
7a8866da53408be9d867a671c8af0ceba09965bb07234b15075e16b3ab193e7b,1
7b0bf258968959ed9234e27ebbba8d9fedd2992ff2c0ccca9d35ca2e1c80127f,1
7b0dc74ade3fc3feceb2116fb8da2189ec0cf6ff5a92a8623b01d3d99801e852,0
7b622719b0570f5fa9b3e60418d799ba0a985eee1e2e6c8b59b77c2105cbacf2,0
7ba4205f47d4e8cd46c64cfac235bb4d07843e3e84af11a5408ee06b99d57c73,1
7bcfd3a20574b9f1401c7c9664922e1cefa45f44016748c86d4a2cc54935f773,0
7be40a8556b6b617b10a74daffcbc25f957d93efc587d9edef7246b94dc9e633,1
7c2ff70cfe55f88a501ba570e259fb796f33d72d437ab2fde365ffe1870625bb,0
7c3265c78efa92e195a15db767fa9ddf10d91c7f6ec35988c4042edcfc2886d9,0
7c53f24ae4dcbd3021b2c55a70373d62e6574632319b1347698ac9fe53ce733a,1
7c6d9225f63f8d3c45c6b011c1c4f76756fde3e5e9d50140ff723eb226009a86,0
7c7b2f37bbc59e3e274eee4b67582b548da8f943482b0710d1f0fd1fba05633e,1
7caa92a30a78564c917ede33c8d5624df6cb938520917eb7d1211960927a7ad6,1
7cc80bd86c9c16f196be37114754cd90be5768b3cad7a711af3f17bb56175616,1
7cdade3acea2967e81766db194c500d807f810212c9e207344e2fc2251d925d5,1
7d3d3546a06f00e3bf77805d237a5568008a29303b04ad5ec26600acd5c46eb7,1
7d4828eeca82fa82ec58973a1ff64e6ee0bee557da8c87506f96b7986106bb60,1
7d4b3bf3aa6b7143589965ac74f0de155c2dfaac5d81b9c3277cd2a236a786d7,1
7d692d499f5a887c4044df3a72b3ce01e517ae391d089ee5723d9f9c9e5e72f2,1
7d77538efe701ff6be3c52196199090c9fc3ba1f63e3c4e4137b0b6eb18405f0,1
7d9935d8290a9632a58e423714399cdffb71cd0a77dac343457f187f845f0f3c,1
7dd9e78e98796701e2b4b88d5800d5a80724e7f19d53db302c079c79105cd885,1
7e02ec1456295ec95fb4bc302b4c0932be1018e00be39096dafdc388c858f183,1
7e412a7b76ac5a1cb9ae7aeb7245ac2c5cfbd80a69562264edf48996de4b37c5,1
7e6f79f4c52a153d444ea7b1c40e1da5720cd1a2d3537a7d1577e7c95c41890f,1
7e7d51c34fa56006ea3251f44922b9f2ebba9a9d7c136db1848397e5a6f2724a,0
7eb0807eaafa84b10c330111b131489e4745569409bfa05b37e724c03d003fb8,1
7ec48609845453eebb97734db57f263c3e80e65044a2d554fc3a1f269e2dd8e3,1
7ec5fde95ab11865a85830e932f093fd3e140b2123ecd3aff0f1b6388e884331,0
7ec643213c060c65bcb638c826e3c14a25ddc15819a7074994bf4d5b6714b457,0
7ed5c820cd80a468a7bf5b82ee5394b70e937a6774163df931e0da05660eeb5b,0
7ed7103163978a8b2d51fa74a87409818b78dc6cc947f3670190ff63e5933a38,1
7eddf60737e33a719c04d3f8073cd7d53dc7da8a587c16a90ff621b87a34903f,1
7ef7c9646b203d1a1a8f4598146a0ffc0051e622197b6574518954794b174f89,0
7f1ff5a5f76e06c0284641b9f7d204bec44caed8d853b9e3f53ce0edf2138bbf,0
7f4cc011594770716e05f7b4a1bb400322ed7b422a3c3a0738ad95a821346722,0
7f5bfcdb606c14af0048b0e52ab1193b1636922318c2195f8622562b08b4f5f0,0
7f8692dbf3108a4a4c84fdda8158041ef7cbc4cb8a84972389740e3783d71736,0
7faf8f49f4d15b198c2df2811a5827dfd9e528460f14961a2347a917d98ebd21,1
7fd961cb40778521c662c90cce0291e24caddbc451c477e6e9d16c32282b85d6,1
801172a2e436222445b3d2528e8329679629f129b9a3747b692dbd8c45ccb5f4,1
803914979a9f43a9bbee34447aaffa923a721b74a5045c4845653be226fa75f3,0
803ee17c0deb64a9007fd5a0531a0b4f16f09987bb4ef2788147f26e58999fd2,0
809142220988d56d7c6dc08511d684914a4639fb9643e8a39b8446a5c4054012,1
80a66bc85807476186b014c6c138a0d7209ff1f09887f6c7779ba68fd0e03b37,1
8133cc85e4ae68c6c4cec4ffff50233d96dd5b3115607d5e0d60154e01c99352,1
81b539ea9ed9860f8e31c662d8f851eafb6883f233bb352e501cbf9af76f11a6,1
81ce0d52f4daf8697e0776c690994a709dfbab2b427a170ce775e6853abb1773,0
820f6ec2224cc8343599fe5e340d5e308b6ec2cd175a5ebc17c8dce37ce2e32f,0
82569b9b1d6b8706e35567e5c7570740932cba13e55180f491afb3ae262b69cf,0
826b5748e8854d3b73d5d331122d1358b6684db60e2ddfeefe727be12a1ef98b,1
8284bb838899f5bb0e7d958e7a31427d42035294f1a6994883e45f320dea51c1,1
8291d5a0648c4935835669c3887fdbd6cc23295d68a1a59fe80ff048c8c27ff8,1
82c8db88bf6a65dad668bee0beb57b3c82bc10aa1e0af082a2277ed105e9874b,1
836b7102e5dd11d9df00d3b227274cbe4597a3b5486173f3b46f31363a660e33,1
83aa9cc291310a9e55bced436c6129850ea688b05d00124d6aa889ffbb6ee30f,0
83d1b55c45c99fdb374524f8e75527f1bd5df6700a38a272095a1a985acdd952,0
83d338423c04440f98900b6b25fc5718d6a74c5b479795ca69801681d6e77577,1
83d815570b1de20e1db7facad85f60b6cf389d8f0d724322bd57cf7b10fb26ff,0
83e85abd1648f7d2851070e6a715b80ac5f8158728a564325de4d17d84e9df5f,0
8408aa348f30ecfeb90b295f42732728c7cd13fe494e9ccfaaea38b69f48050c,1
840921d4fe7244a46b429785e194321088dd1a6df93a725c8fd7793fd891c12f,0
841f2b290a174ea598f58fd129cd51faab6279044e49ebae5c7bcbed94b72e86,0
842442a5c3311a701b963af903051545f7e255e7d515f23e50f0f35b2ad3a077,0
847c697b9e57ee7950b03df0d819f2d25d40c637b91bbc61e7ae3410a041059b,0
84d04b6f749321181358bfa526e8a6eda61048eb57f35d157fcf755db78449a1,1
852b2086c60b3b726e6f95a6d3a18fb41570de26151d2a945b024f3180918b22,0
8570f9ed13315484175b25555b64c5fe439c5e9540ab0aac1586949f0a8d7d0b,1
85d5f7b5fd90afbe36498aa476fa46f5cbdb375c6a4b34339058a180b4793d66,0
85f13ade26ae0a25ca2c1cdd1d5603122641f5aba199fad3ebbcc1d8c8affa4c,0
86258fea98c2c764d5c8e6d5c997e99f4bb3c461e90a9bb8869281066ec727dc,0
862c501264240d8eeeb34df0a0e62a5b323fc7c7707325feec2bce79a902c475,1
863a72eb7b8bcbbd5b98dc451557336d64ab3de8c60213e31482aa49b489689b,0
863a7a6aa818a72952a791b07c1772da064ef92410e0f43890e786e1cd885d2b,0
8663e3d04a61db0636dd3524a0c4d6efd57725e83550a5758a7b2ae973482430,1
8698d2004219e4d46509f20a4af557e2389680ff52cf65e0b008fef8aadecebd,0
86d9928f4e6c04cb84ad8503219be2402f14d0055590e957890a936c47f74614,1
86eb8d3717b1d140f5fdba92575dede253fd8227a5d997107e39cab4afd656f9,1
8720a6b44c860e1f91c70ac814d9315ac8eb09c139940f7bbbfeae49cc0c2355,0
87319ed047f0b83ee25fc8494c12ca6d4a20fc466788dd4339ae647bdc25a904,1
877c9cf47753af57cd78aae7844ea9eb437fe4ed338cdf44742f573b1f5ff42e,1
87f52caaa25de58c60ab322e1c1baa5239ed8698fab8ba81cc57a27149768cf5,1
87f5a7873f36b9d05bea878662934acb6f126def2bd3ca717fd6d17fb54f621f,1
8810be947ef5057c87fb5e3d45307175ffae18ce3b9c5d179ef29cf48cf6f3d4,0
88a15989323ea524f26dcfc16a92f11a10292727acde28ef3f9e7cc6729f1510,1
89204bb9c84ac2ac547a01e441384dbb0bddb76b106971361e75d8cb0b0e8744,0
89276fb82c0d9aa5b516e6ea0ff5efacc74a5198cceeb38c611d9b67195f587c,1
898e116e229f14c85e8b3479d276def9a7c4ba5c1d85b0b0992938dfe9bb0b78,0
899632609270fa8695f54aec22e13e958df37c74d9783e1810c65ccad0d215db,0
89c89d2330b04ba3582d5715ee8ec75fa812d5f0ae0f98fee3e1f5d5bd96610c,1
89cf9822233852d83a8697eb914be99e728343b4f89eaa0a91922afb4a55fe15,1
8a41f2192b052c960388b0907453a816fd7eff7f5769fe0de5b4aebbfa0050dc,1
8aec42e2b5722d20fbfe3d3ee8e5c45cc7efbbca6f06cee6fa536d9df9f80675,0
8aec99dcbe701f786b5dfef88206d6f65d2e49c53cb39e3f2677bedee341a596,0
8af66116a5c6d0d0d3852016ad869106404be5bb4ea53e51a8b5cf02ca922b0b,0
8afb81eac27a287b5ebf836a51dc0e1616735d45d2671e7edfb819c71b2d87fc,1
8b277e60e4b027a0c0d4cd732474ff2ec4ed7ed4f858b60e0fe744642194a6f1,1
8b369b4bc70fcc848d24fdb3bbd436a8e04a0eeddec9a8545e90a2b4ed31c537,0
8b4246fcf2868054c3ac0e63cfdb07cefe0406660f15ee338f2b8fdb48fa3730,1
8b956417c7b085a7977219e4315789ee0cd153b74bae05fdb55dde74fb779883,1
8bac791d42a630dd58f31e25b55b19fef4b293bbb64ddda6417a13839acfeda0,0
8baeff637dfc2e1edb51f6d32f74888a4bab79062f6d44a2800b4c140ebff6ca,0
8bca05c4139345994fe8860f95d91d80b9490853a3371c0750445887e054a92f,1
8be5caabce3c3c1e0bfb598fcc964d1f1f7ed31b9805f502febfd40e53585cd9,0
8c0a2999580b839e87283682623e8a6fe41ed57727621cdbf0afee6546292030,1
8c0ceeec4f86904a0694db16711f97666847077cb66d9b8ae051548c17eacca1,0
8c67342f3eb3662cbc4118f091a77252e62296e454d9c90a68fd6be99a05d16d,0
8c68eda8c556f19a3b335805ea8cc0e5b16311459ee6a148095fa383da7f0c4d,1
8c73c6dd0f4645e4b7adb64188de9219a9d0b9586ad76225a06c3d98df4f667c,1
8c7f0b768fefe645f59eefb9559fdeb402bcca420c88345f169eba25dac1a764,1
8c8e9b6dafc0eeb090c4f4b0ea114fdd789a67bd09e0aabfee5485e2e874412a,1
8ca657709857f0b0eeb933b11cbd8fa71dfd9659f8c545acd3d0b7bed0e4a9da,1
8cad01bfeb1504d6f33b17cb83b68e87b36f30b196e37e0ab880bd52723150b4,0
8cfd9d6828d54484b9c1217dfc6a282e75ba684146fafd95f831c5a36130ba01,0
8d1605f542143cc90c4cb55911a0c5f4d5bd30d94208f23f92a419589dc31f87,0
8d1e28ef2eb8b1e4a17067d8358882f1a20b168cbf0c1d4eb6c165b7ed824e20,1
8d25343c4c01e09ab17e22dd9459fdf634ec9a15a29a6d9f4412f22fcff433b1,1
8d4c83bb7f5123d7fbac6b87bf2d47b95f56bb2fa91d91fbd90ef47ba9fd3b96,1
8d81f149d0154a24bfe40c62185bb89dbb6761cc129726504c7178e54839b0e4,0
8da35af37df2a1a759f7b6f4e9fe65872653b430fd45e959f62c169f26467046,0
8da541aa3f6020eb5d572cf3ba9ea25008ff51a72334c7d96770e29b4a0f2f95,1
8dac3112cacc79fc10a107c41fdb1e431d918b495f39dc684026af2982f97a0d,1
8e2031a396127f861bb0301d20484fdb1726f1d381c87ef58dd70dbf340a74ed,0
8e3a6ad77d10334a5e3127366b1126af4ca5b7c9bece4981c4620f9bf5c34d34,0
8e5401c8490ee001b6bf83f5c6f8cd00ed59cb4482bf8f5d60f3c7f85fabe0cc,0
8e690e1fccb1a4cbce229a8ffe592c1cfab55109eb47a2ed7c07b26f95161004,0
8e6a58c9ccd75c3654642a2ce2ca94d3777dabaeacf52c7672842904219bbe85,0
8e9b158e01a1c48d7923e5381a8429b0ab30834c389861b5ab7e71ccdc123dc0,0
8e9e13be115b7ae6665329083fbe83518b7ec56b2f864079029f962ef650bcd4,0
8ec2c7f82e14beee53d81e6f419059ebaf2e860631733e1e3b66d35b07b539cb,1
8ed5130c094c9198ffb7c43cbeecfacda2081dbbfa33c90e4f3cf730eef3bdd9,1
8ee8244f4c2899d79ad0a2097a5d72da64d0bb9a60899c9be96a933626ee7112,0
8f05bec934713580b9fb777c22f5190b6df5505be6e05b175374adb7d41b0bdb,0
8f258316a28f2c6d79ce656e53a4b86a934af4d35e33baa6970b4a3041575f63,0
8f4c650ce639426081ab5dcd71b172060556e0daaa8c3d3c27d13fb262496e72,1
8f552ade466b935ff062be7281bffc63dc204670c01de9a2aa31ac38a98e7c9c,1
8f991fc41a78e639375055cb57082fa7cf2c5d35c42f683106cdec70b5f22233,0
8fc3757e4714f895233a74b439870e31bcc9e2886318262744f56e2eaf2a88bc,1
904572fe3aaed753420e2b84cb32ad2a00018ca2b48ae716e4c0b0474b7290e9,0
90ac7ef56d0d9d730b397a07c8e1a6d3f878a036872bc17ba14f0e310fdbec6a,1
90ae5b52c4478efdb325c4d85e72d77990b1cb3c6d239b3dca8d38d51efd3436,1
90f663c88ff80b5bdc654bebe1246a08089adbb6c9963d3aa85d72ce568bdd4f,1
9105b96aa89bd8591269ee091cc00777520c3e7566e2e6295673f46f1432a294,0
91084e7468cdf2f589b4417897e896fc649cc8a047f0a5e64ae445b74e2141d9,1
9118e413ba90733cbc0b9a5e01a9b32572e30d0158508363c5206f95aba89524,0
9185a7464113bf3db7a1f42f5b581cd244bfdad3b6c23a355942687bce7150a1,0
91b6e86b46cd615e7a3917d9021085d3c5e0b28e2912c7fb6ecfdf79f9983fab,1
91d2ed7bf45751fd85abf659ac8d017a0415ea43b7ca434f02ed3f18b35f7df1,1
91df4a5ad1df4bcd16b77795d03758b78dfe7ff191ebabe8aba42a6f5f447c22,0
921b02ef43ad543b95209534f7019e585ca812f49a1a09b881e2bf8dc1f75077,1
923247aae92a268b6ec2541c3a39a3c2fce53b2c4d0fb23bd8720c89d6671d25,0
924885084c8a52ad743c617e34e2d5173039f3fcc435f755cef6bc33da8240e0,0
92b200dedadd8903188bb33816b4eea3fbce947cc0749ae788c8cafbfcc9d255,1
92defc2d749a50ef0a35ac2c8f0007867fc7a86698229d2e75807c8468f3bbd0,1
92e75914eaaa4428113461fd5a3c19985ea92ec42a1858376522cc6c5413732c,0
9328f52c3c6d98b5094450409684a04a4ec710f4bea9922fd8f0499d8f4f978f,0
9353d925b67d3a31e4d0e5732cb691a7ad4646c832138f0bc549b2fd25ef4357,0
936432682ae8c7f5c115b3b8ca73a6ffc9cb0c81806103cd59088f3e3a694e21,1
936876261de6d62adc4be2d70d94a32577ce72fff307957e1b438c64399e3637,0
93785ad23e91ab19fb4ed272b646f9f650b947a08ea2fa0ad587abfeeba31973,1
93912be1c78b4c1d8b2488ca59519c454291a9c8657f927624dda3c4a82296da,0
93d124ac3d49e037afe288aa335d78d37bbe27bfe68c3b40b9ad06bdfe40653d,0
93d6613d5c0d6f1d6b41c846268cbc8ec8b56804f6ef9624a46b4e8c5ee92b67,0
9450fc5a428dfe26799abd30db6da00f7b27c8f773d76aa4a53025e4790b8fe0,1
949b51f016e30e043981c74744fcf4793b8ecb749ca84c6b79de9e6be01fbda8,1
94c4094a87ef10e211f18ab3405f0aec26c147fe90b2907b546b5d84079a3e05,1
94e7811c58bc3c0a680c87d84e02bc9f2ccc99ca9bed57a0f45a073558060653,1
94e8dfb8a598ab17321aa9dcea36962da9d05d652dbcc10b39a92254f00c8ef8,1
951e94f69638260e77edbb524b8070d50ae37cba89e03a9eb25ecdc2f42bca71,0
95431428a73c9d74a23497fe688bdbf401a28c891b3b6bb59382793277d1a044,0
95432fa2852b654c200340b8c9bf339c22c4fd7c971a277662224d1bd549ddf4,0
95575e19cc5371ee787fbd05455c4bd89d67badc1dd7335f623f912eaf5055fe,0
956663c84e333713fa30d2196848219cc2c74972e9b08fbb97c069c880bfd090,1
95688a906efe132a3c5556576449be6d3213343a6e0711c063e895d69e5439fc,0
9575aedffadf8c7bde8389bd75ac2ffea8adec9d61a82c04473f6b594ea6f59f,1
959d53d062b6b16b188fbe850c92c82ddd3a3228a60e1a34a99f0ce43e89d3ae,0
95cadec4aee3dda90834fd6c16cec8fc8900b0bd7e1fd6e156b3689e0c38d7fd,0
95d13b4ec8e1730c6021b0d4987ad2afbc1491538759d12cdc5858c60ecd5130,1
95d9c85ff832f9488d2e1bb76c6f27f8a402291a5d6aa78da0b30119619678e7,0
961d2d99d945d67c4e851eea1d707b1ca90cb6443649ad52b8d62b71f3469557,0
966559e5d4175fd447180ee76a2a6b28464c80d5a57dcd900e7fe07cf3903a12,1
969efd5cca3c7fde687022516953e64e2414d594758cde62defbe6b901786fd2,0
96bd67077f2c448e233b5742aae9aec56bd223b27e1058c0495d4e6f60f2eab5,1
96d682f2625614dd46a730bc5cbb0bcf2c717db7212b0c3c62e97a132d358808,0
96dd96437012f93fd9634b720acabff1fdddcf33974aa75f4a2e39ab70724834,0
96dec5976f23a7adc4b9fc0b6a18355a4559c4082c0d323ae1c8cd650f2b049a,1
96e8563fd9df87d4094bba835c7a2be750c4024ef9c79217ac0f870be0633faf,0
975166f5398f9304f17b53081f91ca079ab5415e0a882a55d6059416c6687a7c,0
975a38324ce5d8ee0b08bf45700a4af460ffe51cb6dc828e60bb98ad2c6d2c62,0
9762b0d202dd30a997bf4b4b235d438253816c4fc440a3aa44dcd9f356a19a31,0
976c2f2505e2bc9aa37d5055c215bb558c6593625988a2e6b71c10a7911530ad,0
9774a62a6a848626e31250401cf523cae67edf2137a6f8ec13f017c8b6f9ea5b,0
977ff526478c92065383886130767ceda00ef503bb5bd38cc072b848277d62c1,1
97a7837e6ca056836e673f9e006eeb02d527485086684d95ad9d83fa2af2e007,0
97b102978a856c03436b004b2f17305ee3aa1432301366c56123c3299e415d7f,0
97c1a3bd2e75f49cf55e5cdcd930baf8dd39c2eb02fed505977333032bce96e8,0
97c55bbbea2e10b72de07aeb638a3b7c4afa2a5a9bee797a0bbb909e2f364129,0
97c90ddae56939e2b0e488e7d303dd4e0a1e29b089f834b770b640668a4b616d,1
97ccaecdba4e071a7b02e079b4d84c328c65ac9537c2f0e6549aedaf233758b1,0
983e4dad7de154025332c747d9fdfdaf6144d42383345b2f1505c5522518eaa7,0
98670517dde558b4c15f14d8e5efc99f388cdf81e1628c29c59dd5dfe6a9c288,1
98913bbc03f27d99d0c254c52c46cf116a334b50fd45dde5e36b7ab2d55fb4e6,0
989465b5c4f9a842768093105b127e7081b11a56a353d5d2218083f323229791,1
98948f3ea8ff8e29d472106b72588647c19829d5d0820feade148baaf0e782a1,0
98a029b86b730245ce700f97c057d98504cbb350cdf5b86504398a0e71afc337,1
98ddc8ed84712e49cc40538668cc2d55d4d95d6633e8ffd234668e26a87c161d,0
995f9a21c2d2f3d9511f0fa5f3da84b5fecdfbf03e90280cfbe0313c5ffe791f,0
99af20840f1c28a9b16d61eb4262c146bc3a061288c74a099f0dfcf8b8431d02,1
99f81e13f4bb8b3751524195de2cf5ea39bc96043f4e1c6afc6d7db59085a444,0
9a0ded5affe3a498d9075463816ab180ca12fb885f7ba80241be9d448d473738,1
9a22c4d45715ee72f7ff565c2f2b2f1b2a3ee8e7a7e082817f89e5357b7cc52f,0
9a4ddf6fb2c35bc4aabb3f9fedafe32ed7c9916fbec525a681d6b839c4d5df9c,1
9a812700b99a5edcc0cfc574144141a97df016cd7c21acb7e0d0865674c47ac2,1
9aa0db54c51dbd39353f73819c1925aa45185b49b5044cab6b7fe48a98901733,0
9ad24e6081f97a16f8bc94dda2b287e8465bed9cd3b9c085c02d48bfd7bc6c2a,0
9b0782c2c245089e9635d57ea0e8632a9763f2dccde4c64880a858c3e1c46a1e,0
9b111e4aceeb13c580255a4a8b92304e29dbb7bac788b7dda1d9276a524257df,0
9b1f5be7b05d20ef4117042a06fb1318c5111b6fe966754bfa0b5ac919a97c87,1
9b2f64041b1f907fa2dc767656a5ecd3e41ca3b9b4feb9904aab692f656ea989,0
9b525b7320a3597144289880f334ee34da88240bd30d1bb9b768eb6689950f7b,0
9b804a0edb8a2cb0d2b27aefd8555d9fc2e044039259ff01651fc2022d034782,0
9bbd38042d8c9bb152aeb553d346551b55912e70d0b8ab3fd80ad0aeb0a08077,1
9bc88e7fd73c2b56d57562477571c3e8f81612809075378073b294f31691cb50,1
9bd1ffceace564378c9ec0b8baaa4482072ac07ee70771b70fef1151ff948856,0
9be5ba96b4d6c1dc67035c770740b9dc150d3a4a4a9418fc9edddd9b836b5028,1
9c27b397559ade36765df4a30e8e82b0b3b9cdb8e6d14e5ca9fcc4afa5774c94,0
9c56f03b00e4da622215a3cdd4ee974b1fc6b2f6842cf3db37df536a8ac7632f,0
9c7f53cc42196a7825a0f5e3891e48dae6bbea538785fe044b6545a535e4d1f4,0
9c8c43aa5b0a3c67c9d0bb16f1ad489d077ee84ee78ec13df053465f7cbdc3c6,1
9ce33c9a2d1c804d23db341145eef99a84f06005e13ee2aff8ea6940d8cc4e4a,1
9dc2eb71ab40dc987b34b40972c981467f57193d632da787d267782de6ae79e4,0
9ddfa640fac6749c54a1a7fbf41ea61870468cf8980353fa2d91fc8358dff20c,1
9e00699ebc576b714ac627d4cd1243f48134b0685fa502e3f013f0af43c47873,0
9e05828dd21dda9a740f6ee77b5c10bd75700f69b19109f40220945229e2dd9a,0
9e57e90294fa2fa2fe0a767d1afff82376e1532fc23c4c8c4485ec6e25a0929e,0
9e74e664aae2e8bda1571208a9527f5fcaf9bdfd35accb79bdb9be763ed728ac,0
9ebc3c2f54586312552b2034526310ac24ea57c5f8c5603ce67e685ea97cf80f,1
9ed11862040805962cd23906cf54cf1a86d5c93d31348ddb3e1178856702436e,1
9ef26a337e85d188aaa7a1fba37e7aed559793e7b81fb8d1281301367befe45e,0
9f1001b597c9fcf9e667e41f0ba20e573617fc553b9bcc6bdd037e250aace9a1,1
9f1f64c7df84789282d694ea053c3aeefeff2f5dfc0be9c522269e9b6257cf58,0
9f3bb53dbf8942f76012372526660e298daa578aea8d653be2eff5c397d7320a,0
9f4cf3de8d1957bfe6a09afd7924dd77849f4e86f9bd980bcce2f15c83cb0db1,1
9f63ca1a72e3e97ff1297c9962b3b36bf2f3df2d7fca23a2d0fe1d126657d459,1
9f6f444b8335d9d6247b95e23ec45443c6b44b8ba6d97bd40c7c5df6a2da2b0d,0
9f76cd7a65914dbe312b6a3f80d97b304a82ed46732a39fa8b9c3839b32ba601,0
9f93aa30b858e2b6919cc965b1b855c20f9530be53ae67917e0a74ab20902423,1
9f9648f9b205c8e288651f370e52037d960256312c1e49865c84efe7cd31f1d7,0
9f96be2d9667abb7f749eb6d767abd4eda795cf9377d22f7154144c3fda0f3f5,0
9fb3cd8b983bbf88855582ffe4972fe4bb398861e7e7c470bba7e2bb8f5320d6,1
9fc601f20ad2369617254ab5babd05badd0a15edbb79087e32eeb2158e171185,0
9fdbfbc050e3fe23fffba1588f280532b7feac5a553624bb87a1dcef560374db,1
9ff8b5477f6506078d51ad31930ab64694300fc59701cc1e2bb789bd41716f27,1
a025d156c70fb02cd4d68c9f5b433aab92412d806ff6a50d9ece182cfdb4a20c,1
a0399aef642931412703698750fc050330ee304df261838b879297dbf5e1dac2,0
a05f9c52465679cc1f811617bea3bea6dcc3a0a6fb90fe0f985b55c7d6dada48,1
a13f503f8e7615644b93521151a67772290792a14cfb1ba1619a240d4eb32b9c,1
a1428df5df19ba473531972e238798686a1eb7226aafc937e1a911fae11cd502,1
a160e62e7a36571cb9a0c42e15e5940f97664aa8ff97ff286facc7ac1e83c2e7,0
a16ea6edef6a1a4d7e0b780cefbf336a698e1d0b9246ff12f77090b3ea218650,1
a17f6247b804285ab9cf4f4f969d3e31a378ea86e5391e05acb82f2d1f1ad186,1
a18ead1b24a28b8d60333c74ed3dae1dbf418ec8239c898b16a30dc4de644f8a,0
a1cea1683c76f5d164e4f41768d719c1ffd236ad5aa5cded207def71a308e288,0
a2084d9884bd48de63642352323bd7a572eba2f12453beedd3c342ccbe3ff6b7,1
a20a78e546dd97d2a023824023683f83c4b63b8a0a01a6d0073b95e9037d06db,0
a217325b1c744bd352a8a22db6ad675b4a95bca5b9ccb8a97ff0430649f9c0c5,1
a2295eebaa5f9f175cd95a2396d4bc8ca25a27220f2e2d69b14dc68c4ed40783,0
a264d11fcd589a90fc03762e349f6c41e9436e3e51ff30a85ca5722dab09e554,0
a273dba2d1488a9ab40564e71bc2db6cd64698bcf6ebb66a92fdbf1ce978d8d5,0
a277af40b37b7d2883599bbf3627332e81b98ba9146ac83af03ff21685b62d6b,0
a299c0bb73c443350d9ca0370f1c6855c16c81e27fded6f744450ff12285a101,0
a2c1721f3f76da61e0e51a3a08cc65cc91d0d8e92b2797c87bae874867c4a866,1
a2d2662c2903a35dbcf28ef8776d758e9742d8d832aaba6cbc2f5f556e4a61b5,0
a2e8fb16f261e89435490570fd6a0f23f474e573ff2ab14ce1aeb7dbb5b36153,1
a2eee3f80160d827eb99294c95b952d1a80f9c90600d263eb470ba44eabe78f7,0
a36da7ca776ad03dedd3837409f5bb10fe52556a1e4bdb8f11236e1bd7a0009e,0
a3a6ee77d64bb3b6cf854f9450142d906e9c1feba3f5e424d00116f9ec6e0898,0
a3b141084218e9b0639efd353aeba46d25ff535f4e390b560ea09361bfaf1c60,0
a3c4274d2755484257344781ebfefa9094c67613b3485ad9fda65985e04da562,1
a3d032b50d7473d45957eba3ff176b850b87d08715addb84b66d2aa73cc7b827,1
a4238007738fe1cb9e2425fc7ba0984e8000faf1567b172003baca441c33d098,0
a42511cc0cfaee789144b3e51d9d02b53b56babae0d36e6f014200af1826620d,0
a460bb232b4328f8134353b24c83fdcb8484122c46e05f9190831fd2f7c3fb45,1
a48bab372ce79e48522dbba2b7fd4bfea8f17e21f59c95a1a8f86dbfb4dc4061,0
a49c5d05e1914ed6930278514e9cde1951522b13339b59c69bb885ce345442cd,0
a4bc909d1ed0b5408f98d97dfcd14b836acc77440cb0e088b33ac5a6c97ad66c,0
a4f59429bfe859ef34921932347313e05da0df526831768f90c49a39715ee882,1
a50c35867b36d3876dbd4622f6f5790068bc3c49a69d009fa4f459145ada9325,1
a55895ecb28c18ea90f72eabf5c6fa4e53466c86747a3e7a84a99b93e5160e7a,0
a5d567229afa3dcbb3f92fb7b498acd41545215c5bf0eddf2d9b91a418973c91,0
a5e89f1a2c0c51ac8bfcf85389f2df44008e122a4ac19ef5354703770e6a1317,1
a5fd81778a553c8c08fe92f11fe67818d23d1c11bfe9676e333b6ca8c9eb551a,0
a5ff36e70d7f3ea164e33bf3c942021c003a3e4f09f169e56f9721bcd617665a,0
a60b60653da34c84e29e227b8b31a034f4efab9077f96fd369d387cd2a117d18,1
a6134040f74321f34b7ec4005efdc622b5a5ed626a662517353ae497d0424b5e,1
a668878518778493e168a6001fe7dbb5f107c71d07851fa7b9cbf28ce2557499,0
a6f7043d927187a96d781b6504514869403ff39d639d68327bd00c70e862dcb1,1
a7251050328f647ebbc8f15d677db8d0025004ba7a64b21ca9f610da4f5ea500,0
a736bfb49bba935f366db49c3473e435a9bb7aeacc869c4a70a99d5360e81263,1
a74a49ffd9a5f3d0c149e7b622245e3ff6024e16bbfbf6cd291bc23195b52dbe,1
a76d489289aaca825665c55de016e799bc460875267e91a8467117931631b365,0
a7769697efa38d578f20327f397a14932259fda7a9a354eb948c7192f6dc6691,1
a781efe2d2ff0e41a8d945721ad7021bf194e2be042be051d1f63d79377e5972,1
a79f7f47b85b0d1eb0c23b082d5736e41fdf112776569d0a42c6973fd15482a6,0
a7d455f4c1a24d49dbbbc3da588b738b41432c2ca93b2b6c3daaa9e15784143d,0
a7e6ba9d64b35abd724e2cf4717d7204f34889f3de47268675f9e4b7123ef999,0
a7f266b81901230230f40ab42ecafbda265ca3308f0849390b3747add3094dfb,1
a84bbdcbaebc0010795a0e56f559b2f7303a2c22f3694d51ace15fbd3f32c9b1,0
a8d5ee74ea4299156b84bb4bae6f3b27908a7d949490c7ffa22c6c2e87befec6,0
a8decb17444e555ee2bd4ccea683171eed620f3a7619950692ce73a830d83b78,0
a8e63667060c5390e481febd26f2f66acdb1ecde913e1ff9f6abea55d114f96a,1
a8f4a1d9d59decce6fed008907f129580555b3992f709e5b8646d01cbf3d53b9,0
a92049746fc948ea35d05b7d02224121b5546e69a0bfb3c3feef386d0a86f2f7,0
a9403a5e92812a9f5dce4ea2181ceba8a8d574abe81485512e5512a4164620b8,1
a95a233147231a0a8de217c7a193f5d9cfc88c3562bb3b777488f958fa6fb91b,0
a97f90c84309078dfe7193306b82bfb1186c008f215f2a10f36aa8db7b05c6dd,1
a996cd82df101de6369bd93e194bbb449e7bbc19377a4d25fa38e55b20241a37,1
a9a4ead77ba251dd968cc15d98fb94e404ee74bafe3db48dd3c0eafb1434fbaa,0
a9a9c1395c6eeed4fd75cdb816e58ca4018928442e3641addd09f43ad1fe723a,0
a9be8ea21b6763d804c800f2ae9577295bd21fb9a57a8ccc269d37b6bc17fc1c,0
a9c76ac6cff4248ae7d9dc8d8f2b3fbed4d5ded2255d1b5a0da4dcbbca265226,0
aa014737c3c6b490e18d10c24bc1394939a59912564c993840da97e6d47b7598,1
aa6c47c1e9ea2afc8da039e20f644e8dfd2f86834d6d44bf7e76b45a7680de2b,1
aa9266533ae9111767fa34dfcd8146626e8f58424c4e4e8ebbf3dc0fbb6585bc,0
ab013d615822cdf663e7ce04be1c075e9b6e0fb677ff9578ac2cf7a3d0989cc1,1
ab3ebcfd6e48d8e0b6564b5dc2b2fab6c1c44c5721497da7ad4354243aed4fb8,0
ab90f4a7263ee6aae4f1749d428250f66a1f0d3bb8ed66758641120e30c3dca8,1
ac0364c8688c8e1a7d4484d2f8ea9872ce07321e11210538bf8dba4272e4c690,1
ac380c495312e6c1c3e71c16612098a32d1e340f12cd92449e777fdd69f88c04,1
ac846bbdc76a495bcfc06638b2794c0377b3e35d1ef5f2e8dec771723e8ba466,0
acc8bb382163498a562ad723aff8dda3990227c578e42ce28b65d6fd355f5142,1
ace8dc23e02244facdf4ff84d67091d766ae0f6eaedfae5357e608a12a7f16a9,1
adbce0304f03634a44f21840380ba83bf214af7065dd7818fe2692dac4c17af3,1
ae10671e45d42bb18a13c0fd878444c50a53f54a2776a93dbd17f31bac11a48c,0
ae1fb0d0a6dbda3879157a216abc047afc8c534d2a9e644c90f9f0c7a72a1f56,1
ae247d3f4fa39cfb4b58cfd79dea0d836bdf8c1fbadac8c67d11670f6e518156,0
ae47ebfc79327e0957c2119e0f93dc14495ee2c574231a37f504bbb3ad80ca9e,1
ae4d5518d40269d265e6da75a0baa4b96dbdee7bc77c9cf7b30c1e1b00da046b,1
ae69b43326e278b893cf3ea11bbc8937f5a28593dad2141007e86fa6e4cf04e7,0
ae80c18e02589410845306a75114bbdbe83dc8fca680a5f91e1bf1ce4c890dbd,0
aea14f24d214b0755a35deaba147306764d86c0f2f7e025f41b33fba72ba2525,1
aed9282e9c5194354344d2e3d9ccc06dcb474596fa34dc60a0186d30d4d75c52,0
aeffcf09e9e2053a0f26869a6b1d22acfe4bb696450af76b7a63adcc25975c50,0
af0528ff3dd5cb092357c365b8e4686b17639809e76beb2320b54cec880d21ce,0
af0fd3831a6eb7f0abf92c74c3abc66efe86c9cf56e39ae4dc15292e161e8630,1
af248aae0682fdbe7346e669423c31752eac09969648d106ce4768bc8767610f,0
af30ec7d008d387fcdaaf827e08c481eb6216cd6f27b7b2e9c1dffae3578a79e,1
af8589a9040fa48f5bfdd5b5c5e1fb13afc2dc4e90bbe3a87a2ad07f868d8168,1
af900220087658358fdf10c0c9863c9e42e2e9133d129e453d3852988956e67b,1
af9351abef03daa8bfa31f03a96f9dcca47a1e2f5579b26143010792b9dab8a0,0
af97e23b3b215babcefb4e4e14b530349ab0e816a8fb75f74400c57bab6ce27e,0
afbda365564aba7f81e7ee4f1c51352a8d2595c13d003d441f34643abeac9e52,1
afdd92c2ffdae534682dfaefaebdc3b92bc6d0ec123909200e9397815e06d9e4,0
afe1cf2dcb72473546b1ad6e5c26d2f50c03d591cf74320bb2985c7ead52968a,1
aff671ec43e0b93c970ca6a359f3a8b2b852ac5077317741a4b928f44135e702,1
afff37ec6247a2c63dc7881d8a963dff545afb1a78095d039ce9806deccdc7e8,1
b0248739564b6c2036dc78b1916059e0fb4377cab1be14d4af55dc49b1d46146,0
b031c07e282fb55ceffcdf6a82b8c9774e34689293a362f77be6147d9e3f4dc4,0
b05c790800061af23309f4d2a2b11a922f49d1628da125645deff06d70546a44,0
b06913598f0070e05f119ddbdef4f84f6bf4d5afcd2cca695651adfcc795834b,1
b0903d5702a23c776d51030a6ce6386bbcb9f8eae399114b7139413c3b3cdcfd,0
b096550033b9f5299bb3ef5525fd3cf7ea0551078f42e8bbc69ab3a1a20daebf,0
b0b29de6d73e5790d1a5b303cb5a2a828a12b262660358072852f396f30b4e1b,0
b0b2b591734ef1a9022762dfd51f42877cbbc141226837518f4889f5df65ff3c,1
b0b4427148bd27333a06592f5225e81cb2146b470ff7b37d7cadfc20f2aa2a8c,1
b105f7770ecb5c0a3cc693a58b20bb70b7a756bfbbe2361330c651fa5e34b31d,1
b10c42b8f48a88f3159aa49ae13d35606a80eb371300b089eafadde5be4b91f2,0
b10c4925fcf288b7baedc95d3ce93eca99b7b2e8f2ae127fb3c40331be3defc7,1
b1575ea551ab0f541f2ebe22f7d4d10e9d35c92554336607cb9d62e5159cac44,0
b1588666fe17066204472be9fe32931c308fbb629c20c70401fbee7193163f35,0
b166c550ecb26321744defa176324915dc8a4f0dfecbb2f0471d268d123f0a7e,1
b285de0fd7f3ad236f0095cedc98e8e4450a553dfbbb9adbc36226dedb5e659e,0
b29aae9bd02757214c7f7d65d6bda3ab592563c0612a4684d544dd2090602b7c,1
b302af5e4ead2302f05a9a4ed3d783182662864c2b9de4160914a657afad0946,1
b35b641026a1c49c64873f2fa859a5696427cc9358dbeae19dc3417f8c6f0c89,0
b38d63cb2158e9cba70c5bb3033add34038f0c76b0b1bd9eaa4ac0880d876c8d,0
b3c42697495ddb00083a0459229c7043d00d7a49f6988fbe24ae3051971219cc,0
b41bcbe59dbde939ca3796040ca5cba203a9dce0e087b7fe394e378e6f44c75a,0
b426c3159c9eb5f9e1e86fb7caf13629b8b80bb0cafd0d77ab96abf5e938fffa,0
b4893a1c765b0645ea071c7de17c4f2d33f3cdbda561aece1bed9169a4686f9b,0
b4a7e12eb2da4b5dff756637121e52ff51f99b62a59c85838d8c6dfe084c3abb,1
b503a97f055233699cdb6a6563df1f91d2389c020f027ade144631f112e5b216,0
b51a0dc10dcca039ef7bccd1fec4cd3119b941316eb5835c8d94934afe56c67a,0
b522224960b0f04b385ac84550d8c7590064cc1e07533aaffb5ac0cf1116785b,0
b53259424c41e6513750c789f1eed279b2830f930f8023494d0fef5978d90990,1
b562d02b6e9cd39323b49a3dc68a3ca4c67c695313952260d266df04b846a3c9,0
b59530e496251c2a37ada474f52c13012f621571783dd3df463dea89966eef96,1
b5bea9b4b84b128a90f985a7ea043756aabc2763f3961e81e5a38628b52f9fa1,1
b5c1ea0181194a521ab11db899b6f100052ddf3b31eb2d5222f8892f886de4fb,1
b5ec9d6075d6828828a104571c2d58d7938cc0558212f54492c384a11cbae12b,0
b6279a427cdea3c53c4b116caf11d0fdeed20d36401e45fd074ab7fb2129e055,1
b63f05c5057c7274638e912e54f062bfd15f00a87b89df681297b5d52cb445ef,1
b64ad2c5fc649ad7ac005ef9b9a0131cf5ccc0eb40008af9227ed4658b3da773,1
b6932f09d9661afe12f5b53c84d26260d5d30a002b748b5769abd4aaae4d6617,0
b6afef579c089012f7c794e1496cd7919516bfba6bea25e87a2c29d884dec37e,1
b6dd4f9a8f4ce2e869b054013e29a4a119372f88c85ddf020c886f402222b72f,1
b7a39962691189328d4528ffab3a79eb1704ad4635b585477f86b28dc1780f5a,1
b7dd1582d4a0158c6c0a87aac838229dd429a2364a0087dd5c3f4be167042d1e,0
b7dde0a512e79829a67afd434df56978fa5b1727ef3f326c1d3949af44c61f0e,1
b7e8c6cffb5f0c9eac9eed43340459886075581626bdfeb20259cbe9f931af65,0
b7f1c647cc8daee8b59012ad5bb41332e3259a4d1a53874429221028a6cd5c76,1
b804249423778b24ee266bcb9519d8d2e547d987be76c01597b27bb8ac6867c8,1
b83fb35b601a6e361d9bd1b5cd325b3c275f1a41e62b6e6d66a724897b5c7f0a,0
b84e2808b84537f0c40897cdf0d1a9658b08e9b57d6180376f75de28b1b14a59,0
b85ff7d0d8c997645389125fffd3d30ab2e82ba4d206ddeb36403458bc00fcac,1
b8c29dcdc8d44873e0bc51a2ae1a8d79ada8588939d2f7144772d715e3b0ed56,0
b8c52073edddb724f0cadecb9c8408faeb3358c23f67a060093cdcde0efc9348,1
b8c5ca11dec48243dcd0137d78bf759e0399ec34e79a0031561c21a6bf805f33,1
b8dfbd017a5b327e57ab76000e7a6b02471e30f369698b3b10776492c5f79bb2,1
b8f28c98cff56cbce71e727d8c311b6c8cc6a97f02119c4917004f04c30e9ef3,0
b9b79b356680ef4fd17217f3b5b27682f2318bc865a2b7749fa998300351f142,1
b9d2cf1a77a1a9b31d6fb43cf07d5a16ee5a59947b42dbbca84ec251835db57f,1
b9e042d74b8f14bfba6d23765f9e5faa865f48b128c249526abb33ad83a7d052,1
b9f3541536962be26a4338852b84e7d69fa11c360277694b5764cc082f7cfe5a,1
b9f4db3b8d20f935f34a4080e156333282421ccddebc95c99461cf0d742b1788,0
ba148f9afc25c0b1739c4c22e7af179f5e0f93178dcb73cff1cb34e6356100a8,1
ba1faf9f4646d41d806c061cb41bc7f947b2cbe0ed2e5f565f96b519807ab433,0
ba5f50a738bfb90f2d89ce1855089849d0a6586a07d57cab72b4a328268b70a4,0
bad5f93ed33d196a8f2f37d3d65c0d2f09ae40833dff506095e1ac0abb31765f,0
bae39d56c5c218bf5c75362ae55c9f2ecf94ef0157e4ffa13ac7710d112f4d37,1
bb0bdcc33b86d25891e63c1e41946aba16d13c15181ea1009ab29f0681a8189c,1
bb0daf3930d95ea7e0d58de5519c94fe65d4cab85187836c9023d312d058fcee,1
bb1f6b75a8c5dbe19c498740fb9931164679b23ea6a307c3502a92abcb3a1475,1
bb4ccfd5c963defefc151eb88aeeb203b8b660100aa2d69da58b68154f2d867b,1
bb7b18a309bd4b1481a7c6feb058e29bdc30bedf27d9a960e8d2a2efa5df7fc4,0
bb7c663dfdb6d460964b60ed7fb2b1013eb9638c7f19c925ec5ac8460809ff4f,1
bbf361a3f6e4ecfc5645b4ee81b5de79a5f1c536453bb5a0eb1747860c2f5dca,0
bc1d4c6470d11145e70dea68ed6dad54285eae542823bd0e2292f5cedee9390f,0
bc2402eb49f0caabb535074f76d237182dd402919677b239ae6ed4278d893c31,0
bc3b464b4cc0e6bd239911c3b2a46a846ed48997fa806ff68f58d2bed8fd04ae,0
bc511b31f82cdabae0b7ebc8b956c77a9a56c07831128a146c030ecfc3c7ce12,1
bc5cc8f5069dc3056ac6dafca5c750ec3617ad2862d8c4e3e103bd2d5c9fdca1,0
bc736951625a065b264c336c3c2cb8f674fa2376f243f12f1c56e2e8efdcb28a,0
bc89207630bbc2f3e25e54cd59f5c38dead5154c6583eada976be6544bdd50bd,1
bccbe9f1c8bac0068a0f79db5a18b4ba976c8b97ce6e0ce5c3ec6ca654fb6440,1
bce18608f112b310df3c9283ae903c034c825c36e8d953ad4c379ce09687db6c,1
bcee769cdd108cba9cdbd73da04b6c46ca5d2c49fbf231ef5954161d022d46a2,0
bd0fc00dfca29d2d2fad4276691a31a7e9457c9f0db9d8630668456ad0d57a95,0
bd26a484702daa5b6cca9fcac0a0aef78ea0b24d926ece327ff55395144695e5,1
bd85554fad49e7d470684b797922aff9ef59b43ba1e8d898dc661a354dc0a1a9,1
bdaf815aff3933b9c7c7d66b941c1f9261fb51f2ca95c4853169ddedfe1eaab9,0
bdc4fa285c4cdb6bfeb87b9e5b2f8352d34b3a07b129737b15fa8ef459e6c336,0
bdde962159fb3a231ee00a527289c22ca272981d98f2ca619f25b7cbb9e99ba9,0
bdf50fcc5ffe04452d42800cdbb0b80afc999e442b26ebf231df4bb2acb2e45a,1
be1c3b812ebc25b8a175fa7ba843fbc456a1a26b6873e1e4cbaf1def6181e6c1,1
be28fe1f2b9948ceff03f0781ebd001dde87de7c594d7cb96a56db35bc54486d,0
be47a9d89cb6e43665d4787eb367d26b61d049b30fc0a3487f0675a60ecb979f,1
be80b1991c90f6594bacb74c3fed1aa08dc6c5991152e58b16257a324ad88f81,0
be949c64a4df56f451abb28d6f80c85cbd2f3a1b3dde04538428d4446cb5235f,0
bebf004345d806a7f138beac99d9a7b952ec0c4f8c647aff2105c380b8c0b8c8,0
bec9848247820b87aa19bce06d75b6ccdabb201ad0e04d547f8784f958327efc,1
bee4c9b269962a73295d631e071b9a0374f46c045339b4bffc9fb3c0626a77b8,1
bef216e5443e657d5364627f0f68c1df902431cfd33837f24abebf83ce512a75,1
bf54ac6d537420dbebe4647f47631256174cb0fbb4d7b96b7b6f2b12fdb1f91d,1
bf65e0dfaa84507931d6f09d3464e08f22428fe7bd1c70d5ff09dfdad0b147f0,1
bf7e6f983841adb271caec400c0e314f4f7719307ab614b96f5512b6cb51baee,1
bfa01e98c0a7b777f82252ec83f8f2002d577815f9c19ca6909b9a376febfc05,1
bfadfc06ddac2a7536b0f84a55b01abe41c553d83b63268987a378e842cb215d,1
bfbbfbfcc18eabde527280569b11878f9a459190592a96023caf8445e7aa6fa5,0
bfc44593a6e53b2b36d0d52fcbbe9e394d277ba718a69966b886dcfa4f50e9d9,0
bfd17ab732cd48afc52a6ea4eee117be985f239291abd25e89566c10de311acd,0
c072e9a4f4f89e5518905139438407bc24c88f50feac448afa58d9623254df14,1
c0773f9f4506cd7cd0cdd2bc47084f324c09bfd08acd0235dc53d279667e829b,1
c0c3591a9e80557a4c6801c47802f09795d772f5f189d623d17afe26dae7053c,0
c0cb5b7b354fe797b5e9fb6837df9b57e6b09201364ff17762385115e6cf61e7,1
c14a29443eddf2d532d1052bf42e220ee5bf1d9ba141e24ad412a2e6f0a29a00,0
c14e2db8909bef6775bc6c4ba0d937cfde84234b6185ee694265d2213485cf98,0
c17385f6656ff1980ea0abd0ea56fde906734b74597d091bc9ee95295601d883,1
c19f247326bca660021ea9886ea491b5932c7c07b092df0969190e875932a113,1
c1ef3ef910c39fdee1fdd53a8b88787c08f857c3a2eec6619ba3b455308e91d5,0
c22d427b92aa3955d73c468c75eac43b1a8fa0a150af1ff11365d79f580ecc1c,0
c22e796beef9e8dc0c3e5b77273453f5f698ac81e2409be0889c56f1a914fa9e,1
c24ca8ea5fba66ea2c80eeded648e0a5ef04898a6ff497b65aceeefb1abaf49f,0
c279f17f86dba48b1fff1b1cf36ad0e5f5f1962eb75f6012a01a8eedf1ac80ee,0
c2b557671ded7cae2a8324d4eccd43152f1349e7c95bfce8af72b0225ba0066b,1
c2de8a01d343bb11b5b4fbf5ceb7c0b68a5bc7ac9e97de8c24b3e973e04ae15f,0
c2fb5f7166c29e3908c331eacd3f400de9d0ffb178c3aac55a61a262950bdad0,0
c32e8eaf4f5b7dd80f6b972f7dc150691d19a3776a522a0652f99981720469fe,1
c334fc245c8049bf668ff029ab2322ef836dd11899a8f2875899bcd5d2c89229,0
c335e6a84e85e0774460c2ef0d13eb490c1f7125202d7bbe407647616ba6f4e8,0
c34900d32d69430b36608ef4ebdee5adb761422ca56bf906f9e18fda8224f8e5,0
c3b8f434911e5338234c08d63ab01710a441db5b9876bb8d1d8d6404e7fd9c41,0
c3e43c02fa0d5a7cccb5c57c43180997a5ef75eb60cc14f5e71146c3ff03d82c,0
c3e4678306ef0453d7c13d7b07c42b6c3a67bcaf79cf1293acf5bb4cc44a2146,0
c436a3859e5464ecf6e5a4fceef3022646520d3978ba30e3ed0dacb8151bb2a5,1
c43de5b154ce3d29bef3a17844f686eb6c36ff4d4fab617283f26945521bbe70,1
c43e95015798ef803504e6bd0b15ed0574f6c33a02a9c7939fa6a2aef23a32db,0
c441ee768e290b988b1ec18609be2c292dc7dcbb09f1985c04e30a1e023f130f,0
c44d768cf3b3f0f5e560716e1f09fa523adcae72e532f9eff460331c10a735bc,1
c45de35dccda3da802e275d0855fbf9ec9fcb2ce0b273e0de12d1cefc9654cd3,0
c466548ec6d2b80aaf1f2a1f74c03138b977a035d45f2d10656738d6a204e4ad,0
c46e543df887c4903072e0cb679207d5de08f34c10e4d8b32c4e94870d2a11d5,1
c4c20090898f75ea656655bc4d11162b47549d8082d37df9f856e63d8f949bfe,0
c4dd3e2a7932ed5275719f40b5a75b3bd64f84d4d837acd144073997bc4a3f70,1
c51aeaa745f0745ffee053276fd9708f1f0a96b6839e34c794e26731f075f283,0
c5218cee983a3cc24c18f6fdbde8f5b12ba3c692a408a40897c7ac932a28b7f7,0
c5681eddb30a526c6247ca9aaceab78dc7b996901c9fb0b21498277ad53b0749,1
c5b086e7e808a3aad7909a1b6b75fab147c4b96d41e3212821f04c0301933715,0
c63acd820ac5aaa3f0dd5e3c5b6ea1ad5fe8731e12405f0fdc477979963c67d1,1
c669f011509017ee9eb9f5e1765370c625daf0468e807073d3487694b196eca8,1
c679958378129262fc02571e350720eeef94729f34eb1285776cd921e17bb572,0
c6d654c8caeab3f20ed1d9b8285bf0d0039fcd5a5a86b8931ce68432a7523688,1
c6f161501f3f9bdd213a6a6d41f3ffe78a35bfdfacd7e16f6574cff65dcbd57e,0
c734d9bf2ede1f977add7666b08ca79958dbc792a47c0e6e7dad539e211bfd2f,0
c784995ce429746048f9e72266f8b4ecacff3c8f25c63ccb4deff89c90f7fb33,1
c7be6db1359a078d4b69104b349414f68e62fcd5541c694054ef0056376d878a,1
c7eb6bb88b6d582ebf327affdf8b80db0a6e4f3d3e8afe711a67bddac56878e5,1
c7f1cc19c0e93f0b9b42321cfb7dccd0e51883f805673a520dae91a5a2cb3135,1
c7f44eda2f8e56c27cf888a337925ba3a3acfa6f2d6349b84d301c04b1ee920c,1
c8482b1105f6d396fd1c751265e021fc4627f466c6686a2c1699ba37beb4ecd6,1
c8511a403f0ef19340b39d2b74c5b318bd2766212a19bac75ce1d1dd02fd95dc,0
c857c7e677bc290cdc049eac84288af2439fc4fe35a7c855bcadfc432e393066,0
c85d58f958bee1abe6cfaf33e066dfe7067addf150c9f5859ecac34137a4b510,1
c863769d122367bf3931d473989ea0fbe27c5ddb44a45cf241a0226da8c67345,0
c872347c9d824b1785675e982beeb19c5f8369205df3ed5c296a5c0408ca11ba,0
c8c1973770e3dd3e7c7ff0c6adf726c8191134cf704074903bec19311a79837d,1
c9879558b38824067e339bbf950276b532076e15c7ebacd6762a57a3baecab8d,0
c9df130ca08771bf0c7c5e443dd392c734f5e6e36a5ecde52363f944d411d66e,0
c9e57bb5b65ce328035bd416062dd02edeff565f6626794482ac78b3eaa57f0f,0
cab1ae643d7e3e7a67c96d7300d6f916076ab4e0f02fb63c6eebd008643740af,0
cab2c975ecb270c61f193ac943cb40eadd062f5b2e5cb96053c0c35c8830ae51,0
cab4c4b4d7d9938407b7bf7612a872b54fdaa3ae97b2f803a1d98aa701d2f489,1
cacd1ce98d71087707ada6521e0883dc73dbb6aa0a338146f4a4e87d9bbca005,1
cacd6bee566333de68668ccd9544294fcb874cf8230cf84e471f85c7c00b641d,1
cae4822c759a45b3db34543d4dd00ab981fda380c6f426c3550f01f42134e21c,0
cb18e0776b40ef56531f24cbbcc6dab48f23288f51b62b5452191c82c134f03c,1
cb65396289b234d86b1330af0168eb0a1c820a5462cb845feed093ea22d83c13,1
cb7e40f868574f8a835539f1a05f10c8f8d2303c9e2487b9b1bc4e24fd6c212b,1
cb9d5f48bebb6fb79f5bf1e6ca2e272746385d15b69c0acbe32c1fa150d93c07,0
cba17028263e218afbf9d9b138eab2e62f31e0e743f8ecf55a2df38cdc9f97f0,0
cba97fd60ee01c09f7f8235e53eb6ddf36bd928e134114decb2347e3675dc95e,0
cbb5d42ced7d66ddd12a32de4dacc9e04cde36e26d2aa53cfda9668942d56cad,0
cc2a327bd3756cf1d2c28562612af3bd3e42a0e6cbc6eeac59af3ce8098a9bf4,1
cca4f13255cdf3dedc169f341b3efd6d10ba44510457ebf138ab6a9449e9eb10,1
ccbf879d0e4fbb76a0315cda37967068f3183af76ca01117a469a7a5533f4ee0,0
ccc13e9590cd1a67a331a6f6b8d39c26f4f2b73730e3a355b41771b6df492d2a,1
ccc2a350838554c75f2730a49caac0a9bcda34e643537d30873cef68eca281dc,1
ccc7088d5a67e1166ebf20c2b4ebc0b8c66954cbef46074f290bc0cc2c704aff,0
ccdb1fb85fcc07a84189b4d5a181393a71b5855d467e9309730099a33f1d279f,1
ccdf2d51d563d68d30819dc624b7de14ec3c2a96ca9b21f0a2cfbf6f92487cd8,0
ccefd512397c100c2481a51b6830fe46e09ab8c7d0cc05f8f84549d24003cca0,0
ccf77871a3d6846f53b72734175ea778a188b0e3d9c033c55dcc3530855faee9,1
cd8358cfba8304a4dc624dfe1d2a59038af99bd89ec7f956afc389f776b7b12a,1
cd8673eccb9dadaf36a801ac8a5c9d3ed1170d426ead460cf86276fe21e39445,0
cd99febd11650a5de1fef68e29d2f1115ba192973ac40c6f12c56d7833bab6c8,1
cdd0518160ae47d0b7a5543223ff3e4467d62d18e2a8e87ed5957ef7464ceed4,1
cdeb4044e462a67a02170c5a887a9c27a6f16c617e066b38f6c2ff79cde7d361,0
cdfa6dc867d2976a97c954c128aa8d4d24d7a7f0f612cf6eb3ef80afd7790a2a,0
ce06da2cb59e00101538a61dd288f32651ccbd4db96db1d925e3ffb141b6e798,1
ce2a98538a94c0596d00707064becba81f15ef7dfa727034e453a49705578705,0
ce3fb77b7bff677b84c6fc13cb1e456a76cac19d0fcba3efe9e8a50b7ea5e1e2,0
ce492163261c6c3943158c894f650c159dc4b6d797287bf50e84c33150551193,1
ce53be9815c4b8e563c33a30ab12b9fad3ec17b0b4d573c46753fbd31234475e,0
ce570279437893edc5be1d2165bf1a802211c753fb327654d484ede6d65988eb,1
ce62c43b252a288bcbeb0e98801d5352f8716ce4ac073b074d981be497f72d94,0
ce63f8e88b9549691653bae834d7398910d7f2920b94c07af02f32fbe1ec1c20,0
ce77262f35d24bf5a181a337e5d16d3d5bc67c8d1e3083ed9e44655bd1dd3c3e,1
cecbadb12cafcb16c814b876ac5c2d5d0c76a71b3a74b4cb4828b1217f2d761e,0
cecd344615428f19cb037763a6685b672166f016002e2fb1f342853169d6bd82,1
ced5414b06d4d2c5850cbd6894d97ea5629fea36cfb5dd2070b09d51fc718e0c,1
cee8370882ae81ebfd1152a19623ac8ecfd9284d34948f8be9a95516b5519c98,0
cf355b4cdb2e34d9226ffd650f220e34e61b768e53b4f48c3bf044b88040a70a,0
cf55e3ff1e7630470938d92a5ec1bf2a0780e75e91ca441b33c939f137f690d9,0
cf6a80ba7b7f4432ed67f4992bb22a9ce18e69a7cb88e65d0409d6d7ae59006e,0
cf6cb4134bcca3e2d6ae1ce531a0efd3092bc3ed299e82dd05f87a3c25051b91,1
cfa73a9ca2a9cdbcda679c2f8492ff20baa3b1bbd59f08c28f1025953ac1a8d5,1
d000ff246e11a313c8c4a22805ed0917e32a5e706b4b769505373b04555c0405,0
d008970d2f3a638f418862c684583fd69a18a931675d4d545170dba7daec1c38,1
d018bbd9ba0e08ae07a4ca2d5e80c32311e1655555af855a18d39f67465c3555,0
d07261111a4e44d45964875fddf9321494c7b705c4630858ffd799de8362bebd,0
d08518177cdd138ad63db2f324aac0a9984fb21b41d1993119a9613ed3317d56,0
d09835730a8b7a3f5a1bd1c6b535d3a599e9ee911d9650da777880ac52f87a18,0
d0f89b2e774a7e20fe23503fb8324de576621e98e337c76a78081ec923b200c5,1
d114bdce7d127f72f66889db9c41501b003f03dc0a8b17e7bd29ad61f8513781,1
d12e09e9619e1763e428c0c0cd6dce5faf7a23261c2899285700d439365f9e1b,0
d1990b3fa10c0985ad014647eb6a5664c14609120015934fb3016371f6e0fabe,0
d1ade2afae4585d24b62c4722d743803996c00578a1a0c1a658b43b2d794b02f,0
d1b2c6cad1508645b2bd06ba97f7935d8dd55981dc57bf2899450d1127f7fa97,0
d1dc37a61edc96495aa079eb381ce6a0fe95485f8934d5289f7b8ac725bf1935,1
d2465b596cfb30ac4862b1176fca4b2a9fa638cabd6964a596d3388f7ca2a79f,1
d2747c50f5d84327ded851d8fd39dd971201082329b838aa052aedeced096121,1
d2b0781485fb98b044a49d15f8197c459bd1d0d80a6bf46c477fdc948270f33e,0
d2e6a31e3b2699be190ba859fac7e5b3baf84d8dd6a270101c5670222d2b5e59,0
d30d43ccda32203cddb22bed1781f5d3b17332fb17c451869149e6166ee40745,0
d31d472498879ab361ff6672d2970a84ded62c8936690fa93aa77c80ce9ef067,1
d33763f33d6f622730488e3cb06455b567b5431252b9d8ae94497eaede959484,1
d361ec973770d64c67e99e5cb2a391487d54b9f095bf2ededcdc626a1e29743e,0
d3b83f86c54d19bef02092c7a67a42e3adbbd7eb62facc7978c7c81066810052,0
d3c561096b13ec57f13ebca687572011063be1edfac674813602f911f05e5037,0
d3e5f7b251e74e0d55c24034469208ff842958e8371f4f42996e37e3b5cebf16,0
d424d1d1539baacc4f80d24b66ec23fde5485f2345c49844d9036fcf65581b47,1
d42d7efd6907574bf5c50cfae2082c62356722f617ad5ccda1f7c2a4de19c35f,0
d45b1ac6a34b60c3a266706e959c041d5bdcb5315ae8c3526b0b3bb5d2538567,0
d473106da077e3f8ac5a1fb3b96d9aadcd78268e15020fdc56fbc08ec5becc8e,1
d4984b6786789d50a887fd09ca71fd2b8a254f8eb7b43d00301157d0b802971e,0
d4bc2559d7ec00663cdbdc8fa9234af90aad1abe1d788c591c6de79836c2f165,1
d50bb3a23a3b15a0bf2d4148d2abed892c02af4b9f0ea372e5f1a42a7eda5d0e,0
d52bcc274e15ad259f57ee0f246d5b0aa1684f7f643e4e302d3bf37eed4e5092,1
d551f88945579c7b500e92be7adf4d2e54a772d33e20d71dd46c581c0a55222e,0
d59ea1e1ceed80f4eac1e2536e9a0644d8478ed6bf89168eb2655018673204cc,1
d5bd62cbda48b6aeffa879cf593830948a28e2b14035fc13bf215704808aba3e,1
d6423a70a3d8c2289b6be15536c92e936be3a09d68604a2d23eaf11209021726,1
d644bef0bb4d8826eb400a19139e74bc7bb25b0032934116ef78c49347713fc1,1
d68cabf9c6fb99f431cba944786395d6a12cdef2e2fd1e6749b872a38a1e6efb,1
d6982b4cba636836669e4f0383c0840ac43b640318aa184686b743726e95d6f0,0
d69f6c56dedab55bb67e186b9aa79ee1b37f6f7230b3e4bb9d2e684425db97e5,0
d6ae4f21b24f9eaba8858005718c7b932ecd813bec7e63cc82c6bae961c72d79,1
d6c3bf5ea0f38a6093f97b5ba1a89f860f2f9e0fc1814babee982719cd211cde,1
d6c63008159b86931dd046f9a168c80d7b1bb53a431ce99d6b8b3afe2a1fa35b,1
d6d377dbd950ae1b2b59ecfd24e4b3d12b4c87252e9f0e56afa1582a31ba2cb0,0
d6e6e6cd3ec3ba2dc8ffa8919bf86e411e39c229d2f5c24be5fa998401540f1b,1
d6f583527acda3edafc99575a318b240a39229f58705d2c974f4177777c0f752,1
d6ffdde995e0e8efbcbf536f50332cdeffd1997602673123286c3e0bd3cd0af6,1
d7331b8ca3569a770613210e8750c262cbb12009ab0313d36f1615d85d987f65,0
d73d230b6270dac7c5d8012f0122bb5b7e49f86b2ab413b138ef658c4dc9b071,1
d74a85aa3dfc7f2318bd365691816fd1e7fe163867604e9a4d6ef57107c10b28,1
d775161f0f231edb028dfd3291baef6b944227f6b1d2ea79c724bd0afa072f2f,0
d77ecbbbd4a6c5fc8b82d0d62f42f45436f660791100850212200182ad53cfd8,1
d7d64679342a9e6e8ce239499d4728cbf5e0e458c10664b014ce6de266b6606d,1
d7e1418ab604b3a5809134712217ccee4cf86cc1cc21e32f2a9160e5a600ba66,1
d81f968ba710d673426853d67b1113cb0bf26eaa6d54e9d52219be770843d566,0
d84c6dcfb049bdecad96b81efa58d00c82c316dfefeede11203604d1569de122,1
d8527c181b72b970933d67edd3e56d6d9e454e8b95a87eab55721946d14f1d2e,0
d8606f1a100370f5dcb25fec2297eaaa60a8acb2b6f959fde54a9e2e004c8f39,0
d86618aa38c68f2166161803466aa0c07fde9403be5820e438dee2ebc82f7c85,0
d8779da652ebdd3915351792db948754693874e3da901f0bf74212d38f43c8de,1
d8d1b9a26c5fcef6ab5d34b121c7bf92f3f95380fe68fdf1fa4146979fd9d559,0
d90201cd5b5e7947e7d49dcad6a6fecb7fe7eea6203fb083107f77ec7dab5458,0
d9a0420d36a8612a6401f13da4e40e8c00cf3cd069e599407d6cdb35358e7500,1
d9b762980d625ef199a7663541cfce72a415395385f8aa75b0f2c0fc2ae46ac0,1
d9f87ae6f92b61c5e47b7357452bbca43be06143d31cdc12a69516e81cd918ac,0
d9fecb2474d6dee985ad92b24abfaec0a9d1cb3541da5e7ec216f0917d89adb3,0
da0f3eecd5bdec3129858e145054c1905c390229d5a4938930ee38e128ec1757,0
da200fa795b5ae254524d0532002e8d1b63f665ca152447c3d8e4d138e55ac6b,1
da5a4c10da382d24357ff99a14623bdbc86a741a3f43d4b48d0596f7aa4c4afb,0
da68192f7a45d81df5104d0d2a6eb3df1a58dc3ca166ecb76a8045d91de3fea5,0
da73a3ec529c8b08507c75199cb8e1b7f6075ac2f15868c6dac9f7f54134adb1,1
daa56614e135c697286f725a79e6802b0aa74eca0c28bdbb3c4e1e08136885f3,0
dab61b961e86a40222e1ba52460920b733da29ff2f19942698d16dae4a995ab7,1
db0d22d8cfaf9a7e186fad4aa3422511969b46585a0ffdbc97c53aed23b877d1,0
db2caabd02334099156f461b032023e9db3ff94f91bced8b0eb845f82f7f9083,0
db3e1ce9cd6a8b361fb5f77180f473ed8bffde27d5c815dd830ad2d139d51839,0
db4ea6cc9c1a15e9e0d8429b48486d63d7d34416a70ca3aaa089b892daa62ba8,1
db5aaf2bf48c53cc98916ac7d7e414e02bfb4e3ca36695f226175dcf74030545,1
dba6b7194e789307677f289b787f02cf36b066233069e6ee8e4b9293a3f982f6,1
dbdda0657514455c361c19267559d69a334074831651a8b6a33dfe3b8717b10c,0
dbfca554bc1e0990d58715f4cebd88bf00a03cc3e8375758f743691d56c045f3,0
dc316630d1a052e092d5f4acb83404942009e27f01971569a0c40250f144a2e8,0
dc475660661483f2558de5adf37f0e9332efb55dc76716a4b48f45500258b44d,1
dc4c7f3a15ee33d8da20976e6d0198773cec3cc64932f485c648b874d3144918,0
dc5cbd16b9b8349352df1e7deecb54ef18cd89cc9f3f092d0fef4d978e302f37,0
dd347cb874f33868838b7433bc91742e0c8ef17c7dde52b60660536e48d0b938,0
dd51584ad50b703dfd53fc840ae9e5e3b7dec0634639c9406e35b16c03251d44,1
dd6b27e026870b75d141ad5aba6babc9cb2ff5713ecd491cd3f4f7fe53f4b6dd,1
dd7120b1447d063fedb675c079682d07f2be87433cf73f59c23c5c5b17fd8230,1
dd7fe87e46b87bc19df4dc3b6f760f168d73c4b60ae3d69b839571620c762e5a,1
ddbc613aa369ee13c0b57599110cf03cf09e4d0cc22d8d54b557ae48d2fdb2c1,1
ddc6da4674209ef9b206686c6e3d62a771b6bc9e34b90a81da417f628e0371a6,0
ddee8e4a30b6c2711aa63e5030b6fd94e14ff5e9850ada6bf7f6cd9807a94405,0
ddfd6022212d8163a0ac1f1b980577e1ccfd57d50ced3977b2b86bb44caad4cb,0
de00f127840e823567a5c7a28cbdb91e2f2bb0c3e584736d5b4c3ee4f6ec9f26,1
de16edf3684393cb9e60d74fb8d7e2cc2b4ac92a9921cb0943ccad841034e7b8,1
de7db8c723190c98dfbee961b0168d6a25c1428f31e7b4a88e46f71c43bdb9d6,0
de95c479414ff11f2ffd1f08937c460b073614433c30dc782e99b117d6b10626,0
def6530e3b090ac99693860a92bc10370461e90fcfe85877984b7bde50d360b6,1
df0773b864b25944f24e5b655f010739c8f3f175eb53dfdc2dd0cd40d0058753,0
df4e2e640ae2f2df7e7087a3595d450a912b793b31e1f6beac2f514c40748fd6,1
df57d47cb2ef1bf9ea4dba76276b7cb73d09d3e72bf32153b6a6e7df03ac7228,1
df5841a0ad3ba395509f933d528d52ef086ed38489fb24c8261672b48fa22568,1
df760870be0303db997a0dfe8c8dbfa8d7b23f17752785856efc4c261ffe2d03,0
dfdd83d00807041b3ec7fe2f11c1927841cdf63b1d19e971c01f1fecc57e2572,0
dfe2897adb75eef85a1fd1484d45e9cdb383abdf2ab7b034d2ca5c6566961a39,0
dfe337ec09a046493c435a7f129ad4f8401d43e86391889419b718980d2334cf,1
e01271b083fcd6d8645fcdfeb40ed214f69b246335245bb66da3daa259d16672,1
e04663ed79d748774e90280e47b7d44216a348accca2f37427f9113357fce18c,1
e05e55070c747c5ee268213b8a67312443d3357a9c929b2611476e3430e8d3ba,1
e0693fe8a6df850e3791f9c3b99fd01d81887ccb0b525871e52267a327dc5285,0
e07badd9164f54a63487a844df1ef93c7cedfd8ae4de7ed1534ef24029fec2e4,0
e0a5a447ad691a695775cf85b4ac55eed4e296a08f7136768376aaf4349aaa6b,1
e0c846ee65f0aeda7f37402e5827f19740c31bc481e7641906d7639f918b7954,0
e0f9cc07e4cdc3a0970314f6a52dd8fbc438892c01bd493f59ccf01bf1471234,0
e1472aaba9e11300e1d9dadad88f0f90a265c35fe87aac448fe1d32c177e64ea,1
e169bc4095d9bad5338ca86cd06ea4f7d769b6ed1b7592a4e36db5f5a612f5ce,1
e176f7783e738a14e33eb939d9c998fab51014f2c16972e351184d6a81c199e4,0
e184e5d1a1628c218f7bb13e38559243f8b3b35f3e6be96f5c5637651e411615,1
e1864d02b84ce5989665617eb6bb0a6d02e7082c74d64bfecf4fa5d0114b608b,0
e19b83e4d7e29911317117164d7667ed0e4749d077cf7a7bf783b12d9bab05fa,0
e1a490b7f153b9b1c7c5d061831744090b16c94881e0fa434cb8821afa19b64f,1
e1d419b87fa6b5f9324b0df404ac1a77dcb3b683eba1004d5c28a16bb09efcf3,0
e20f65b4a153677135e0fc1a5d359294b369d2e2303f27c9d89e5a145fc0c977,0
e2474082b611da9dea64200a0c226dc440682876442426eae5ae5d9c1e28bc14,0
e25103e3bec4b34cbf309fee75b072ad393dea03e3614b24a824831714c768d6,0
e276e4925e748bb3318bbdd80d06e9ce5930288f3f9a8a62f0fe48f322986806,0
e2afd23b48225cc25784cf39adf76d4b594cbbafb376d48465da56e895eb883e,1
e2d4ab74e5b9b270ba0b406d9242f5516cabe07d2d7a6a5cbd35375b7ef8a425,0
e2db4f1158967f51db73bd89d5a0b73d28f7957ca0f250dcf913f3264ffcbd35,0
e2e9900e685bf67acf4bea726516b5204b7614e2cea277adbad8451678ae4262,0
e3169e13c451f64aeb7a283fcee8727b9eaff07794bb5dca10d72b2040ada38f,0
e318a8b37b873121bf219e5bb8e28521dde6a0bf9bd001888a6c0f2a158284b4,0
e338fce0a2515b28ba055ff413bac5342d4457b4aa4b259fd9651758c90a6a3d,0
e34b52bdf48175ece3d943c49bd7c4b492ad66e2052d37ff3f872fbc3650bbcb,1
e34c34e06091251974cf59cd560fd15b6b29b4f705eedb0472feb0a157abd211,0
e4199194c802d1880f168ad56ec9d77530b2d80e51a3a4ee88250e8343019bdb,0
e43c7e6f52f0f0d7d767cf19e15f5dac58abed2861839ec3436a1e7acf3424d0,1
e442ddd81f9b206020071262369372828d4f9f7bb0d33014aec31cb8ed6956b2,0
e45bfab79970c1b9195602037d6b07e0d76f7760471165cc54435cad8b579e83,1
e488754c39f3dfb2cb7c96555620138f999c809f8199f0e1a7d0d09d542911a0,1
e4de55e5542d39288c62327114922ecaef8ad447d4c7db528b6c5f6016ed0de7,0
e51cd61c02dea33e1d86acca2f097d9452b2f669bcb1f21c983c47006b82725d,1
e5287ac6ed1ad8857ae4e3045f9a88b2221cd6ea77055c8775cba22041b3287e,0
e5620128e0b711728acb58f79053847ae731a8973a806a8dbc54dff0ce57627d,0
e5743f45962d00bab1cc6aef0d15c2251879deaf445147358222b091bea5d0d0,1
e579b28d5b184e59898fa8f87429748d2702afcb0ca77a38ee5d4f598f4571c2,1
e582511b5eedcf9d510987130ad55d52f023eeba2bcfc5c8199e026a594ed7d6,0
e58cbdcfb745fd89b817a40f9b6e7329f77e7e2eb58cc4fcea209b1020567d44,0
e5b490de1a0ea80c6c350f7aec85e1788d87c94c32d978b2dabe9c6fa2529382,0
e5b796c39687ac780d3105af7fb0fa68914b0e025cc6355bb1658dee87c1971f,1
e5c43f8860f1028e920f76bd3dfa5f8a430dff1ea4a2a1c27d8ca6cfc6e02ebc,0
e5c9bdbe6c3f1ad527c065ea7bd8611ef7cf17f5072ee0052adf732b2cc9225a,0
e5cca20536b8969356f4e01cf1aef2b08764aff00fba5635c4fdcf9639407c9e,0
e65427d7472089e6c83e6ae2158d5de83eb3ed9a1f33ef54b799b9303a73213b,1
e6583b014c106476ccf7368c2bd9ea441e303ef6c39d03722112f1c08fd7d566,0
e66b506cfafbdb894798b336e365a127e2389df111ae6c4f6732b9ac054e4320,0
e66d69530e1a3eeb8ecbbfd2ccc1e1f288aa63c18c7e0e8e15d80b8f674f8d1a,0
e6778dfde954c241c8c47c31b54be39f28eed074a6b2e06ac1d374d267df0c18,0
e67a40b6652615cc9f82480875a8123f1147452d76903afe03ac137e74a090ec,1
e699723c4e85bd5d1a571fe17cb76908984912a3484655e76dd68e3348a7f5dd,1
e69f94f13dad0b64751852c2a7de1cb477d36b340596d85e03e5f69ab7190f9d,0
e6dfdf1adaaa5f2a8e01fe57b957dfd7295a55be57847bdb15d4ddad120d3876,0
e716c4edfd1c1ce1aca1c2c29fcb41c5542a5b16237a1117da99b507c57f46c1,1
e723cfcebd5ce9932db93a2405181fc4181a91b6d5fb27ca9c635c422b614ed5,0
e7500a437291093db5364bcc95845abafd43914738ef3f009b8f415dec352006,0
e779118ee250851fc7d85872abedf0bff60d1ea631a8e1336026338c32ff6cb2,1
e78bac03b78798f9e41e062211c3b5541cb12c564004d301252a96359b41f4db,1
e7a9cf6fbe0e0e2309d905d2037868c407502a184f9b09cfbcbf2370ba3b5afe,0
e7b72f62a2b6ad3bf6f45181a725ea57776a805e44b2114aff16763356640b67,0
e7bf9faae009b1d18339797c74c5960f689c032ca5246cca74d61c6509c91349,1
e7e25852e8acb17ecf57904e1842f096f99092ec196ed70bc6315841531b51f2,1
e80dcf07e2d9760f7ac9fa422c611ef09647c2e5a79991e81232ae4b14a61604,0
e80ebf1b4bf2e81c933ad0bbe727268589dc142719ab9a8d23f1d83c021cb92b,0
e82c5ff803195240f73a4061a5efa3332fe4d3d86593cf99caa6435e7b16eb84,0
e87b0ef267820503f24c8ded2a46c8c6994bef1703d358f6d58340b8022b5562,1
e8e15872edbfe39063d60c440e5d468d846b7b6035f0a7a74698c75bba28e59e,1
e8ec4be0de86b84a12aeaf827464e6ef7e122a22500674dfd8edcae3074c995f,1
e901fa123b2952aa023bd69b7e719f995f731027132fc485f82edc7762f34aff,1
e905ac76e2999df417121d201c2e614366ecfd6a2a8d101973a5fe3684d5c864,1
e90afc5fa867500c82fa448325e226ac9f968777cfb3c6aa94c49e0eb71a5ba0,0
e90b4de13ec92ae966f6c7c10ee776ae774e639f8d1fc28e1348aaad55d3caa8,0
e92213481538d225d5bc78e72746f214ca2b98476eed234944c60beda24891c0,1
e9303955d97acb86d6968de671a5af8ca403180ab27b9e989287833322d316fd,1
e95284a7ac82a808fd6e0587233fe48bc957b64b20b77389b17ed57ae9980713,1
e9556e9bb49c8c740ddb319cf91d1cbf13e8c8843c8c4b267e12e4a73b433460,1
e9631e1df0e09ad4217aa65c7e2cf287e0b5af31deae3ac39d15bceb6a290b68,0
e9ad407ffa70576196a7de56aa5b2aaf87dd03c17b484279dd87f33a6bfd359f,0
e9b74128e6870992efe1cec78c6c329ce0277850f9022b693235cc0839681cee,0
e9e3a9e2a9bd6b6aa9b049034431598c6c037a189f427aa1c1d9f791c45d8942,1
ea0b06acef39702031fbb7c2b098a089c1781954cde9df5386cc159eb5cabe79,0
ea276b693b70370993c7764a1f84eeabd90c1805462f1e1a60a257c2d4221162,0
ea979cfad078f756432978636e3d8827c451bbffe00477527b4eaa442b2fcf01,0
eac0bd98e0db708d1573c2b046f2a7825819cd7b9ee90a934e16d45f056c7342,0
eb0fa1a79771024f89bd48cfe05cca711bb7b427d2ae43eceb9cfe00fe953cea,1
eb31615eb1c5cb0729dbf1f9258ab7fc5e45f3ece629a2069a9b73d43d9f528b,0
eb39be936621c6d452a518af5f9c12d05c105d4287c342385896a072805008a5,1
eb3cab89804aaa90117a44cb203d430563204de79e37ba3f687c0c09cefbd3eb,1
eb420f3cea5272c3b20353fc0bbcf21a11db8eda3cc5ce5854ae62db8c74ee2e,1
eb6017d79ecb7864e426769a273d3daaecda7ffa564c385d8eb7d0f003d7dcfb,0
eb61e7114ea0cd90dbda9d8ea0015b7a25ddee64581a0f30395b71f67814917e,0
eb896edba59b70caeb658a2e88617fee326ba190d155f8b2d60ad8df39cd88e6,0
eb98622fe36e0a892adc746606ff8976699b7d7d523a718eb4658854343a04c0,1
ebd2f2c813e8a4b4db4266fb7ea18436349b2c979f812df21ee8f9af7ab043b1,0
ebda875420f85c3a533dbc2712d6e8e4e7023d4fbfa9d2712f80643c78d20c2b,1
ebe1c0ef8bbd3284d6220d1988794c4f206c55701448c5b823a15ae7b24dc423,0
ec280661af2b044e426e2eaf2cd955139364162f9dbaf55e16a8116b3198b8f0,1
ec56443fa4e9d6630b0b3c0d1b1b418d3b47c5e4e0bd83238cf03b66c538aeb4,0
ec70053f2e4f6767977c62162cff2dc0ddf3a7cc8c9e91fc37942f9fc0619be8,1
ec9e798462e97a004bffaeff5df3db8a105ce4bc1f223d28929b18e78d3645b1,1
ecd81584a9d1e4d1e692b2d4e7ca695cfa2914ba7ee85639225db0a95f07d4e2,1
ecddf112bcc61e3f3b401fc36166aa8b3191b22e85aa359fb8e7bbfccc1d69ae,1
ecddfeeb367c20feea465d359562df8428f00e6a8d9f292c7c998f925b1a0111,0
ecf2e8a4f31c5901f28941d0f33d680e7a6e7709d958b55d70a7eb5056aa8286,0
ed36601b350774f6d8ffc5e86615a6cdaf24b076f57f7c07999cb9f70f85652b,0
ed3fc5e9f15cff6f3f903ec6b8f76f4850a027e5653c69c8889e1160fc4a4876,0
ed8663b2ee8b7f1c2e80e73ca3549f163050312d410160390909ffaa9730ecd4,1
edb63fd0f0ebcc70a7812bd337ff8eb5f09487f6e3f9e6b365d10c53889a1460,1
edfc4c7bfc0a4e6583bdde4327653b8daa9946b595b7aca79259b5de4c3e290e,1
ee1790c9ef757b521471a0022d0364187d15efcf93a8094faec4b5cb0a4a6479,0
ee1dc63354dcfb2e532cd620b1279d5a113bdbc4b2192b2c6f87b3906da6cf70,0
ee9aec6346de05351afa21072a00c9732ec2caca7de8f3c0ae16728f1258f886,0
eed74a366dceeb879bbc73d9ac8e1e4c15362271c0ee3d1223d676744f4bfbe0,1
ef1e12ea8e802a7219de5a9c808497c7c7fad4a14dd73a20639e850e175c2c4d,1
ef585e0c33a67bae54911a8eb33f7e49885ffc4bd05107ef26c3340f695a9945,1
ef6614e9b627b601881f7052ca2f5a7595d621b5ade09c439548786db35d0798,1
ef73005558afd2de1bff320cf14e8fa2a99b7fe9e83ee4a7c27269e914d9a456,0
effdb0745aa1f145b8e050ae1edb74143e4a91d87102efe9296681d493c48bfb,0
f0325f81b51995eea37b92399d1553d3560dd9a3123b2448d509876fd8d9de8f,1
f03dddbfab69f87932109cc77ef90281d26ff95b7777e59207d2662627c94fcb,0
f03e8d658a838bd0ea3c0cc40edf2e02d19c60b02e88ddb1873827812b543479,0
f055f24d633b3e758d9bc54a108e92fec4a23c5699cfb674f973cfedb4320c02,0
f0a74675aa2a2aa121b4d1481a10da851d21455d8be205b95aedf815cef274c8,1
f0b4a481e93362b8e71e8f16ee6fcf6ae4b221fa41364f0e1809dde076d9d1bf,1
f148333a219ad0b85bbd95816e02a802ef32729d113cbf9181fb2623b2c9498f,1
f15889d66d4e8a04b9308ebf03a957fb058143b1b527b8873421b112a3da2148,0
f1723fd12c460e42ca4bb38f22f37c64ec7fd78a42714e3bb227fc4b250f4b03,0
f1755414e47036cf6e1d10cc3e4858490069295232e866c0b0307f31f3b68886,0
f17eb355f4a7cb414085749c77878e8ba7243d3108fd47461842b814a28fd018,1
f1a5f7bdd8bd00294120975d66d7feae7fb7f3b67ce38274e06bc77c96a86ca6,0
f1c481cc10e6a27eb4b60c089d968c22459bdf8a9c1ece13fb34ed331676f20e,0
f1fe9c2e2e76de72fb4619bbb7d40b8a18e45353e21cfefabf1c78020163cf74,0
f2135754ff40a22df1e4bdf72baadef0435f1c59d6f1e39e028b4078609ef1ab,0
f21ddc5ef9e850bfedae21a0255f2a26678370fe865e78273a2997e457692672,1
f25bf340754dc6193c4d9c8fcd5b46b2c70b87a96085523c7c5a93cf447aad63,0
f295b0165218fafafa0394ba8484e58b6cae76206393df13be0ba6120428da9e,1
f2974f3b4a0f4a58dc4b49f17e3072ada33f6d1e7b8531e19fc052ad7e967b20,0
f2a95699830d001cc35518df796c3711a5ef4b529d29754ad44da0599fab7639,0
f2b3ca9b94b59d2802767329f8e1668520cfc6ab0d6c98ee0c87affaa447b98a,1
f2cd2ed0a0c53c34e6d4644b1e233577d28c9b5a1696c8a2d5f7f8827265772e,0
f30c58f45c11aed4122ab43a33a3f470cf0d60d0e30e4031bf42f5fde34cc3ec,1
f31ebbdca0ffba281c1a67b8d9520a7ce5326cf96ad782bbda98b5cb6c8ae779,1
f33a7afb7c0c3af392594df2f650ea03d8ba05fc57961bfade3569bdaedd32ca,0
f37e8ca8d09d00c09b1a2fce38485ce87affffcb2a8964d6c3b7c182322529b3,1
f39e7c8b63932516a375eed6092eb93d2d422b767cb265750c8afd7bb3d07b6e,1
f3a6f9f54835d434e1ef7bb10403137f8de39f681378588a70eec9c0f040d95a,0
f3b3e70add419911c982e87b348253dcbe4fbde916e4ccb63c3b2b2ec103af85,1
f3e2d7ef8552d949e107aee443411e714bfa565ce6fd2512ce1413c0db3d894d,1
f3e94d79719e26061ba914b6a36eb53b6f927a78677862a51ca54386527cefc4,1
f4124ace094158f610f30b09b757ecbd484ffe2138d461c3e71ff9b221665b31,0
f43042d5c6818b56f1ec9572601343dc922ff85e727e2dfe10d84f9d158352a3,0
f4847f7d397215933e9986bb7aecfc1f82cd1ad7906fde0c9f960ab0aba2eb7a,0
f48a55d15b5c09273cd684e6e7ae74e15eaee554f5c7c943cfe189317fc9bf84,0
f4a59608afa2b6d07f2f5f13bc9937efc5d36028bca733e816eb467031b12740,0
f4c83cd0ad8778f24abf2fef220e2431004eeb190b9d8f025a2f95055793acc3,1
f512aceb4d6ff1e1c87bf0663b1e85434e810a8cdd4f976b9fdd36aa5bf1db9a,1
f5149255bfd37dfac3bee88e57f4e90e402bef686af72058c275ff227dfcc4fd,1
f52ad3f8395443adfebba9a480b18be4f5dd12c72dd29acf054a59bff2119334,1
f5385b118123865e5562274a306549530fe63576dbab111e5e80e8e98a6276ed,1
f53cb5a8e6e539c89cb07f086259d752496daf3c37cd398a7362f63f129ab4ed,1
f5985ddc34acf19fc4bedae08b563bcb20e35ee63e130aad4a970ca67aeef642,1
f5c674bb0d4613abfc055648022cb9e6ddaee88ef20f27fd580a7067ec4af192,0
f5e2922426388afc3112f723bd1cd946599e633e7b783cedcf42c4026a5b9deb,1
f5ff0109b63a9b634035ec65fd944b466ea7f996801c8ce4decfa5a00b1b6b11,1
f602e989beb9d41a16ecb83d3bc1e4347905051b2b096f9ee3516f7610879ddb,0
f634758fb4bb7fba30ffd9ea809f3e4f4d9514dd3e17f4f138f207fb2affd4fa,1
f67e6d002b7cc61ed4207dcde4043b7ee79ca0843f6eaf293f2c4ad9ca6e1546,0
f68dafded550d5231383d92dbbc8abf975721ba407bba01525c05d8ec2fefd86,0
f6ada78d0c70bbf096321010a217902f1179dc0b899eb3aeee2a2ed33dbb7e8d,1
f6f63033778238c93e39655d70b59bd3daa927771c60741f462d7ae87cdcfe03,1
f72a19e341435f521819b4c6189adba85c24428e514d2866db45ec27704954b4,0
f743b0ac9390461294194034e44c6a129e7f23d645a57cf6660e7f1c19632c98,0
f76664882c102aede8f59bded0abeb0aab5c2e3e8d133d2ad4251df18c32d72c,0
f799a1f338a039a52cf43e16bc15500cf5932c1119b30e701c834f66fb9184ba,0
f7b7ebbe3d4eaae5e4cc2004b22977c40fe3b210f9bcd4713ae93d888bfccdc0,1
f7cc29e62f3c1f6f09ba54b45893ee543ed37beacc0e06703240fbe60dc17a03,0
f822f19879597b572b62301e095241a548982e1a10d9b83b45096f49b9a6f44e,0
f860fe9ec02283483fd2b42c23e73a3f8eb184b6e7fac68768de5faf98c46714,0
f87e5e9360da297b08d1529aa5403428fd9154a6521228e3aded2966661188df,1
f880e8b6b90234cf607db9aaf09cf6b389a1c61704ce05ca61c9d55823003f27,0
f88cb6e036bc0bb4210d63193449f99b8af21f695ad86b3bb9c0e55e1e6e3e52,1
f88efd02499de848dc622a80e17e6d7dcce2f9442b694de32c22ce3cd563bec2,1
f8c0fd9321c34a098aa7b9c2311ec4788e8a87c13b371afd3c6314484618b24d,0
f8c39d455c770bf12d87918e245e75fd59685db24ca402b7b5bfb6642072d9f9,0
f8c95eaf1c7770703f939c454476bfd7e3d52116685df8559846d2e9b717f028,0
f99a17cab93e44183b7dcc0141b475cf9699ad3635ccbfe4fe1eecdc6254a72b,0
f9b0b8fc5f49f1e36edaef15247b2f179ff446453e4a2694025535ed76fb60be,0
f9bb8a4d252239ef50a740073d6eebc4d49b8f7afdd04923bd2addad2dadfa4f,0
f9e74e33e6db67cbe0eeb136519dae2463d5f9040b0967ab5b8938c45536bcec,1
fa0a552d62a9b4ceb0f309e09bdc5c2a44fab5422b225825447f52e1f7cd53d6,0
fa7935c80574769bc4edbb0eac5ca576d5c83088099856f6d60dfaf4e1eedbf0,0
fac4228ccb5e8bc8120a4883712112508a6fd04109d5752a7449ccc23459c411,1
fae1ebbffb64b4dfacf370ec5dc84fcab7208af07f7eb348c95c360cc44761fe,0
fb55ef91d4c3be7c62ed08bfa3c6fb9f342e0c87ad11ff8619ea265f50074ace,0
fb68ba7e9330bba87d12d4f8c0c9a12b5d2fb087cf5a94d0a65dd698110dc412,1
fb8276d7423c00e2422b43582c3a9df1960ef95c4a15bd14a487571f7a078d06,0
fba861c74cc0d156e2b124a55927e999e86078d8478ab949e862037d77df6623,0
fbc3bc3a92ba4f9826e4e10acbb3302b254368e2fa9f754a1774c5c7533d2852,0
fbf63c7057f26be39b64294aec266df441629572677ab9f76269e7ee867fb612,0
fc0872c02262e44963160f4a983a111d506172dda1a21a2db068b12fbf49fc3c,1
fc0ddf5fe490ca6bf7d0a98b327a4bb0f0ce6cc7caed0f57c830d3d4f6a08e7e,1
fc418a5e54b67c265e83628c41b66f649a40eaf75dd6d1afc4f2c953b218c515,1
fc805dfa73bfb6cd8819b38e0416aac4897d69abdcf429bcf3a753d624e5e4b8,1
fc861793b06e680e066d874cfeb2e681ae33807e7063b070aacd44629736d328,0
fc9bd9601a036169881ea69bbc835f762601380157e0b19b5c898a62a273a28b,0
fca4f2dcbea0e8051048e13eec03381e5297559e5341d8d0a3f712c951f9d153,1
fcaa63f183b26c2941954c688aaf11736bff682b60eb9e04d06cccb154259252,1
fce28c6f9691f8c955bc93738d9d5293f44d74c4a947ac36e0e56026ed49ccc7,0
fcef99e0375a4e19b44a89d204da642e509f0e132c90021d07b5d83a13cf6bbb,1
fcfedd51341680b63eff57429f1de4deeef462b2069677039459ae81e8e7b342,0
fd0af6a267a8ac502434bdb57556009b00ac5abb59fee547967b6c8d8cda8bd8,0
fd5b917bdd46c661a5b4a719382a4df974471d1a59336392809133ecf838b8c4,1
fdcd43a66771d26b6410afcfd2de9a78d5a79e95e32d80edef2347b0c3e620d7,0
fdda464ccc93d4aca5b796b17d117adc496d4fe8e4a1340ce6b44976db1ba141,1
fe133b7c718cbf1afbb24fff39ced3de801b14891604b8fab52aa641179eec87,0
fe39676a747c4ed35ef93d9c0076e16ad84928a6d9884857db57a9002a628101,1
fe474f116c2fe8f9e71de74af598d63f36b1a8451e525c85f30e2ec1d489f118,1
fe91326e01c91ecfab3feb7ee1d453d24940125b5a42e3c17efc0e47a1fdc97f,1
fe9e8436242ec19a082baa5e616a7c2eaa344677ca3457a17094d3acb958cd36,1
fed91d355247ea21ee0e3ae24bb0ba7a3349412acc68fe335850e149e3491adf,0
fee45f16b284e9a925bed10b63ec95fc58beae4502276355ebd600ac8719738f,1
feff22d5092aa80c43dcb9e861c8a99b268a31e8b743608e15c3333c5ad07a06,1
ff125dd92c333a135184a2c7d78d445484f416ddaa4b513cec2e61fbf923e5a7,1
ff85692416f9ad0bddcc38c359beaec168bd53a1a07a06854b4a23358e50f8a5,1
ffa8782baf3f35efc939175a2c5511fe4f19ce40de19b2a2c3c639d10224274e,0
ffc6b25d842302adaa8c02f1dbf762912833b1c67d0eeca48905c434fe82f916,1
fffb72602b4ccbd39a9a84699b8c8fb1ed6de7b0978d7782f8c7715bc9ae0267,0
