sha256,label
001a230ac4dae6057a2899dd67d8b3a6357efaba66ffd30a0a6158bd1c7d4ce8,0
001bc6f491fe6b85ffe2dac76c0b60e05bc81a10271d5828d40886b4854ade1b,1
004d2614a5a85e428364441a576a63de196a22c39f8e06e8a601476f3a79e997,1
0051ca19e0343c264922c779990155c7a8bd701609b853a3df78b1cc658b5d61,0
005c6be226d6688e9f6ac13d06b44c028ff2ce1d3f7447ec91811ae9a721aee2,1
008dbae451fd80dd996e347a70ace978f43d5fa587aeffa9b1f870a6ebe8c926,0
0092e651a21a475bcfe295733cfae8dcaa6f1efef34c63112feca2173a6bb9df,0
00cf066d6a38b5213a5cbda832c05a24507ea5649d3aad09ca48624c5b7ee51f,1
00e35b2a87bd1e7fd1a1a4d98420967594fc9ae29b0b6abf5ff0cb69362d2956,0
0145011fd504e85fcee5e849bb18591062b7ccdcf1cf84077ca2f3bd5ff5f967,1
014f278c25ba3139a5fba5abb551a4dd3266b600a7870f48ba330cc486776ae8,0
015723a5487358f764e32dcf2895bbb4ee78cf08f35de68a5d35648a20b4e7f7,0
01ae8070e72154eb4eb8250527b0519e8b4197fedb2da14da273c0803ecec43b,1
01cdcf866b27824a3386fe172b2f528c4fdc0cc19cd1ebe7b34d1425509577ea,1
01df4c09365d0bb6fc04d56ac4ab51aafcc2f87956a4ee46358b35a0f349f17f,1
020333b7974ede76c85c809e227d07b849e3cc2f6022bd5a93064f6da65bb415,0
020fbb5a94d62de8472068b803cd779a39763310436f62739802989dfb44a501,0
0214c233a0006d0aafd8aeb662932977b08b370c9cd3079a4bad6abdd6c52258,0
0231743be4a5bcda4af6006432ec8c02a31cb192c473cdf220959eaa8b75acfd,1
02a88a9db4c4bf7eacb33878d73a4b450e19b88fac51457c8cfed274b13babd1,0
02a9e896db54ce4bfa9b04caff97354e70b2609c0092aab9019b753650e5b237,0
02aa0477264b96626781e8f0df82c1214f0fe26544b3391ceff4681fc6dca47e,0
02aa5b86d45f1cfc3d8e9a793ded5de7357671ef16f92619946055ff65799d8d,1
02bb7492399c8123f7b9012b52b3dac0d5f4829f6d7d35bc68922af0e473114e,1
02c789ea923b529b6c3b35199c4d2781554db274280a58ed0d1a82402c28bf13,0
02dda1bd193466993c06b627ef7df7a3440ba1ac812a43c611e85fd62ee46c72,1
030a733b3cbdbcd8a7559e419d64bf03b83a9519d3f56c8202de2e1f7d06912d,0
03411141850c4b62c42eba9305063c802a7553f03ad6349af26809047100edec,0
034e3ea8dd63aa01ae25a1c1ff3ae6e1497386838f4a7cd7c9b8b92ba9410078,0
0368c99aacedbd3d6cd6398b4d7f46ee9057de3a71a1c3abad2fce4ee1baa7e2,0
03794541ebae591bfb683ee7599daa634a94e64638765d9422ca637e8496d68b,0
03b0af30a198493230b0b34634e0707524b66058dd04d6d7c1c7c1b633cb44fb,0
03b6bf3229dfe9bfedb81e5a4e44ecc70fc92edb1b804c13fe0324a974769a31,1
03d38a444d525e7f140aafe1ff05b15ad22bb1cb401e3158d8869679b9bb93c2,1
03e066a88969ba9b897212b07d564b69a69258329c7b367826c0a56d985dde2b,1
046dd2da0411b9d9f7f2b6d4ab26b7d8d73628753d3c24718ee8128ff746790c,1
049272350ef9237685a71a70b5a530c22ca6040bf5daece0ce44d5fa3c203a0e,0
0510ab78811765ff72bfa188a6163da8e44194a07f5c9d68e1e49959fa337523,1
054a629eb8bc6094fec43f7958a7c8c593d274dcf7547c03253ba37560cec064,0
057697898c2c9cc299578c851e49e8b20d554424c9c039f5b56286575c8369a2,1
058dcdcc40069fe9bd6bec869a4fc1b494e5a8ba65631c0f7fe7686a14f8ca51,1
05915fcab4e3efd6b87d72f9ffdc2fe2e57edb352062675354ab10eac563afa8,1
0594492985b592da11e404c35685f9b122a38481c4a7536f442ef3bbb0fd18b1,0
05b8c5cf311fb9a71878076ea66cecc8f88b96d047b06e7b019d4ed8dd29171d,1
05bcec05f36162c79343412e3d6a05c08274e37659daca19f25f8c2cb0bbd216,1
060f8f5c16522131fc5183cc9f6f12ba4a10bb368e20ee361c45049d99a83f8d,1
0689ed4fe71f616eb103e8492558a7fa675a85e07841bddc214a81a5afd8a46d,0
06aaf1f5268a3cc8a5c9cffb2620fe49c04f807799f6d9069dce865dabba9625,0
06c6c38aa6711e85ee8a91b3fa9f939258659735466df404e77a0799724d6965,1
06f2e6d24b686a855307c83a0777f1fda12778dc6ec24cd4274eeab0be2dd627,0
06f59c58e8eaf6324842e271e327473a6296b1800293b9704490629a27bb68e6,1
070a5d214e2ab0f577f990cfd88dda27aa83cb4a5583e4617b1570d81f03a017,1
07170cdd2b0de64a2e7f5c5c00d9ca40c3266cb8e0fbbd15d3fa12b58072c979,1
0768c11aff57490434193aec5d563e1dba232e550e9557a3b8ccf59d5b2d4fe2,0
07755d26205ee65c3f4cd80d70aafc2edf13cb27522f7d9cf38d085ce914e4a9,0
07764db723149d19855a8c6879427a4c40519d79a514675b711aeb98fe2af072,1
077e7357ea0f2d9d9544df9aa1b55f00591f42b1d0771cd13d3c5f531b328c4c,0
079d13d99c79551edc491669263aa7855d529c8a7ce1d39f2d9a03b81dfc9a3c,1
07d3d4cc6cc329df766a5113f8d399152e589b09811dbd8a90f1f4bed7908845,1
07df785d88a8297cfaaf5f31c5eb1f9b8114b5c9fbfeccf9e119a625bd4430bf,0
0840be2d0d71b98c49f075f658a90000491a96bc9bae686488fa442443cb5381,0
084dd382481ab5ff569484db95016c851ae7e0fd724453d78ea67482bf91d095,0
086bde999b12b050391d75b473b717afbb105277d1d717a69ee46ed7a0ab9ba0,1
08c135621677d288719afdb5c94d4801ba87f24a02d49a6c8978e95071717711,1
08d63c659e4e5a5138d8f8d241562c63f99c980f2db4924eccb4331313995a2f,0
08d8568bc522f681e7608f91f25a49af9493f6384b4b4992cb12a71f53d96b27,0
08f638638791587a07dd12e668ed9a79612dd29e5df66646ba834723a1bdca57,0
09033e878cca816e888c67624d2c0905f807d33a8536890551290df8e30de359,0
090ed262754bb0cd5c2f13825e4ea392fd4d200eeb8e214e31881f5d3a2ea9c9,1
0919b210b84e711fc0da3b160207440a4fb4c70ead1c3a1f3bc08cc8890dca69,1
092c393bf1516a20cdd85f11c5cf9f4108a9d1bc827b2bd21c1ae8bafb2e465f,0
099a7d0ef2276bb401f4dd7853be03ff7b51d0f3e21e4b4fe6192f735aa820aa,1
09b094cf73c637a6a318872c655641067cb56f0b302f2d5d2f99d73ecbcf9b9a,0
09bcec9f67150fd017b2903a20775fb5c9305c736b0be77e4debf19bbec90f77,1
09bfbd29130961938e7d9cd790a3eb1ab196c44b707b63d047de443b7d61c7cf,0
0a37c2b443bfecf0ccf7e52e754f1dc5aa5f0a4751927b05f5c87e64cf43a19c,1
0a3f0864a3e30b386be26d83039fb798f556b6077784a7a6a88df7c23528dc9c,0
0a5e5b50f2d86ddc6d7aed3b664b1b632345c3540fc1b6bbcde9175dced032ce,0
0a6e8c20480ccde50f995793f68d2ed97237dcf2f0d5c20da2e7e122120cbfc4,1
0a8e226f9000a3197d3c07cbebad84dff72a5c449403033e511a86fe90277ca3,0
0ab03b6a99e24dad717b8c383b1f629b34d8b53822daef0ed617f05f0596b29f,0
0b450376d4677d0a54544352852ff9e700e54affe00dad9cf7a40592e0073bdb,0
0b64e8cd21d009cf9658f14ff74fd473d7393684f8ff23063ecafa9f2dac4a13,1
0b818dae92405e5a0b8cea03812b3b80f960a66ff089cdd141592aac145f7bbc,0
0b9a33e3c74e718fe028a06cebb1735c8d717c0fbb101e3def5573f2f7db420c,1
0b9c3cd001dba821e80e7ff00539402d58b086406460d9b42d9baa1ae3883538,0
0bc4ab7f62463a7e6ae63227ae2fa58b431679a118cd879fc060e582b245cdff,0
0bd930d74949a2dc367eee0f0f0a37e4c41908d2e3013f1ffc6fe2b88015b2b4,1
0be33912758f36b10fba2f3a8a847e016f3a1884c3db6be0bf1e39d8bc0718a5,1
0be653468293ddedd95bcfcbc1f10df65719c47f6ebb0e7ee1d9b7629275aa82,0
0be8cac1861a97904c730fe2017ad635c203e9bbfe18de5ab256a1c296e5f925,0
0c0449e325939c0dd2151e94fb1587084139e28cd45c0f7544ca9116c29b6eb7,0
0c1573ffd5d94c8c77e8158a6e7de2cf81038761513330f1ad4a420efecec2ff,0
0c4ceaec72363c6b77b964b1cf972ab7d5de034f282eb44ad68c391ba42d6ec2,0
0c6bc23cffb6beffa05fa93484a97ba80a692c6635b5fd0e051c415e593b9709,1
0c74844766804673b6fb216f00f3fa4b00265db27426fa5aa52f1d3a8b8c173f,0
0cc6932787424e702436b3f03f340962e0a53d88451d2b922477efe24e4c6875,0
0cd0248e530bd9680a35d4fa7ba598d9e911d16bcee4ad110b34a189aa6d7e60,1
0d0fc95738c12d7f8172b3c52c58de8fe902ccd71b19572b9cfcc6e4e63e0e33,1
0d252e79ced2eaeaa3f3cd217d783ba4524d778df81369ec8fa87656735ebc57,0
0d4145f5d9c8b1131ee3c4df57b53465f1e408e907988992eded163b18b31117,0
0ddf50ee7c3f966c994a7794b864b1bba9af419cd54312cd831ced31e0fcdaa2,1
0e0955d282194acdf09f564008c15f476185ac0ad01c25e75bf090feb59ebf11,1
0e1be4b230e1cf5e17beb170dda0451176330589c8a81c56a3203f67e59a6cee,1
0e1d62c6b70c0c393fa33c10dd2a0735b0811055f2774a14e59343257b5982cb,0
0e6127ccc709e69b1d11d149851d7d749d4e862cd95864b09dcd8b63fb5572f4,1
0ea737db7c145c993de7ae2bfecbc4f2155988c81baf1175c99576787f8bf9ae,1
0eb5357211587e96d52196b061f5426c84bdef477c0f2f15f19779c72f09d691,0
0edd7b791bfd66047efe622dac8ab18af06b45dd8a80a900c3606765fa38644f,1
0ef0f8fbf75e658b2dc1ef0caf732e0f43b2bace6f386ea6a1367bae15ca563d,1
0efb961ec5a0a40873b6952075e686f9ff4786f5501097e8f71ca46dca2998af,1
0f0547fb60bb19e4241323b071ad76497637c741d656867252606aad1b4d8df8,0
0f1077bd7b7871fb8804de6f3242910fb6892fac52b7b0607d30ea0ff565bbc3,0
0f1bbfac50cb29f1138151e3e7d90db9bee13b8ebbc3c6392d3076a67610a71d,0
0f331d327324700cbd96cabb07fa5ac7240ae61d786c54f5c1a1d34e41abe059,0
0f3840d8fde79bac60806e63507dfe456fd75a70369614bf5180498bc8599e96,0
0f570d85686878fabbc329f8c26bba42611b988845b5886daf8b255066f9a6bb,0
0f5ba01dde86dbc9c1205d4360e82b9fdeed7b77641509a6e13c650c48bbbbb0,0
0f5ba4960570b0f734fe579744268705557f84a3de068925d18cc9bb06cb53ae,0
0f6214ba1b48813fa876b876a047a8b8a6a4fcc03d94f0d8d705c87147f2bc03,1
0f6883062dfd4bbf7ed5d2f3ea0b0059fa02becc68dc156351772c5396d65f27,1
0fc5949ab2eb84a2442547ba1abeb5d6b35ce368b71ffbac7bd9ae0112b77c82,0
0ff69b6f7bc16aa748e33d1cc1d8531e921df636e087d72b14c0c8c88e5183ce,1
1012b17ee47f24a6412b17791d0a936cfda61d07cefc2c82d511350bbabf7897,1
101bd57431718b84ff7460f73bc27370cb667bc05a3082128f2891024bceb860,0
105a721f5ad38cd394d3ae37b72a3079332254d150f067b8f81c4ccc4b022b83,0
1065415485cda67a7e9a85bb3f4f3255f098aab357ea5d3ff8efb69ef99eaa54,0
107b81dae65155b3fa8846baba2203e73b88020e4ba8e348478e00ed57f6bb75,1
107c6b41a6d0d1c9800757d70b58ba03bbe65846f7a9c02d03367f482ef4f505,0
10936ba52e13779cbde6c200d51805b19a0388fe209d49905928625e133e1320,1
109b69c71cdc58b3054f8ebd3bc1d3cb29ba37a87e015d069cae1bba9dd0bdde,0
10aae630314c748f33b0b28ee497e09b4cee37b29eac45ca1d012d2fe3c268cd,1
11523c0acfee4eb68386ea95b25090d92ce423328a89ee5848fc1abed27d8c1a,1
118100e118f06b38ea93058f2c8a15e7f2c52f0e16b528b6913b832205648855,0
11d01e731089fdeeecb5755a9f8ee7a3c6f519a60179b8e1f2961b57e151240e,1
12140a217613f11189f6f0ad445c48298560ccb5aba8aceffc8d047a46be3e37,0
1214974f29b853ba8ca7bb9bcdf5a2b7efff625bdeeea8ac5b76fff8622e6022,0
124b03be9bd8c3e0253539f089d4f358dd8c411454e4d2ebf3973c80894b0ba3,0
1298567e7d9c2f84a5098fe444d1222db5d0808221a4424993266cde6938fa1f,1
12f6bcdb9562b9db1d29b926724c31a1bd361920a91159e91403f11377c96230,1
132293ab48a1d2a2092acaa5c88409736cc205d060b32d24026b234bf9f60644,0
133377a8242949a3ee03d51273946111a9c06876b351a4efc6095c40ec6ed74a,0
1351f45c4d95500118b2d221b1c1cd8ca323a3daac1d3ef563a7c3fccc20d405,1
139343002ea7113599e7e383bd84b827ee7e1d9e2fb317131ee88a1547f8e1b8,0
13aa75129bde8741123ae402958124426b07a7174bcd0c62f7aa6b22f857d424,1
13b2bf3d74b2681c9ae569f5db4ebf34695b996687abef27fb84d2ec590bc908,0
13dcd6cd68d05721bac413b97630df83dc6d38d98f86c8cc91ffc13d612765f9,1
13ee056fe5a0e6759524282f79ad287845032d68c91cb0210a156bb552eaf968,0
140852cf94b0f4e7ece9c33f14909f1250e119be29d39eeb3d06c628f864b2d5,1
14135a6ba83f7d083ee8ad123f3801e67309bc61d9e11b137c076fb8c4046848,1
1475d8c97bd6a05a0cf2b1c1c29a0cbda5c6856653bf7dcb85eb8a08406630ab,1
149c5634d70ab74d947e45f72824cf6f7d57124e244019f9620507b496db9c53,0
14d118988540b4c916c9bb079dcbc057f77b166919f9e2b9af37556399fa41e3,0
1538e2e32817017716833d20296f5739ba5a63867254e6237f1e45e307f38c02,1
1553b042e1f98223a3a383733359de7d506b2baa4a6a4be377f7995655020a5c,1
15ab7bbb7e41b6d5b0599d4491ae8fbc4e65eb0eb11ca6cdc464b72c42cb6221,1
15ff6cfe0d95134d4481f9b7592e30e91d62558fca6d6b57ea16304097de7b25,0
16607b80e4458c83ecac2df8d0ecfd24e44541fe1b55568459337196eee8a01a,1
1687616d6a13f35135023cfbfeb656062c763f7fa182848c9191c6c59ecce761,0
169cec844617e128b06fd00f77da9c99e5aea78acb89f02aefffbb29b96c437f,1
16aca35200452a8dc62c6d62344ade8234433a290e1d3e3fe06c6e13510a2062,1
16beba16d8de730497b128c53682e74fa542cf264674d3100249bb2c172cfdfe,0
16e6390222a91752a7310e3ddcc41c9238aaf5941185dbfdbbe968e844bdc4f4,1
16e63d7a13fffd7f70c72d3330e7cf3a19fccb34c3c98b681c9f9aa139426255,1
175338f3bc69d16e23fa4d4fd8496f79f1bf90c748e4d21307d34b9644503eb0,0
175667c82be004ba85d7b67fbfa9793c5a7516c1cb46655fe7b45ae977cc7cc4,0
178b4583f4b3f794bc8e8bbd1d04d3c46dd9df3639ec5cccdff110c9d386cd56,1
17a25d23f3c6a11cc53d86748770256913c60b029e8d785dbaa1911f27eb02e4,0
17ea02de5ca1ba130bfddff72f7df93444f4c353d5844110081f726064c5ba63,1
17f5f483d477c0156eb27dbc7f2d9cca9f2d9fb400a9b2e2a395e768d53a4d9e,1
181eafd89c32abda2e82ca5a4e14c6bc47b9114717ed6691d3d7a4c89af4b683,0
187b11d4f9d887a6754ba875ffb8df09f3aba33b4793337990ba1740dc2fbf66,1
18b02502b5b12211fca4483edaef76b61a0eee9dd2b04ca2c10c0bddb1b687e9,0
18d11b863fd343f2bd9f0cec63a6d49e03124303d66a9121e222571ebd98dac8,1
18d697df7549a3141d25241aa659e19ce03007faab0b43b0596b084c238a335c,1
18eff99caf31cb17df245258497ff77c4a1d690bd23cb9bd29c974171213215d,0
1969c40518dc2fda47f2122b2dca39195d9ad0b49fbc74683b02ea79b406ad43,1
19d54e88510388434767cfac9baf971fbf4e870889b2120d3714bdb778898462,0
1a07e5feb99ad9baa18aa9b9f463494a7a76c93974d18f781cc5ce2596be5b75,1
1a6b6ac2246a5a0a9cdcacfb890e977e0d3b1f5320df419b909fe3020d74037b,1
1ac297c13ebe3544a49af6d4a7cc1de6a8d1843017d36d1bf29b7480bb9e6fb9,0
1ac73a22c7eed96e1fc2e303f84af9fbe31e9cf487d9c96873fada796268eccb,0
1aecb2c0d974a56bf55f5c5e5bbc17827d1b5c7a50c86eb2274837ae4a7e9c3b,1
1b0b62bb8d88895e9bdde6c5bb94e168ab2154fa48368c1bcab90006edbcd835,0
1b318276af45e6dba2267670d7f154ea9c1e3e17a80b864c94ec836c6d63a95d,0
1b3b97b8b7e9427a37ecc0ce13a423156915b05a3b16c289f058e473c31e496e,0
1b9844a84a392c8ff42bb2e827944bf69b4c7e0148506e6c9c55818fffea832d,0
1bd8ad256db0b59a9472dbb9356e0ba40838f111ea5632b4cd19e3db492f0bff,1
1bfb25df1d5c6c499d004ac3e36c08877487d926d13c226f2c640b5c3e104350,0
1c01fa761609fb3c43386871f06dd7b493ea8d958598e8855a717bfdde8ede38,0
1c093ebc28d9609fc2eb73ec8fd9a74af5963214461321a66f4967aef637871f,0
1c0ab4610d89a1c78a5014b092c3c990250f6a27ba70fe9fe74408ac81011198,1
1c61448754a4aaaf01fe95a3870d0eab5f3e5f3ea65fcf1105a744e6a0f57010,0
1c731000ee6c51553bc8ee16b9e8fb69d054bce673a61a61f734a68e3f11ce40,0
1c860f5345c0f1b263fc364553bbf6ec8652d1808385da3d2ce84e544a8a15f6,0
1cc1ae818211b7d8c588677248845ffcde7b5884200fbf16e6fa8338454ce325,0
1ccfd6da7463ffb13ec55171e0fe12268aac4dadde4e34eaa2881ba902033dbd,0
1cd9c8678c1ae7e34efbf0e4a8752f1f4d1a4df5b4927488f21ea11b52bb530a,0
1cdd248d032137c6653d53e71357ce9ed80df978be6008cfbcc1ea1d747ba8e3,0
1cf3cf8c88f540a4fe274a8dfb3ed5580840b89310f0ceedc42246fee441d853,1
1d142e79845d2924c008ace58fd767efabf62152080dff457ff409c769692441,1
1d1960a7a9eccf2ce30e5ad2e015b4f90fbd26e0ea64f2b4b15fd6fd7d386cff,0
1d7fefd712f91f5c51499ec94171ecc082de8b2c243767d1dd2f193cc74d08b7,1
1daa002f8cd0d15e0a962a05bef6e3d9b614bcf2a85b8ba6aaed7c2e2e5c9aaf,0
1dd3dd0d2c46b98b50ca5994515e23962d0facb229d58d273532b9922a8e0cf3,0
1de2480153bf82d70d3c910545b77ebcc446db9643918b5a376317d4d806ab34,1
1de4b6086edf4aa1ba594a4e8627b359844a5bfd4cd901ce8b7d55c33072e62a,0
1def7b5f97f78273015dc01f9e3237e8be1d514e02d51eb609c7680aebdc2b6a,0
1df2c18fd747263a10d05edbdcc9fdfaa63357abd9d82357876a3b76064442ef,0
1e1daac5ce92e2e81d643ac8fbc9c98d256eeedee9761f996bae764a3400118e,1
1e1f3c00c80eeac94dcec8c49022601683029e3685143f0a2136e55860beeb8a,0
1e4725a6a8d1d8a76062c9d7921cd5629735701fbdbb2c2c1e530ae33375fb88,1
1e525c04fdae582f748fb3b7d58a482ca353b03b2fe96b962c5248d1386a92b4,0
1e60ad72f7d365dcbb401ad45683a514dea69392c561133b7f429d5d26eb75aa,1
1e72b590113b731e56074972c828d01e767897763bb3cbf617583cbb5f2d2a2e,0
1e8929a77aa3afe4859bd583bd9e60b98b3e2bfb13a2807bc3958b19c3a57e31,0
1e9201a958ab38203c183dacc5e16a2c35d14c8ec18f1d3ec7dfcab00a0f1928,1
1eb0863cc886157eeb0eef6ae78e6f09b0ef7dc04f905cff9e58c69555b6ad1f,1
1eca044603edf4b6fbe82c0aaa28468314d7f6900bae94fe7bdac3fd44a85737,0
1ee3cc5ad605f7d6a350e880e5882bc4bbc461f03487968de0ae4d3212cdc10d,0
1efa7cc1b1017290a021c8f18804617f4bb8bab1a2ae50be29d9e9d47099c50f,0
1f4739475f5e5e6c8afe016b49d40492c2108dd4d291a2dbf81f409c122c3ef2,0
1f667fa17cd444697e97fdbce6fa19b94765844997b4adaf8df285fa00bcee39,1
1f67e3b1b63578b7afb895aff9402385c7be22d50d9b0772ac8015ea234cf153,0
1f9ec2eb9296ad56d3cf8831e87a283fc3c181e27a8295897ae6bf416c4a47fd,0
1ff37526c9f138502483ee2e268692a44e0b49ce8a967ed0a7725466bc7b56b9,1
1ff91b818a6b0c3b42138719da7412e89c224389ce9e8414c4f20599e9b1db79,0
1ffb94bfb75f4ac2671703d95d43eda311a441def6a3fa172152c74fc68cd9f0,1
2041e16febd212ab9760c8c9bbf2fbce22a752e0765774545525307413b9d2c0,1
205c412cd700a8855171f496623039dff4fb0020dc0f03ab87f0a879b6be6777,1
20d6fbb3d5dd7dbb5e74d47c3118b37b3635303da972008e4580e6f53ff7bbf8,0
211f0ea35325ee53a9ad62761c70112391dc570f31761f2fba7ac709248478b7,0
2127b079f3787f62a335783f76ff7e44cfb9bd53ebaa39d4e6c166c1f8077766,0
212f3c8098ce394c37b4691b9e9c1b548e0c624b2d715792769ccbb754be4f91,1
213a11e54739a20bc59449449c9e85367ec4ed7a49092c98da8b74f9ee9c9df5,1
215dd0b39bea6b0df39b46c1f0a0f83e6f2f62fceab2deaf53df94b43923b7ed,0
21b87d413e5e18e8ea69c9c8f590d57fc351e63b14cfcbf6164e002482e886ae,1
21bc3178e969b84fa11623f6377e38f43dbe20559315dc5d8546e4684fae0985,0
21fe9d759947c23fc0ce1ed6bdf527cda5268d213f4c6b9fbf6b93306081d116,0
221203d35d63fcb7149667ab305120a37a7934f6188560108109e9da24fc1d31,1
221744a124b9e0823ca38857b8020cd345ac0780124fa7c768b61b86ac15f26c,0
222700d5c8835336f2099520d7edc5f1f8853bc62cfc9f05322385eb840ea72f,0
2236886882189b9d3b644de6c4882b56e1eb36d8d03fad1d91bd5487f542d571,0
2240bfcae6216b8455940a6b5c6fe86c6e56fd47b5f09b76a906b01afc669472,0
2259521e34a6fe52a13a9a217ce683bf3e72bc76569704a07fe110afde8afef2,0
237678cd426fa0120d7ec393d50bd8aac25b5acb9497f646122351c0d859461b,0
23771a4af25ae5efb2da27cf5cd8609c943e1e1ba61e71406c92ce080be52136,0
238c706a10720a2ad1c2d5ed94c52b7ec396f9d3c7961d7b7b220f93fcb6b467,0
2395408cb21960e0221f60dc6ec9c19ac5692fc5f25d5a69a6c38f5a3e9271ac,0
23e9d3156c5f4204657c4d00dbdb4341fc7e19b0a9411ed4eff14b98b8ce9fae,1
23fd798fa58c6a3e58fe5b1d459aeb0e8d0b25b719e607278613a5ecf4891aeb,1
2403dc0782079c31ba9a336bb48751186fc6119e5c192d0fda3816ed5161f006,0
2470597b9bc249261e15561898677623f609148a1f04139d262bf19a161fce4d,0
247708d170b0044371fcfa45ebea7ef92180be591cf1851c8fc74b5892ae58d8,1
24868246b3be128d021c4b9cfd666053a300fbe5fa0049cea78baa1ebed1673b,1
24895f7617f006abd36b07ea93dcf6233a225046c63f1ddf8a32dec9290865b1,1
24c7fbae278d3ddab5ff597a64b36c0ee07bf29bd21fd738c6efabc193565f77,1
24edaa3a125fa8b48f3fc1812e3e8d3a7bf7d6efab02e1249079e67d286bd7db,0
251e3719a2cfa7e4a82ecd3087487597668a5c781315e7e9db93e8c593cbb859,0
2574a6c911674cfdcab449f37577cdb93e72be82669835bec3ee96343e38330d,0
25faa5e64762d51026bafdc6ef8afa5ad18a86f34b0bb140aaeb4a869a1c26ef,0
260fd24026d984d7d498cb4f2502b5b1475e1470cac6bc54d8bdaea8229e36e4,0
264325bd08fa58d8a095d78872423caf92f9cc270771d3e47c1cc9692141cd0d,1
266d50b82f8db4b6595af324a1a6daac14c5da8d8aa6f4a87307905c7a86a854,1
2685fc271c70f28a5bfc1f2fcdbfbec5832a77b0ab0854fe2645e6ae74404386,0
26b1875bea6539434ba89134afaae93fdde9ac94182159faae745fde7f69835e,1
26d45897be36771f8320e831ce54bd4ff15d093392471397ba7e13298e7d9222,0
26db76cb84e76d01e082bd60b217e67ac4c9866151da45d4baa2060bff691438,0
26e2eebfea0b1b8cdd8f7e6bcf2a7f3e8af834ea1d3169a011d408bcbcde6de8,1
26e5d01b2c0eaee4350f10eb10dc205dd6191ff2366519ce4c9417b3e8b7e5db,0
273ce32064b49821c169d7ee6e23cc310f14608324b58e6e1a105eddd55b235a,0
276af13bd1d5e4be02b2bad098b796ff2fdc4c1c411479306a1d6b9326cbb781,0
277aa0c40ac43eb9900a1704042d863587501f105a7ac89c40de35ac70440c82,1
27c407cc0ca0cd5e72cc5e28194fca578adefd59a6bc550eb12d594e4e471b39,1
27d95f5e91953b69ddd954dc45e6e1f56caeb36a16c25b7e94300f72749f55d1,1
280c321fe7bc5ac867abfa809448d117ef7e341b8dae6dbc45bce10172ce0187,0
288b2a1a810f64f1ea93b4a9a0919e6c966b597fb91d5d3943b8c86653b38b85,0
28934dcb0d26545d17223e4e5991e9655fd521bda2861a6e9d7c248bb322eed1,0
28bbe5ccf1c9b968ff8d890801af1226eac1e313bc7a769cd365ba0041ebf108,1
28d1ce06353855deeac518a8f594932de37b0a4082b4f3269c4234019af4178e,0
28e832ce23963015704e0f33ff4ca10f39cc347cc48996416dae76d42f94e489,0
28ff6e16ba57f0ea012e522c384f0232787a977c0e0ffc942e9fa1ec49b853e1,1
290692d1c2fef3b4c682ea140b9b5081ef64013cd1ad14c0935036cf9dab472e,1
295f81561539e6e7dca05e69f524a3875620076b32fd203f893f4816d244cbeb,1
297bcbc30d158a9e0664e7e798a676a7ac86cd3e043c7a1772933a1244aabea1,0
2995bf0e1d2bbf83eea9666f18c6e4f6a6a8dd6f115c30e6a04edbd364bd82ce,1
2a027b7f699e1331399eeeba49828337ef82f12607e14660a248a8fae14faaef,1
2a30ea90771891b63305aae36c62c4bed509521d1df9362c7e9770054e531d13,0
2a47a5157c876c22ddf16e97f5774b65fbde75abc4b7040f65a197d2b0fe76bf,1
2a4fc9077a951965d0bb421908eefda1186518e94e3eec02519be78c26bd0748,0
2a507eff9a6262d976d45a4f0f2955ed782683fb3eb1e5ff26f6a1dbda2dbe3e,1
2a6804e4faab39eee42d32d4532bdeea80f2350422d624dd87409f412e1c76e8,0
2a7815c82b430fb3199d1af96bb638e68f7f1e83f621b714172d358b9e6d1b67,0
2a8e55e20ba56cba400ed3c4dd780183f21b91c4524be86262bc995b7982e924,0
2ab28d041a708c0d6a9afcd9fc351b1bc74f306f2d70832ac06551cc52a03779,0
2b277b928a73245587399fb97d23bfe97003ba3edf2153ae2e220eba22916dca,0
2b4b5ba99fcf52b47108d30785f3078a86e7f562e54447a35a94373481e1972c,0
2b75550af2e041d07b7f8faca78c6b2e2b4387f9fcd314a2cdafe8eed6dd2baf,1
2b927493350779f5869f47c4f0d9eaa552e4b97a3c8cc9d5a4a148e54ce6881c,0
2b98519db562971191f664c11352d83a5ea1adcd9904453e0fc1c8863b47074c,1
2b9b2c36a54dd63d16b812f772ee1902cd41c647ada63111d844e8b418888355,0
2bdae8f4fcf5e982e5c96d976ff59fa2f4bc4aaace472c2a9cef016dce657ab0,0
2c297f6c33de3c219c60e0be23f4ae3e2c545fc1d6a12b21726d42a96b4b39cc,0
2c5c54f0076cc2b3e19a9e53c72d732649f187e9622c9ebf1e5916f6c137e904,0
2ca5c3a84108474b00639ca289791655a7fddd93b9c2abe61d9f87cd3b838b26,0
2cb09339445bd47fe625791ded451a167172787366d8f6dd3d201f6e7fc32ff4,1
2cd75ac65711eb6b9099650c43f7ec5af8d51a4bf7c1c3de0cddab6d6abcb944,0
2cd777568baae4e0ca6644547c608f85b4c8c86c6d0f1333160f7d9d3fde91c7,0
2cfde593b1aba975fe383e24c20c8f74e9fc322032a9e06766e05a1aa897e454,0
2d0037438d89d13516d228f90ee08249640bbfd4a90a3b2a06690dab73fafd12,1
2d08082812a829b915e54f05ad3a3454716a529386836d7e2308dd5ff840b0fe,0
2d2f18435a5c59997c45c59c748a4e923e0a5ecf3e24216581d6a1fc7427b9d9,0
2dc859aa843ffc423e0ad64c85199667a4ec8a7d2373e29152eea9ec579b2261,0
2e3d51c51e012c24c1badedebe7a65949ab19e1b1c9a74b96e30d51355f7162b,0
2e42b73bded7d9191de985f6cfe89f06fa7b67826195b2b0cccadbce9f99057f,0
2e70027541904eb67bcf062576250e1c5421a563d55eaa8a0d701d6d2412f1ae,1
2e8f991582cc8d776653448d6d610e7d2c7449f0f4afd1c83464941263499e1d,1
2ecdb86fa0408eaf5531360bde660b8eb4a4e2a01ca0a9de783cebc4d3cfc9e2,0
2ee8f6a015df6cfbaefc35a1a7d42e46ec01f5fa79f6915dc3c09e24492ec968,0
2f409a5acac9137a29105d0353ec3028f41e386a37cb6534c38973d8522558b1,0
2fad627a86835e927430924dafc968516d30efc6c831245c82e554aeb864a81e,0
2fdec5511240de568cd7c0c0edf1d97af765dec3d5246db87f6f012ddbb2d012,0
300d08471f775a683debd37d002a866daa5e1e73810ede729a6547eb35336cbd,1
302a65ad08e5e97f26ebfe2078f840fad5796e0b1197e1362011e43340896c1a,1
302b13fd3f9d1efd9f609eeadbb487bcc0292412d9db9d575d9237831593cc16,1
305259d16e5470f9da6056aa5e8b3e59aa7c471fefd6c62527ecc233f4ffff21,0
305e089f446c455a9d8e9046f611558805e84d79e170c147fe56084312ba4055,0
30690313f83d7fd2f8b4b983989ecd9f6923f6734cfbe2081c5b8acdfb8bb53f,0
308836b09c7bcbab2971eee15449dc194271823df37ea5595b2d01c65d76b409,1
30d70ebaf4df9d8dd404144a9de8c4160d8e4f30d9170e44b9178469d201a515,1
30ed8914db6f9c599eea8f4516a5fa22aa550e7b0397860de158def00178673f,0
314e0629ed434ac185029abf8df96b0178f644e78a800f84bf8e339b0e757150,0
314f70bfebc77558a7edc5fcb14e77696a620ce8a75dd6b0a404114b89c3cc88,0
31c9decfed10672d1b6291537a5face2b7aa542f9f1e1090ea9b8e20acec4a68,1
31fb676efa8a7a4cd9b16541be1fc9e8f2c5a9c76b5c7fda26f095f5920fb205,0
32117e487dc257088746de226dc41cd39a8bf39ba05885e03baa9b17db2404fe,0
3224c5502f33efbfc2f3eab6aa1b6993d3998bda93ca0e1a645c34d702a1526a,1
3262ca229c51ccfe01d1a819ec1de14be890dd9e520f38469eefe56f1d26caf2,0
3266e273504846839d80bf80bb2751db536579b2c8ffdf069f27b78cfb9c7c51,1
32a297ea4b02961653edbe0bb5c1aa5709f4e962521f6ea7c76399c1d5f79f09,1
32c4d7614c73756231be96ca40ed02eb841084a88fa90cdac8bd1c9c911d5407,1
32e09794c51aab34c0463b389388cbb3572640c4236eb7392a367b6cc807433d,0
32ed95743e926b6480d5867575bdbbd0cd5c10aeda049ecf3130216669546d90,0
335bb38bd305282bacd79dcacb8f3b2b9a646fcc3148a80a341b27b609395310,1
33858fe7c2539307e6b97c76953bc953a96aa008a1250e42d11da8a9377ea006,0
33a1c8f53ce53a8f9f21cd30ebb34592fdf15350a9c5982d9684dd72f9d879d6,1
33af33192a0fd4b2a6267595187cb9d2b0da16d1163176ec0a19b2c1d9629d4d,1
3419e66c602297b497d026b52b73b3015143507437b8c4a39aa341f0e39735d3,1
342c27ca1c9084b5f477e421092c4d58e6b2023b590c78b6546d05b61eef54e7,1
345d3d5c05a6d5f8e960cea44fe00991d317e49881983b77d4c50d3b1b19a2a5,0
34ac3a1a5b3e536abb7da7a7e738e7b90ac04d27591f6c9a09ec9c29432b7ba4,0
34b03c29b408894fc030fe8f83dd8132157fe3213fc3eed1d24b68283ba5a920,0
34bb806be496b8624557d26fdd29acff97b3e2e676781bff5e407c1f3417dd9c,0
34e3cf3317ca73389a66c583b5b2995627010d5e9824f01ca99440789b73c393,0
35124363888191a44421096d5b220409ea372f9502a13cf481132bd5ae50a040,0
35504760b37f02864e3a3d4b95c007019b7f754c9286f2ff56e5dd5db7336afd,1
35cb40a901de2f1bdbdb23ddcdf337e215f70126036c252f47ca50cddba381a1,0
35eda06aa891708a3065805ee5488328e959b650d96e4570974f5587dee7c01f,0
360696f68bb83752316c69c9bd3dfe06d7da7133cd44d251287872072ba7eb02,0
360a04731b5a46d0b979ca76bd56bac60225f69f6e110de41b0a4949fe8073cb,0
363d69b422a5c496a652bf312f00813a7e8f73c59376fd36e640655814174a7c,1
36432b98862948e5061239b395d544c92ab7576a2e2c2a4ef84fe4af071a4511,0
36689e18f9dac4d898d6fb36700342a0e9c78955535139e08574f12ac2e31233,0
36eafa4587a5bd4427830e6d8abfcf0311059974063c2f39d8d7dd993c599e5a,0
370d222987a852ff3ec358523c39863a37dc1892bc75714e7e4ffab01e716d38,1
370e20d555e054ccf4713b880411291e27d199b90bdff6271d0a0200e69b3421,0
3711ef40fc9e41264648edc4b6171e7c5c0187cd68f66c85794651a4a155d0c6,1
372800677c52051dda0279926905b5f97b7a56fa4b962d260a7f6101ea15ac81,0
373cc3a6d8b5d0207be7209f6a4d532b1ae528673f016b483bb063985396e86f,0
37661812fe9c1b11f6fdf8d1b93a426acadac6961260516ce33546405e447e4e,0
3802597b277e9830e4286163c2e46f526be2eb255c1289a58170e3558eda8562,1
3867c8f60610a508e71f0c6ad1c6c57c447d4b3ba44d671b50f6501f6016db9f,1
3890fad803b1759415fea940b4a3fc4c747a264a5ac977fc4504b8eeb5a36b68,1
38fbd86ff0cd1aa344ce769befef5c5a531d400a19e5339d75773126f35ac8a2,0
391177125f26f353f9374e4f8ff1aa0b96381693bacc2419a22798d061fa6d84,1
392aca33d8db153b771a599c9c2c63975d3178d5844909a3319dac2494b27ad2,1
3942cb66a2ce75dfa77e3c3217f333df7d5c99b0c7933adda940668a7a281a00,1
39e3b926add16c338d2db66d7817026a40e91f6625316151256b62765c6bcc6b,0
3a0c6e626c07cd003a10afe32efca2a00eb4f50625de585eb95ef0a208428af4,0
3a468463e82000ff076f878365ca3ebe2871bf1790901a428adcfcc3497fc276,1
3a595d89462ab8d15f365a3c96f7197ec4267f97401d8f5d532c8f46ac2c1433,0
3a6d49a47bb7c4fc4e212b4b211054b85038e9cdf4ddc877f61d4d495346e53c,0
3a8040e20a4ce8a71aefb2d2131183c7612576db4c7e4e4c1eceeed5af921298,0
3b7627b7b91a9b3a88f3b0d08a3639acae8b299e0af8ced345cf0887fa7b5409,0
3b843a8ca383dfb5e1808511f1426f0ce23ba54929be64e697bd7075c2ef758a,0
3b8b7f56e785b601f9a88a212ae5606b0ff7f3158c944cc98d2608be9abfc835,0
3b9c8e6066422d8b4945ceb2fa98ac5662740cdebd7be2a2eadfdd28da1d42de,1
3b9cc469c574c862619f65f25a335dd2d9613c4dc817a637db2c7eaa81316c8d,0
3bc961287571f44b52abd2f2f54f82d2d4f58b0e55bdef53279bd5f5c4582909,0
3c2587290d339f945d0dd0a97ef5ad3caa7b7bb877cca2e13fd237ec698625cc,1
3c397c840eb1ab52b7e9199d10dc3294bf0a9b8e9e09fe8ac6583f4daedda6df,1
3c4be8f317cca3f32c6fd7edff75b52190dfe6da5c00a98b97d2a11f5d0c3d0f,1
3c4f17c258c48e4076157eb8d265383b75b231ae9103dcf783a5bbe562aeec65,1
3c53c654eba11dc3be7a6e8ffe25745a08d05a47d756e2021de2ee2ddd162451,1
3c5b3ca74dc7a32a9a0d4302929c843b417131ed96c2435817c62ce0f742e623,1
3c637c6b415f39f0683a0190d36bb28e112c2eca83e9809e5a23c60516e93893,0
3c67e61658cc89b472af52a5d7463fdc974420cdc4981ed535ff353f6bbd1bd6,1
3c77248f1e8f0c3117158c466fc7293bd545ed62c1ed2e283441a8a5321e81a4,1
3c8b1cc266de2eaa1bd1ea8d773a683be8a20231a9e8df75d69d01dd91661244,0
3cce96863b7f1dd343f566feb5af2537b97d28bcfea0c4f1e81a794e6ceca72e,1
3cdff85293118bc5e7d2655a128a0cdddfb60040f55fcdc154891c20a62c0b21,1
3d0c5290d982e924f8dee63c55ea02dae394f251495c69fa644a821764e1de6b,1
3d198d59ede70ce1f9b4e5a3faca9c32fd3efbb978bb8b79a24b75186544616e,0
3d26731135bbad920074eeb5ca49b36b7711ed807b423e64ef9ceb7d82da12cd,1
3d26a830ad37a48d1756b2920bce3f1d1db2b8c3a74f1b4beee9ee57dac1be58,0
3d26ddf53c5cb16b4dbf4af4c6966c2943975af79b9b2ad4e68fbb8df6e8e5cf,0
3d39df3c342c28e4a95f06493cc1222da31d037a318d40de6daabb6b1388dc97,0
3d3bd339221b3ac64b66cc7a97d1164d6b2aaf9619858fd5c3c4113d37d71bfe,1
3d62884f188c59a99c41ae96ec69f5246539f3a506818898e29ce24451738285,1
3d6b32b4549e8d9abc2d20e5391e92b7b52a332841960dadbdfff2aa26417571,0
3daa6a9a0e45e06dea1a3273e449df49fb651f3295295275cf7e63b2de79b624,1
3dcc6c865c9c48a3e7e669958979c492a93f337c28b71ca9f4d2b00671c1aa3b,0
3dd0d0e696c62aa3aec0651f85b4cce8c5b2f4540fb8e693c782b97cfcba3ba1,0
3e166c0edbb32e1b3561d9b08acc694d8c5b24f4d7098735c1df059d288552db,1
3e2ea894c2f716d6f51642d565e277968d430dcee83df474a5c35886299e89cc,1
3e569aec091f7a4c9de3d8f93bab493f6400fe0dd70f773217dece0ce7dbd12d,0
3e829317a6525acc4365caacc0e4a763e1cf61b87826d2204356277245da29f9,0
3ed09137766e7f91bd4c25fe1dea06be986a90abbdbb3c68279312b1cc43f457,0
3ee655741157a9450768a80430052d6439105a5d9ccedd88bfac87be98487d9b,0
3ee93aa8736dfb2bf3d9aab68b520e73e6484682c75135eef6ba6f28839247b2,1
3eea8ff95fe7e8021d94d71c67636dc237adf54555792881e7bc10907e35ee3e,0
3f336c8dfe102c70b7a9c8d95727531b9c727994fdef837b2d0b3d3fe9a95ac2,1
3f410fd2c98be05863f16d164415b326b330c00f4949cf2e3c73f9d2e8da3e21,0
3f4b4f5ac088470222569bf0d12b91abf444f582c71940487156df483c3ee868,0
3f5ca0e5edb7e3c1c6e3e16ec715ee5f216cf6df049a7cd118db47e06780b7c0,1
3f954e3ecedbb6bb871aec5c246a0a85798c9fab3ec2a8e6319b3e33918d6c01,0
3fb2e9f3e52360adc9afce4e4343c6905a7938358de8364371078eba5b829acb,0
3fd2fe0ddac8332eb68b4205997377affb4798930b8e2ce64194e41c47224365,1
3fdf1503f23e438a8d6d4489019ab69dce0f98dbcf4c6a2638ed0fefe505fd6a,0
4029869c05ea5e8362a92fb95878c61c152d54d40433709a892eff16f51c21cf,1
408bd5d27a4265e8bd2b9c6c9ba00b0fa1dd481464abeef678441b7d3274d30c,0
40ef6752cc6a3551eda5ee33560c00914251572642133249dbcd79b6cf6ea593,0
41059828f0eb99559fc35ddbeed59296b4c4b78faa941885ec8be041b2dd9b73,0
4110c343e3f8f2ba1a7b0fb7317ea2b6cfa6b50bb26fa7548d913fc04b8ff6ac,0
4115d41c3c8792e2fb5f1abd69acff31f37c2140397a5271a96b1c1c90329868,1
4131ab72fb656e4715ee39d80b91383b025d4d200ecef0bf9a7bba5558ee9720,1
41321688e86fb58ca1c15c0db7a0c2ee066d6dfc2aa7594e8e908410e34ea55b,1
41397d67b6d5cdd0ac43dde08931cd226d0c0835f30f7f438cba7963aa500a00,1
417524863f9c3d5f2050f8cc63ffd0ac58019effab7f93d5553139985358dcbd,1
4184733b934ba6d3a28c1f4737d5af33e7070097c1ad9fe432ec61f7015c4c93,1
419432ac82bb97e25d1eebee0570b55291c490524728951b3c38352bf42c5a38,1
41e5d48444267f7164150df1882e42513d8534e5b84b2d95c8693f1e297e6a55,0
420e556d6368eead91b986110e1b375619996f4b75deabf2c5030c2a04a4d890,1
4243bd9b7adddc8d67e71a45b3a78259c6aac4e7143d812e747529da32d7ea96,0
4254c6c2f7a635298aa4767edbcc44c87f7be0f4a59ac8b7d3e96bf7644804ea,1
4266119090bd9e3308766e160e7d4406c61ec85c55e686071405d2c558637242,0
42a309ae7cfe7b7b58d7ee2cddaec19c87a146aab264cb6d543cd4a9b51669b9,0
42df00382582bbacd53cc78ec819816a70281c17ea45339db159e2dbdd9615ae,1
430f20d148557bc8215da045e2a31e82e63864608aa96e4ec0fa82267908e35c,0
4317300985375dc013a6be807a5d8f562e52591f256b7bb46e96bfd0053eb337,1
431dc27b1f421594bb6f43ea1a00775d1b7ca076898cdb7e92d7cfe52f86a3eb,0
43336e7e12fffad7843206b0e022dbf9ebbf3a25bc16476070494014f271646e,1
4336a01c9d7eb3d3e37fefb2aadeb1b03ace372542c860371182eb709314983b,1
433c51d3b95b96e2c8bf7ec42380e92cc83edf8c0aeedea55885901a9a45fa07,1
433cf01b9d55089290e8390d304854379eb56afc45b9bf553efb70f05d4e4322,0
436f606dbf17c4e9afe926ce3eda2f7dfd77be1f674f6168b62e01cb94ccdef2,0
438f3c6b0c736b24bbd13078cbfea3012f47fe594e4f51f0dafddafb830a6477,1
43e6c64341523d003df434b2537ce9c3d8dff20a5109a768fa567a9abadd315e,1
43e8bc0646f1ecdb92b8f154b0591612510b8e6d6bf8c628b6645429c91a8151,0
43ee7aa400e06dcbe1644956fe4db06e7a9c5e81a6dca29968ef448ea84a7aa9,1
43fae4649c96669c784c2ac18067582938304c7567dc4a6f120777f2c26e5cde,1
445fbb1b721e8d6710a6b1a25fcac14e0b6e7d7d347ed605e484507bc570735b,0
44636267db2131a43323c722292523b2d58da55325dbb33f5c75fffe3f2fc049,1
4474d00ed362fd0a70e37623edee203bc52d790466d6e976823981b8eec28704,1
4493cf65699069c25b5c3a3f21822e9f42cfe71fa4a70ff412b23289c8de18b0,0
44b943d637c7dfcc62dab84f13fdc2743941d33c96b0f73071f3626b6cb139d1,1
44cf0d56bc09923e947e5488d2123d1c11ea52e2840f76df4f1650989742f048,1
44d3118d9bc50175ed228ca18c6ff40c8573990c9f1798c52bd603ee4cc21551,1
44e92a2d34582283d9371c9c5727d0fea9dfeb7cf365ab32ecabbc47fd997976,1
453401dfdc334a1d0a9c3694b09e92000b07d0075b68eb1d129ccbde668d3824,0
453d2e69698e4725d9d096b82e329400feb44e242d80b3a1509e80a3f1287fe0,0
457c318c3bfe8475eb8e6e4d8580f0dacce940c8024c33b0eb956456aedf1100,1
4593784956b83cc5811a4309195fb289ff897d360975e4b93cd41e9fdee9fe02,0
459e51785978889e37302fcd69734d1fd59b28ce61fb70550c4f8c23e18c6e81,1
45a213455059fccc295bdc742dc553e08e5be14ae646de9e8c0d54b81c1e9a6d,0
45be42f2935f9f6ec5eb7db2a6620eb636df4daee9b7b0ec590881227949ea5d,0
461c05cdb8e7d3903c6f148469ff982953fb0966859c29186e55b3a601dc773f,0
464fba9c398fd7761236aa4f3169929ee115f8bfc465bd9c6f85ad3fa7744847,0
46bca9544789080cb971edb9ee054412a23b1af0d54d354af0a0c82d0f27d72c,0
46bdf62d36f9f23de11626762c43477c5b529c769d2bfba402deac1cf186fa60,0
46fc1f4c5669cd5177ce353ee6c4e7ea947bfea6cbfc56c9a5c5961dedf15e6d,1
4716957aefc054a74d96a9dc04f196bab7efeaa25187ea5b0fd20d085d9c00f4,0
47186a7387ab92d986a117520c07c73eaa7b69cfe21c2414c17686b221150f30,1
472ed4507633f2e4131993b60f5b69ee15ff4ebb10bb100c63a69573359d924e,1
475a7ca4a64c1b12595b7eb7a7b35fa65e4377affc402ef6ff7789cd2ca05186,0
475a82ac34cc14971eddcb7eb5a80d03b6e1cb87d531c546102cf4bab67bc765,1
4761c9add03d061eedd294b7bc765775e121461693e67412408028b66423da91,1
4788e4535c3fcba9b77b8cd5f94ddd297f89f76f86ca5370b2a90aed021da552,0
47bc1f903889b81c9967e5d7feeff2e09dfd6cd68f813d71ca16c245891516cc,1
48a1e29474ded29a842b962ede24ca4df97f9628bc9ce41c1ba790417e3249c0,1
48b66b3138e4fd1c80adf5091ad742f83861a83221b9b699891fb35335dbe7c9,0
48e27b67465693f1a2752f6cff605ab1f5c372eb1e7d1af1b5d277863012f79b,1
490963cc676c425bab1f1a35b83d3b6cce1196f8bb615dc48223f87b294e34eb,1
494308bd0a940fe7f3252b863553f2fa171acf8796146e251991eabaa8c7933b,1
494c325482ea5ea4603fc6cb48e1d2d827493540af8f3a0998cbc01e55f03f58,1
49653279ceac1c9766ebfc34d794888412bfb118548a2a9a96136f3e97809d8f,1
4a09afed00d8a5f71d9f853f9f8a97074e7dfacc32d687237319bdff51a99b6e,0
4a4ca1ed1c51dc9b81ad2fa71a2aebcb2839eb4992606962d2792323c3741382,1
4a512e8529a6c07d912cb1cff1bb9919ad79256481fd978ae0bb0342a61d13c6,0
4a75f0c5a433558ca26a85c7b257f7d577492e5976a1ee43765102e3e3f260da,0
4aca055aaed74317d1ca1bbbd643f303e4b01b667cfd48ff3cf852035cb4749a,0
4acf26bcc5c4b8e043474e729b3d75e7ae32d7215bd63cc1e8133778502df9d6,0
4adb772b1845ffd756eb0a73a0216b261b5494e8b19123a405ed12063d0e981e,0
4ae6225dfd75bb64e1fff6cf087e0a2fb76872d5bee456f129a0ce34ecb945f2,0
4b373adf803084540683acb1d0c438a82e8f6f4739a6004f8b3bec6db0f92e08,0
4b3f4433ff729f8163affb7b3fcec6670d87891fe3b55a4637707bf203aa86e2,0
4b50ac7c572ee4cf7cb02eb6263b04327de1bf5da298d465f805dfa7cc737aa2,0
4b9a4a4462a68a6185d0440f6477c74a3e8cc976496f0708d384e133154ce0ab,0
4be0de96a61ea9ee474359fc5b08e3aac7a777d744e3648a5b5c61911ef152a5,1
4c302706c2b30aad38217af44ddf949c212896265636a11377faafa762a86a03,1
4c360d324ef01053f099d58012bb7a18c08fe40568c68e6bf363b6f32fee80cb,1
4c68d2ed42103829a915c07126baa7e660a83a3acfe1601ea24538552eafa49e,0
4c69d9127df860fd831a0e2b0657c2698060a787f7c469a977dc76329ed3c8a5,0
4c833441f5ba4bde00442510f3c0446a288cc71751f630266b17a19e09a4807e,1
4cda50a3052685e64406d2d0f73a861ad6fbc6e53a7b61e710608a555e3a3922,1
4d1a3ecc9a010efdb85a3cff56186c9c814f1965bb1a814560989eebd83e7e2b,0
4d1f0b43a4663690d76897ce5c8dc08642c99af441cd03de34982b4e14c25daa,0
4d3d8427fed09de86e2886437ef0f2c7ac8c6c5754800cca7358cfd3bcb6681c,1
4d68f1f49d0238b26321d84a6969b2782f68f13b5a313d0d435b50ab522bf23c,1
4d7071a76eeaed4ac189cba0b8cdafa2dadf2c1c925b676707246ca464a18333,0
4d735a6592f1a74f75a190e237d447dde1b468b8be83d154855cde3d8b162206,1
4d79008f1c97221a6be1ff350e5d5511d04e33cf5f42deb12d9f918cb457bf8d,0
4daeb0b1932a3d7c3231af2a88d81fc74a5a582c0649f64dd79c8d5487dabb90,1
4db0487fc9f45d1f1e03a5c9a362626f1212f4a60923937c7aafa757b9fca7ed,0
4dd3902dd0b805abd014c3ab27dfa087b080d9dd138e4bea380eaad35c206aa9,0
4e0d6ef24dd1b5d63a89a59d499444c5772c1c8eea26893833a4b220ec3e0ee9,1
4e29d04bcb12a99ad68f71e233363b933b80cdd622e081f945790011e2f2d079,0
4e3d309b4d6c0f71553d104d239163d21a5df7def9491f2f67766ba650f8b207,0
4e48e1f665ac1ff79f5e77091c6222ac0cf163274c07dc4674d50b7bad6c217b,0
4e4d264dc63d1cf70ba40d6f668130e1514031fa6cce7c8537aa331831940c61,0
4e58f3d02534398a02039ae01fb2764e5546011bbfd87a0f3a44805d3809dd58,0
4e71af36683bbd883406514f69f9828c492d1830b4b814a071393f163cd55e32,0
4edfda1348f4209896aeff8cec2b41ac471a86015977a1820a658d89cffc2562,0
4f8c17672a28497e5e745d412abe72cf6aacf80bfd099ce7a76bcbbdef57e2ca,0
4faea55c9cfd84c85de91009349c81b1625555efe4622074197dc1f5f47ac8c3,0
4fb93d9a8c498b8cea7b1cc88ef21fa27497a0515c0cd5be8f932c80eabfca82,1
505c269df878a215a02f460c7b039524d9165f8feb8a967d9dd7ed6c8778ca9c,1
508aface76d578e119cb8dc047f2b59537cf24abbafd513cd196a8e2a5da5f6d,1
50a65ac6f5a736d7dd9037986bbda309db8d2f97bae18e76d3503db378e38805,0
50a6e5441ee49535f0988812cfdbb19c8ba04c99f9bda8633f868625e0c870d3,1
50ade9ace17d31fcf91831045e7229f78af61c46281baeca23d9560342a1692e,1
50bbaedaaae13da6177235278e361adb6c4bca5628818fb49c2f450d37392896,1
5152defe8794d1669da88b3b9062ec818c15819c9214d60f06ffd8cbc1642244,1
517f46e0b4fc7b16ee6a922a8f3ec91ff578f4fab721bec1fbc2f44fb054ec49,0
51d4b271136c54c7bf0c93387e23d725a1a24c287b4671b4e626810bc5321667,1
51f714aa6bf6790975010c37bca5a47403339bf0f0fbef52d0d7903af6f9b5b2,0
5244d0eb279e92781cb29e349c6eba7191cf1e3d60b86f2d90c6f8589986f6c7,0
52a26ba6c0f4be5b96f0f882a191face2aa7587dd52604437591f8d2fb746e7d,0
53293211346b333a259a838afd0e72bd735225dadce6204f641e7d95d4fcadfa,1
533f41b190cc19b5d1bf34305d0827aa9536765f3b970aec3bfee810ae92015c,1
536abc65f2783b068a65efe9b3c103e65360775c6306b5a5677bf513452aa468,0
538cf27613a0f181979b5144b85393068377e15e66e4bfe954dba8e7e5b07fc9,0
5390473e9262a690a1b136193fd41a58d0089363a26b88abb386ac3692eaef9c,0
5392b111b682357b8b80972e45c828184b3b202b73b7a945e113dffa08112cf2,0
5395e818e0b2b7ba7367df74710d6078582bec2ad4d29edc7cf07cfab114cdc3,1
53d45cab903e2721a1778f40860a70ca4bfb4356792d58f0ff661d2aa7822ab5,0
541de7297d796431951b3e846a04927aee799a1ee8455a5275f1dfc0ac92f5ca,1
5461083cab63bb226b76e9081f7dd7148ba0915ad93a128dc5e3f7db29920837,1
54681eaa2a17ec550d9652bce2b4776cb83a00fe49dcfb286bfeb777d21603c3,0
5488376d5fba3d1a7ee993f80c1feef366fe24146cc3b5af0f5ba8a1a8183e31,1
54a3239aef84844d68574ec4833cb9ba436e5ac4d5f7469071cb6c7db3b95488,0
54eb6f85cdfa72c0edab0fb20871c48086beb421f48eb6ff01e0aae492ef5d11,1
54f66be6c2468cfc57036d3620f65e5f96724b44033706710f221228a3163476,0
55157c10f3318791a77337c6175b4de61b15fe3f13843b1ac535cfbbd1144efb,1
557b386cb77e2fe938a5f8d6f8143631dea6b836688b093cbad9e8604df2e356,1
55e5df97b06bd272b8b9ae8570cf76263f300d7a7484789320b7941b0d294fb1,0
560186ee27a9cc1d6df09ca05de915882ade8a4263744aeae173f6e2b1914eeb,0
56903469a8ae4e3d2616ae906df3de8192bd3428088881c458b7e1814d0c74d5,0
56b1e07c2a59a96ea037c2ae2aaa4d8c710de6f6017c968711ab78e5a6124bde,1
56bf3a7c7330821e343212d60164f7b305e27ab809f8ff228dcb10d7fc3d15d6,1
56c27b7fda6281957a337d6c745e036fd46b652e2a8fcad85d32aa33277fe78b,1
56e929b501b48ef0d04abad79dd5d98f31807c7d04a46f3be2935d23d9a3067b,0
57055415280fe0619ce6dcc8d86c059facdc9112aa5ffa3d89ae10ceef8c0d4b,0
570796b924800c2766259b11fcbbe48b0547582694d7d9f8a5c8c9c82b1aa3ac,0
571b8f2234ed750ff3240a7b0930c1c58ade1a2ef1c21d078a58cae0ed63ddb0,0
575ab9db56c7f2b99c0a64b86b9201c164a92d99e9f41ec4c9609474bb85a6e6,0
5761bf015eb61458579e3d4b15bf1467240cdcd844d4bf546a825412aeade145,0
576aba638934b01e2cfe7c904d7229f4a2e1b954eeb519ede991f25f0e8be949,1
576b6ab8510317ca1a9c20297130ca9118b548f5b77346b0e0561783009ad4b0,0
5773412001ae13003537d5b799d4a9d0fccd3ac609502810c86619e12b89fca2,1
57972229cdac1bda6fcb256c5056dfffcec5f9babbc9b175bcd1cbb61360a058,0
579774d25570ab2261590459399a1c4de7c8faf9f6a9bc764e5e50da23ad8588,1
579d3130dfeb500b8ad264036e5bb1d696508ca5312ccbce7da7a1f523bdc567,1
580005a6a9eb8f2445d404dffbb143f2d7bde3f5520f4cd48471b1eb8730c31a,1
5805a8d769258a63af7d8edbed251db726e3ce4e77b922814c95c10889d63671,0
58084fbaee586aecd52acde6e37932db5452ca1b930cef4c0d0a45c2d93ce0f2,1
58130af3df3bd0c4ed9bb5ad4d7cb649112799db2a5df0b2dc81fc324286ad60,0
581776d1d4c4fd18914bbb511838574e56e6d4134d2a3e000a6adc51f2e3e10e,1
5851776b737f0ed4fa2bafe9c64b8070a57b624129c8be1a4e4fa6cff6da6024,1
5857dc267ce664b1bb819273441c83fcab341e32b71b4a78403260cb0ee31724,1
588759cea7004e475a45dec9ec9044ad557d8c98f83fe765bad1c36ecc37c68c,1
58a5d31681f2fd20d08186f4002e9e9e3fba64208f313ea25e068e76dfcbff4a,0
58a795c2ad47c3fa783057b382df0da4c076abc2632db6fed907c73ba2814012,1
598c095978c04c64a4fb0a6506d47eae59d6d14da2f1ab56ce24d61fe2c793a7,0
59dc5d049b5765c4faf1707a455bd088032cdb52f356f739c5cd4f0c709ae486,1
59f419f25f178c6b50675c520c7b11a54c3c4159f473e361810dc9991360e365,1
5a0afc892167874f13000a600f1fc5265b6bfcd0568e10ce19b1c663414eb7b0,0
5a1900e4b56d6810470d75f8a79a591ca8222f03de173278bafb0a3216632fd6,0
5a41ab8e04e55f205d8b1672bb44c7a13f1c0ccd1c1d9f7f49840dca5ca91ef4,1
5a54338875d1090cbdd85fe0fa571d6a309ad48bce6b517dffb453e36c588c60,1
5a842dca769690eae1b91e437723d8962787784cf384634e307abc3b826233f2,1
5a86317378ec8de1f2eedc27bbaf005ee6f38c6db08743d05d6eaeb47be6099b,0
5acb5fdcfc99710fe3606cc82f992b05510f9f47ca725ac2856872967fe5e27d,1
5ad8cebe7d3092330707cbb45e7628c84473aada17c7e09665a14f3ddbbd5e98,1
5ae14d98abae13fc3a77cfce4972eb7b573fd9bee57a52d2921e46a31a2910fc,0
5af3f7bc96a6c1bb95f1f3bfd5d200d6af7b195c3ff299de5ccc64ad16431081,1
5b152406537e48e9fcdedfa2db9c766960518c95cf73578cad312d66753da1ea,1
5b48d4b1451ad8513412f23dce5716a9afb90fd8afb00eb1762d93c04c6bad23,0
5b7c1c2024322adec1734a42b8a0ef313930e04a2c18a4e3bc3b5daddbedf0ff,1
5b83163d49ef90f823e3005c40e18b8dd430722d06224638588ba59a4c3de49b,0
5ba1261c53105fde2f5a0fc2aa5ec8ada6b525e63d0dd421d026f2c589256469,1
5bb6c46e7e38633a7580ce4029ef2bd1bfaccbbaf9ecdabea09d2a8e9270cc73,0
5bc990ff1480f6a5a6ded3666ffc90614f4974c21523e42848d38b6a3399ea63,1
5c2eef26c8729fd318efab0251a7d7431811be5801792d8da97995ad29a82981,0
5c401d1a599f291a5fb3cb5656d4716ef1e8d7e06fc537d3201930820be50a47,0
5c4e58d42a2223da4a2a56d8cfed416e892b149a84ee6610cf48b0d17df61150,0
5c61ab3ae2ef9c968aad74bcee9e6234da130a2d09a927bb2c3cb6d8fec3b0b0,0
5c7615c4a0e03b6ddb4f0f9d219b9dc71fe182c501a7bcf47496917f5933a603,1
5ca983b7d3929adc301368579612bcb8949f197ac38e3b0957e22017081e5f1c,1
5d16de3e64b914cd2b598a77301756081ccfeb09e290494ee5531b3b0e484eb4,0
5d32fed414ef75b1cefafaee5be022217184ae412e1828f0ba338d8dfdf78ee6,1
5d6623a398b302f1734c51dacede2c3d39920a86bbbaf1c36e272b6d5e073063,1
5d7ef8211e3c1019266dc190f1ab5022bcea3533acf7ef1fd71279f3e842132a,0
5df1b332fb56b7fe0aff48dd0f874ea5cc57f6173ef683b685eeeea6d7e77728,1
5e132bc4d79b1847c44f058b26dfabcc35d2273f9fc1d3b0aefd739b97b3058e,1
5e13df7d9365174f4c0b17fc9dabd0a163888651f2e3aa1bef66b8fa87c0faf8,0
5e477dc4bb7c26cc7608cd4c3aec254d7c411689e1054d9590f2bc9d503ee38c,1
5e51201cd572ea83ea456897fc554a0e026d0bead8e8bdc01c271d5dd6ef80b9,0
5e5dcf6a1466d4ac2d9151fd9377a273614dc7f9a3ac63a421bd0fce8cd47b32,0
5e893bf5c10e44e1d07045379000d1b1e9b4a665702644fd9cbc40e997609780,0
5ed2ce3d1a3d142d0a270aa80762db842f2ea80e20ed2c47098915d0bc7869d4,0
5ed7ba1f0a4245a07ddf3f1a0c1b559bf3c614a2b9eabf77e63be7585b04ea92,0
5ef4140853090d5db52a297fffa646d3a373242e678f2dc9aa105322f089d1fc,1
5f002e02eb667717c11b8b20e3c7a9d16103664e17d3b6cfecc93c0233ff5dff,0
5f0086161413fff1004b5d9fe9afa44783b1d7e46348911a9a8f5b4ee99e17cb,1
5f1dc6705a60475cca0a2e0c8d801cbaa5a49c795c8df7e0cad23d816cbc7229,1
5f2667f01f4c95021899c7a40d647b7abbc1f80654199e4f3d269cf84f92a756,0
5f5889b798e026953d8bdbb042b956d71bd585908f382342affcbcd8e11223a6,1
5fc67fb2a5b4e07c96bf06c4d34ba29ebc357904c53a7ff2eb865bc06e9db857,0
5fc6f951677525a623b8e62efd956a51b2ec0c9b74c23d8fe651d074525ad811,0
5fcbaea0a4b184b641bf940d1fc2e217433c1fcf7f2a4bd273b38f0b22fce9a1,0
5fd1f7d7134baf4b80f4828f5fc07db9e096cb5be0d65929e111705192ed2520,1
5ff2301e503587645bd29c8c01e884a998d61c57f251627d3646cf1998b05ce4,1
600af1cf99bf0906c1ad20432e4ac9d42e0a69e6053774a24bd0cb58c60bf6de,0
6020d801c1a3aa36d38ac00e4d183b6bf83cd4cf91a53a4e49bb12bc4570f343,1
604ee6d0f967cc08fcf5adf20497fc02840d4cd81693995fa10a5f5dfc1f2c40,0
60aa0d7b5c7ddf9c3512b1f10fb0cb43a0022c044a9a47b89281fb5dc0b7bd0e,0
61027a07a18c3ddf8dd87fb028cb1bf5b9e67404d44ff2f9ecf790a489b5e793,0
6127760ce7d6759f6684a68088cbd1b629cbb513bc303918078526337620be53,0
614eda91df24720fe2997cc4e9434887a9b2bcc082ebf5352e048031e8e8b627,1
6153aff3d38511bf3c6e2e1bf5c39d9426f7b278bdb792e958bf79a20af3e1f0,1
6166e7647c42f9da5f452288ab5783061e8cf6386bfe0786aab03b2a1249f26f,0
6184e117dbd32b1301954dc91d1cd938cf19e2314f908d734d4ff0b4c3573a96,1
6194da77b74976380382c05c6503bee29fdf7f1eb9576ab6dc793c6818fe8d8b,1
61c03ea5c7ccc8361d8436bf5ee188a747a9214ca0d9db5d81260272341be1ff,1
61cb226e3442a9b6a91e02a51bf2955257acabef1668d8fbca2e45e3fe32c465,0
62070a15ff9969d48714034236464ef1e3878db96c2a6305a501183cc386d0d4,1
6223347b459d918140503dca1c32ad5ff23116f8e3d73dbbb7fe34280c349cf9,1
6279d34f872b73c9ff07311e8bef37833366fc4e23db22a93f861fa006d598bb,1
6284cff8ba1ab787a077497a296c0a829fc856b212625128fdb14a6a24681c4d,0
629355530dd467fe51bec149fbb3ceea73e00f235adab8e80f0688a9d035888c,1
62b2864bfb41e0a3e51d6bee006f6827c0ab81ca28bc6b2184e32ddcebdd6962,1
62b7a4370dfddff00285abc67124fdc6a221ff4051b9ad11be53fb493c81fe1a,1
62b893e93c62efbc279b405b7fce7a4d7aa176cb0949971dfca6f824d3d6c6cd,1
62e8ceb1655c109055981e3e41db1130e4b75c8c45a1659a8ddf530e5031a7e5,0
6302e342743f71e81659f5b22fdbd0ce7fed059ec312f0673fb3bc935afeb3cb,1
630a0c7a639b21e69d139ce47dcc780ee504148a3cc44ec8f4051f62aca5e3fb,1
6337d21786832dc600887c137337b9eb5ed1c193789e6a3eae245cbda17d10c8,0
633b0cc53203692ffb02b0a87c238402d665da64af5e9bb4ef58557bc35db4ca,1
634fbfca5a7421ed7f7cfe06c741c88d2f5c5686cd2dab81a548a232337e2fcb,1
635de8915852f57ab8edd9e79c1fcbcf6ee3c015a56c2bceda44f9170344179c,1
64058c7ca17adca2a5a754654ed534e5d0c31e82811ac640d421aded6e98cee3,0
6411a2bb05ccfee097e93b80192ba03237eaac64767bd6db5888325096977477,1
64442e3687fb1ae94eb4e707417075b97fcd08f262c768af9b1e36a187077be9,0
64f953bdedb7a569c8674c1c3aeb1621d3fa620e857279e1a257a9e9f1f14946,0
65068eeda113ae7230850d5ae618e93250ad084b623cae1da6bea10bf2b74ffb,0
650e4fb44b83f187d5bcb8dc6da0e247e79f7f06c304d36579202a6dabd501a2,1
6521a65537dd849be2ad10d294cde05df6f27ae3c281007984add32169578627,1
653a108375d361fef1228413bf50f972ed0ebe63a643d5f97673d9dc326de658,0
659b68e2cc221cef15a4fbfa79915520168f1265ab6d92d60bc7205e3a7f281d,1
65d863ef52d21c65bc8990f8e98eec3c3503f5a2f99bf2dcf619ce09f303b743,0
66a672051ada19b7142ecf08c51287ac0a8c8ac8e7c02aedd0c28ce8e2b2c6aa,0
66f4d1399ae93e8de220dc46b3d74736ebc9b15ec06a1a024febe10983cfc2d2,1
6706c7b25659cadeeca3663d2d6f691da57ee1221eab5f0a8ac8b1a5958a262a,0
676b0de13c95008ca6522034970966803ebd4fcf7054312e271f34b71175c83a,1
6776985c32b9e5dea55b1b856239132a58e179d1d4519e97f13fffa23fa628bd,0
67a8836c611bf7d98706cb8a97f80712523563011290782125bd58f1f15ca6fa,1
680efbd83f445384bb7cd6d80b98db75f747f1e7de9bca1d3de3b7726c4e95d4,1
6810bec3ed53cbda023b335fae2feb502e448bff5a0c4107963417c1dd6760c3,1
68389ea5f0599b3b075765bf639c3df14aa7940699cf07067e8866de7f044429,0
686308f914233f72dfed6daa35c979bbb16e5fff23e4f90461600342ca4c1bdc,1
686d156d3817374f066535c5c1ccdc571afc22c55cd8494d7c151898028805bc,1
687151cad95b001725e58bcde3dd404b64062e731cc6cf39c06dfee11502c9e8,0
688005f8dd2eb4962ba7a39fa108095292ea1fe3d6e7072bf34e229ebb76cbd7,1
68970f8dd8a6490e5d6c0e0f305d8365bd13509c92aafeb420c4c56200dc2a3f,1
68eeaa25e96073847830a91d177428c23006278802740e40f999933594b48c97,0
6910177b94fa14d1e1592f86784ff30d9de776a08d5a73a141ab4cde0ca146b1,0
691ba500c1db8e0b54bd96697f06497ac81c83bb989c73a4e77257083ac34bdf,0
69245ae739f74c265365595eb1cbce66b7d1ea75ed69c8432546f9b3802c680f,0
69735873f2080cd9bc0443ad71f3c8e30bcfd68f1b5e7927b59460b2a168b64e,0
6985a834a84881b08fa5a33fef88d7d1c27fa963fc9ac9264b9d69c1e8c44daf,1
69adc717834152012e18037bd5dfc88ef983c7a66aad3de5fcebaf46ca4333c3,0
69c1d4fbf680668144790a11907a873a8cbe24b788658457940963621cfcc86c,1
69c3f2beb1f6d28524551517e76cfc04411bd593ef01043a63d95b6a7124b738,0
69f334173bda6b26fe5aeac8bd881b14a95da9091eef37e2e010b8fb615781f8,1
69fccb4048922c10d8fe1da659f28e580c2343a9e4ba635c28995340ae851cda,0
6a001a83fef472188d4578af10f7a6949104c3bad85dadccad32a39b064edead,0
6a1b776a10d048583c933fc7fccf281634afe0d8fd1d79915c289e531dbbbc0a,1
6a562b9d955edcfe3a4ae686340fb8896d78bc0bd8a9a52874309fd2c75d7295,0
6aadd9a59d1eb93f8f33d9d3ba7e49fb18edfad6b84ab6e5b1d0d8f8592a37b8,0
6ad2e951fb1ef642da0877b25877c68fcfdc86c00c375d4b61f7e1227d62df4c,1
6ad8bb804f606c9d2daad9c1b4b6ecf048a48d8d7fae01316a4fb1fab35033a9,1
6ae79ee2a1f5eb3a8d2a5fd12d49f50e16bbede24549c027e1967a7711d7e54b,0
6aff1567da58e93f6c2f32e82789e3cde3e798764c7c4d1cf743b56466fa3739,0
6b3d8dc5f11cba9b7dcf9da884b02b766eb618f58ba818c8b8837e0345296115,1
6b67137dd9edc8d6d2d9f6201742735bdb8184dc0a08774d86ffaf0910beab51,0
6b876f5944ece2f66b0ddd21c7871aacd094db56a79a2e28e67247f526aab3de,0
6b9a83d7514464a651e9ca00827c83ec289fcbd0069f3e593559c4544beecba8,1
6ba00e569e3b36c0f8578a4cdc8fec8c1b91d5eb0bd3ef5b2b26a11d435448d3,0
6c04b2920b6d3ab96a5fda92d40294f848dacac75caec00ffd7878800a5ed698,1
6c62f00a0e382af15506dba46ff12542696214d6e54555b9e1e076ff777ea8df,1
6ce99e0c7546783e9eb10ae055f126a257d9cf2bdb84e477b99cc2c3e3b1d8b8,1
6cf3c6f5fdf55d8cd9f2e8b15f269464b676c7b704562f67585929f39199f305,1
6d2d288dad3e9b8b5a09aea48cf52de7b7a04942ae3ae3bdf91d07a83b79457d,1
6d647462427bc789b4d5ba26310128418b624330ff03567b848cfff2485bc0a8,1
6db2e36915b6820402c6b9a9cd307ef5b6ff29171f8e8f74ce074c8a8eaee915,1
6e153650d48040cc580864d6ad213f5b824be769b499e8c286724dfe3f39754b,0
6e242942ef954701dee74e209549bea3d2141d10324f1ce743ec620c796a9f8e,0
6e38d438e0495b513faa3e7473a34e71ecf8c6e433d10bc8ad0e127988c1d25a,1
6e41bab0868d50835c7c7e0756d9f88551bd76b694664403fd1f6ff5e5f3f45d,1
6e561b5bc3861d54c5c5f7c6a358b71b3238434ee68148a4502a83ad33a2e955,1
6e647baaa425c3bff364dae46a5c5505b242341d0de2d0910511e36db2402dd4,1
6e72f20424a99fad1bcb8db96747bff875d1c711e85e132f443e984e5c605eae,1
6ea63384067429464eb66a6edee5755a86decd811febab3ae0c938fe2b15470b,1
6f15158e397325b9d36e31ab5691bb28010ca62bb072107708970e62f04009e5,1
6f1c8c962e967ab9d1157cce1e7266048e92b5869189a45408287bacc2b757e1,1
6f260ccc85dd4227fafdd8f2a6bb79fc0afbc34d57f7f7aa4d2c5f47246347eb,1
6f49a88375c092920cb356e2b0f7b55d3f365b020b3c7bb8833ad5e19e6b7c22,1
6f7e1773e142befd26fb3fa5c245d8adf0e65f866a43ddd830d04bfee6ea0d2e,0
6ff5530b444742cf69edf7d77938abf2c0bfff07a696af8ef7eeb7b428797607,1
700741f4bed089b434d79bb948a813dbc066a2846b1483cda0d8cc19499c92dc,1
702aaa622b6367fd92506bafabcea5b76cb6810896c644256c37f15a89891a74,1
7044066233d7f5b428bce05df35f12a3941f803c76e2bee4d85e43f460b38cc5,1
707d17794bab55ff89305875eaab337de4e454c572fc77111f9adadcb9a89000,0
709bb908a9fc77812d94e526ced43d037804bf80ae6113423a82ec9282b5ecfe,1
70a0233c7345ddc618bed76e7d8254c27def6b77a4760607adc6932f3435ab06,0
70dcb121d678182c562c0e862bc0f5142e798f292e9a11d97f837dd3f01c0693,1
712c1868ad13475449e653f82451b8a583dac4e5a405a1fea1df8f630cbebad8,0
716ff56b355293adf45c2cb47fd32a05703e5120cefe8d5894b0ca52d72395e2,0
71d26642705437185584a8a294a9ac26f65c74eb819f8a6c656d3e98592a49cb,1
71d3752840a3a9a6ef8f67229c5f206e24f9e91305b8f69f982cdb9f13bbe359,0
71fb06811e3134a9259b020e150aa87737d582393ebbc3093e1aaa7c84487822,0
72f23da89749740c6215504256a2b1732bd4c81e3e9fa30f547fc641fa184f2d,0
72fe004a1f595621a1b5abb7b0e30f6328dc51596439caf91bd475b597c1a900,1
731bef1df35dde3e7d072046da09aff9510b23c65d6c91a8fa86bfb15f9799d4,1
73432f169a61e6ed421ad593e84ce958c11359e1403f429e69815e5ab9a4bc52,0
7360d64afcf4abb1a096db84cadc4646cb7c24fb974dfe3afe613c60b6a7a47f,1
7370f9e9578f9974de0eee2503d16bd884e2c99094b348fb245fcce00a1aa7b4,1
738e5b17170c260040281e154a5a67abec333aaf97a01c0f35d61c684576649c,1
73ed1205bf5eea25b1d0e6e4a4685d5642617444b87e60bb4babc3bc19d5f524,1
73f7237c3470b32943dce80691079fabbd338adcd6853154abfa32ea5011e161,1
74061d345c5a51ee2e9e30ce34818ef09bde642acdc62cc2b17288e6607ce921,0
747786293788234853bf38ed57cecfa3498950d50faee5f6dbf9536e0f266b34,1
7479d3df4889c6df8657dd8832bd61f14e6b2b393ef142b1f284082bc438a9d3,0
7495afde79f37118ea9a4cd0b2b4a07082b7d61e4a686db9b564d9b67113aad6,1
74b721361faec659b47ab8f523745f745034c7ddb9ce44499a1c9960be0f941a,0
74e5034872f06d22d6e2cb3aa49974adb6b0a8a160966141bbe96b3f76adf344,0
7502fa914090993c91e0785403225994d933fa1a82ce3122682db4c90c3a595b,1
753b9cc9ed23bee7adeb14a5bc92506c33c6d8ff11c94bb7d75a2914ac2ce039,1
75c800569e7ed4e6d0f84cb4df2278298f6e5596147010f219f5a1eb1148d0a7,0
761210afbfeac922c7e7c79438b274930fa8336f4cb4ecd39af829d3a33365dc,0
761966479a88098e1830cd956b5a47cd13e8c56f011f317fa880ba238db19b8c,0
7626611387a03f39f1f0614668898361eb7c9e9f5bbb1c6fa92bce4b2c9f3dd0,0
7659f78a2c7f7ad118b1c11260e76ce4b04b2805ef03a5780f126ad9bcd28b47,1
76701f351ab3b37c53ee3357aef02e1c4a2dd84a0e614f9ea4fcf7d352e08dcf,0
76f5737649e42bcc5ff80d90b2d28de6bc2646301549c3288b16f53c674cd8f0,0
76f77e2e18d8b8457dc9d866a6e5c0bdf715b378957748afb0b1a6e467de5919,0
7701ccfed85b620ff8881a2989c4c52d007294a9c4f8195120da630a85dd35d0,0
77535584c66899348e571b269ff9f917381a259be11362336cdb4d7f543bd584,0
778c30837c6d01a3ddfb499016922ca19908da8d83efaa28ffdc6d4e6a24f2a1,1
779fa58e7ffccd2f538b02cca84a41f9e1a29f92ed98034596a540defcc8e26f,0
77a79a7044733794e64e24d58bcd588ef44aa51f142cffb0f67a2bf00b04bfcb,1
7841ce566b9b60a27e4e3a87ec5845fbfdc05711d2855e7677a9148b1032fd47,0
7856128f8345daa63450f474641a392919db722d83929290a03a38ef93b7af77,0
7874e66dad9dde28b1f365a0b0905188191cbed68412bdfb79e43d9e78a27a0a,1
7875bfd36717ad4e2f55ffcd58ca5d7b8fc2cb2bde48ef352196cf395dad7f7c,0
78ae7e4607d6d095ed450cf68d5c598b01978e40cfccc387191fdf842344a50e,1
78d225c67cec7ffab47812fa35275c0536ce4beae945d68e12853506e1a9b687,1
78d3a749712e38c9fab088316872560ae9e57cd0000c0d33564b19264acfdac7,0
790de53048437fe43bce7e5fd82a56b4e712d40188486d0a46e0e93d7fe6f608,0
7928dfadc928598a51651f1a7f1d3c4c9e10425dddcc44e93314f2b042b37a23,0
792da1aaddc1310784d9d3f538d6a824e185d2f4144cd7d93a41fefcbf2cfdf4,0
792de770e841efb6dcf8dd793600d279b1e156771b91df99f7a7f28c7f2b7c11,0
79589e9ea33e3aaad4d80321ab603d0baa4c0815d69ee064bf127cf54f59f534,1
797b0ccba87fe8d305719a6694347009285dabacf49942a8594019937b4c8556,0
79884034de7b493757df33c0821051961d5007b9d2724abb2d0f51f7b8fdeda2,1
7990e96cf0bc581d311a92ddfb65868541d0dec9995369098de859b55f1c8890,1
79b1fe04a2d68c62bdbfdfd48aa8a3e89e86c5081988d93d366a0d0098972324,1
7a20db522554be08dc4b613b8f195e5b7797dd8985ae20d0bf2c510de4a75d93,1
7aaf08e46361151fcfdb2e2d75d7509bd051643dff7d07b55a71d2db4f5ceef5,0
7abcbe7149693acacd2174f7f10b28b58986525c7477479513bc6a8d1c976f96,1
7ac28bd2062d3354a4ae89ddb66b8a2a6c41a4f57d11309406cead396e9bfa8b,0
7b193c04b130b5c3d66e7ae0a6ca3c6eb73c6a18c84f0b1a0f390f2c94d25481,0
7b2acb16b226e8462f47cb93701455a16f4cd42a68af3217f19fc2678ec5b128,1
7b37043966edb0ddff327f1072c13034f3d197d4357b9b9c9b425a4fa88536ee,0
7b47294ee094cae862d4fcb1376046ad11eace59b389972e473298b94a7e6d0f,0
7b55146d9a8fddc5c821a8f3126c024ab94803656da0ef17a61053f9bd716f2e,0
7b8b15a8236abd56114d3e16a48194c93da6b32350609241111b07d0852ca130,0
7bbc0be31fe15e6d5aafaa2011f927bd5c3d4a9d9b8f467a8627bc0431a12179,1
7c2a0d2cb2139e3c171881ece7ab66b4aa7286cc67782cef13047196f1245525,0
7c59ecc0d59298b7afff4c8ac9b73e6c50ec2e585a22ef75857080c12916d606,1
7c6451847929611431ff325cbd95732545dda24e917d3d0e97707d34a65b516a,1
7cdabbd13a7fca3610736d6e6bdcbb3225179d75f9c4ed5750071c5a0792552d,1
7ce3f318f8e51e15d4d0341a0999ec3e67c3cab7ab750819f2d168e97436f0b4,0
7d0e9c69ab81d3f2b0cc3e64e5459b6612a4aba32c266c3f2f1e26bd7c41357b,1
7d3189a5a942f53ce292b63792582f9abbe73d9ff4c5ec159e2aebf2f8bad770,1
7d5aa4809a4eb4fc625d660c291139c0586c60a3bda7084050a4f3c4bc1cbc72,1
7d7956df58204c8f75046b2a5e294a994fbb1f358d156cacd041f1585a337e7a,0
7d95e1295dfe773e0d66d3ea2e6b4f2e9cb6ad73fbd96763c275dcef7e7eb3bc,0
7e5473a002c8e3d9adf43a195d168671d103ce635a17525a3412f0e5f3b004e8,1
7e76a01e9d86e02f4db1a08fa21495a7e6250c216c7a95fa38c2112e2833583e,0
7ea3097e2d76861f8959701ac63ea39ef22f0f937eaffd2c2c8dce1d13a50d1f,1
7ec6dd23633532e2c10c77a4a6e79a38b2a12a35dd9d12d4e11d13f1481ce208,0
7f378972560de00289e526297d3ff2805b4b5d546c5555349cbf4951e857bd78,0
7f4ae0cfb421ec039a1fcf8bf13475cc63638838d95ab8b739adf1df6d80201e,0
7f9cc5fb73dc5a95dea0cf789214f84d70fcec6507afeb405525852d5f3a882f,1
7fc2649031e4573dc5f41a7aa89d364b774ed7a3112a8f4613174d677b4a2248,1
801d17c5b0c21d9463b9b3e50bd8b7618b20d00b6b1f115b962c2842b3d8ee1c,0
80326541994e5cb10fe9d83b04b72f6f38d9e971b724f3fcb4ff0f6c258d53f2,1
80a332588962fb9eadfc2b04a77900555698fcd9ef5d5461b046fd7fc7f247f9,0
80acc2bd51c8dca57aa868b97a4e6069ea607ac3a2a6230996b8178bd91f211c,1
80df6e9270fdd35cde99347aa1175d7bc9ba1e540da01c5e083963a03aa976b0,1
80e6437a079bb67566abc39d06a0de5fbd6cc90ca557a425902a1391f382c2cb,0
81193bb5282a3750a567875e57948ae3e6e7ba63a8fec5959b80ee30b8c0ac81,1
812ce179099c3f97b245874f8072043194ab591f3755a0bb3823f2df0227abb8,0
8145e71d9526147892298479efd3258c8be6b5652b7eea964d628f4d19a478b0,1
8146eed552c1c200e79f231e5153b9e3347de7b63ffdc3985ba9c9ce2e172d8e,0
8180f1babc506ecc2f7abaeb05d1ae882a110b615dd7bd7e3ecbe49b519c5de1,0
81bcdae59d4cff197a63928367ed181f0b3c788804a53cb864955ca1e8cdb438,0
81fb675ed87becba08dbfa65dbb62b4a8bc76f9488d42d86e9a5624e0a7d1068,0
821c2ee105a47bb05972019ae5f69c5992cdbc8813129b8abeffc391ca26a411,0
823e90b9506296d0b28bc8259d65f4db8fe7aa3347312ed6f5bfafed475295a7,1
82612d00f9d9bab8973782f3912dc548b48bacf1786bffeb43f9a82174d9788e,1
827bd26fa0bc6388a7a1dcf1674062a486950e34e21244e12b2d98e9da6d478e,1
8280ee41dee17ee374dd149cf3e9b8f1fd1c0a638969eb820586e5e628867113,1
82907bd06a7c114f3c9801b7a299d3348171d5cde47cd17b9bd42094f6b91140,0
829b7270d9ddc3e017c0f547882990a4aa088db08a0a8f5e9a35aba317fdcc9d,0
82d7b121252fd2e8fe57921a712e05f7e026acfc333999baa400cb68426a12c4,1
82de46c67c0e64d1ea73c92ed90d670ad2bbd062a2f6df98f1ad7afefb100d80,0
82e000ddd44a4f197858386c15f5296273db4e5986c37836a7a1d83b2d307ba7,0
82f9a0c88d01123ed5e525d457e8aecd168f6dae437e0d06182a7a158b01af32,0
8303845667b5d7a6e607a09f010047698d34a20be09e35d6d924353dff258ba9,1
830d5903a061697e9e7552ae4a89c054ae707d12e38c575dbb365eb4e021f812,1
836a435c8a13f157e02bd3ac118e5bddad5f8a7079e69192ac40a8da7ff4abab,1
8396c62367085dabe27973745ea345a3db37c5c85422862c7b3846b7f2ac5af3,0
83a76cae419bb5b355266611adb81112e43a4c49d6f7ba8807f8fac7a073a399,1
83cbb0e0ec3adcbf0e5c10d274f997a14ca894bc8bb11c6dd086757080831b10,1
840707983a3a56d1543ed95957768399d4fe8dca039c520f17668b0919d8e533,1
84348239391bae7599e6ee7d5cb87297bdc236a3660324cc9fd1a994d6e0ff89,0
8451a860531bb10babd2111c8d7a78b1bc82f527c721fd2080359ece2bcf18f9,1
8482d96782f21f7ed453bbd9fc297795c643322d19e25d2d578981d413d81d49,0
84e37a865e5cf34b79dea475eb937d3fbded32fd088cd4f247c65eb8fccb245c,1
84e6a846f6f153e0a44d716213c48d9fdfa1914d3dbb5f93193e386c122edf25,0
850da2143a4db865dfa64c8571ccc02242c0633fff6569fdf83162a0e377f364,1
856dedcf219bc8cbc5aeb30a944dc66bdf57d83a1a04cd866790ce03d8cd5fca,0
8573cfc0347bf04f02fe7bbb1d69d7dc67e70b81b97ead892704e5aa51c2b888,0
857679417378350a033904f9fb57f8424a33cf373e3226934d9514accd021c21,1
857f8b982e4dbe200389aa7fd2652d3f00a87549fb2d60379b1ccd4915e7c40d,1
85828ccc5ce2a81cea36e88e3c6c7fb481d811737acec46c33b61972b3de720d,1
859f947ce9c2430eeb8e86c82d4413a7262a2e199bd8be068358252b982c4c56,0
8605f49443fd1ce3385f83807ec216c9ae43915b02c9434d6f804b46d487b407,0
866f8b76bfc45f5eea65b310104728ba33b7f931ed869f785a7e50cfae462396,0
867573672a7253966ee70e4222450def389182b6c11efd255c16266758f0ed19,1
8675b8336c1141b4f5aab8bbbe8dbe1886e2e1c72e04701f6bb6a989171026b1,0
87114c88b6fa9194f1f1050793363497781086fff40de7ab2e15d654e6d0ef35,0
872871930764219d7dd7e83f8c6c0efd282189dd7eacfd95bab45252d7ca4cb5,1
872a1149f5b56b76b8993120e5859177cafe6fd9fe418fb1f0f0631728b100a6,1
8748003e95b4be3ecf08a9e7978f173f624eacf903a915ed21115ad03cdea786,1
876467c21f48c145c5fd4f3ef2d6dcc9c8905840b4756108e04c561910abf9e1,0
8776eae89f41f0fec1b8de902436ad0959b9a6000c9b41a24be58fd036dc95d7,1
877d6e49dde9b74b83801f1627e4e7575e593c7d47110b51d4d93eaed6aa1daa,1
879b8a52dd31ec0e5d6311a7b025786a01e36bd551ad2551e21bdd495ddd9818,0
87caf7de30ab7acdb665f4a005f8260e57340e2e01b6ac7adfcadb2f922e192d,0
87cdd1bc556a478212c322fe9843c3b691c6cf88e6bae786cf561e97b2f2cec6,0
884eae281aed65e3e204174c2bf3c3773a3a5a90158f68167340c5cc1cafbe50,0
886a678caa340d0cb52ad7bdbbdac5bbc87a286adc7d4f42a3f49e226e8aad9f,0
887f9fe41e4e2fe6bcd758efcb2c3461c441ab6ea39e856ad550d1c9fc6af40e,1
88931a54439a03ecd1e1eb623934a5b9660878f615d43e1d6d45382533233223,0
88983e1cd09def6d58794746cb75114de3fa642ca2c9a2a1293ffd092cecf460,1
88b87b977e9f67d6689a9117d2d5b7aafe7cdbb50169c4e92f8c6ce9bef06aa3,1
88c865410784c91f8483620d4b0e304d4363d3213558de2081a71939d9e174af,0
88ce24d49e6e68922b4fbf84008980ac57d876f6bcac0d1af070d262bbca1aa5,1
88d31ab6614d19baf6561f653eaa17c441ccf3d841ba034e973cce116e79a3e2,1
88f92a1d9d778fd42f9fc04d4d7ed01d017912e63f9fc04ae98cdc6a1133e8b0,1
8904339f9f7b3fed9dcf2f65c473761ed6b4860e89b5ad0c4498e856d0e45673,1
8909b897853b3e5632f424336b56f715c2dff89c7ed4818d92069eecfff19fe5,1
891d78c512385edd864362e335e8f1cd9e3e5a7291f5f42ba10fb58ab88550e4,0
8959885843b8b01b792f370aa95ad7fd3d704b7a0904b10ddeac7d9d5bc82c16,1
897cd8b5130a9078f7e0b7e8b548b5eaadc8edaca13f7f157a81f80db91c3665,0
8991b99e16ef6b69dd7dbbd5c34e136f037ffc247dded4d36f7778e1a136aae8,0
89a131034447d7adc0c2edd520ea95ad869711d7279b38d57434e254200157f5,0
89bdefb792ceefaec6f4324eb7093695a570bb742454ce556c3ffe2403402f6f,1
89be7d3f6469585f5b4ef87e71a4b6d247d10015d77b647a9b587cc4bbab4780,0
89e278f23641457e0226a76c25aa7753ba5b32c82fa97a6f1a9a4077820993ec,1
89f442980a27ddd3312332f5029901af21de519079fe4c53f67df7bdc19eb536,0
89f677912bfca589ff30ffa8726ca5208c8f17356f661dbe8315766cd34584ec,0
89f87c6a153ad8408f90739fe136b8937d0286c8c5a6cdfd62a3cb530fd86e75,1
8a3ed324fe3ae126e1290fc80f791334818ecfec15eca0bda7d50ed13b0ff8b8,1
8a436f9640f9a0d1990fa8012fb09643ce6ec5ec10e2c945d28fa72b1df8a696,1
8abc630277731d3daa5ad0d646d8de0e2d572e64475426a33c9474751427fffb,1
8ad082048f6a6f8eb191fc4cc616cf54d4cfb997ad115c0cf729161e7e6cf5ef,1
8b17cec20d61969ff28183bf07de35bd826ee4d9d9a7831ef8f27c6f5e6ac2c7,1
8b24146e3a98341edce044aec33b2abb7a3c9ea8446c76ed161908147a792d80,1
8b2430640be31c0d611d54084b44f68c42e27e073aa80e5568b0d925acbe612c,0
8b9fe7d111cbd689909e9412be4ba147632cfe4af83356d18706e3d8c7951f56,0
8ba04df7572d9ced5340e2277d4d95727c7f02cd5e8ec7c2191329b9a2cd23c1,1
8baf3327727463f24ef0606302a0aa853fb6129be270f6d6273abbd054aad091,1
8bd07314e12d70d3ab85babd1c5fbe854851927011fdc813a21ca650131af521,0
8be93e58a5c33ff7fe6849103ad02372c0511062142d8a9814d9704020684e71,1
8cae5a398a77b6b4d53f8dab399d8e9dbd9b3138d7fb2fc924fe3b6fcbaf8e16,1
8d7fa04248c06f4d39ef9924181bca0d8681b1d09739c396c1c64677cfcfa162,1
8d99028225e6799a8b107b960dbc61abe17b7eee3b76fbbcfc6462014d61d35b,1
8dabe173850edaea0f31d4523767982d8b10bf7c3adb7f453e3239b64dc7b1c3,0
8df032453fed77614bdbcb1a8f29e952c08627d6a36a510090a97be0178e6f86,0
8e9ebeb3d8772a4ca027e7d6d593483e12339b5d7d6c49a4d6da7ce3808b1015,1
8ea3b83c527d69e9b688f90b6234f299aabc27b08968be4f3a7c896c2025fb02,0
8eaf4cd70db41e9597bc3c6ab24793c8fe6152baa9c8e189e42580abe700a2ab,0
8ec7bdc1e4bd255bdf52df2b561c358dffd4aa5d604a1665bd74c23d40e15570,0
8ed573722a5348971931a6343a17c930181458f3c8b0243a23051303efbea610,0
8ef7c6766e621e1f639a7bc6a4accb1fd3797c11faf3d680df30fb7b9390cd1a,0
8f0a7d4190ce8eecc01dbfe3de19aa6ac94a483ea6f70dcbd80b0dd464534d44,0
8f11a7bfca81fcb7880a2f917d620430fb7514f961d36881bc16446c488bcdb3,0
8f136d35cdfc0653adecbdea57a1049ff7aae2522a50051c128d79f21440200a,1
8f1f35f316cb6f0e476585f185eb5ea087df0eacf9c4329587dd1bbba6a382b1,0
8f77bbb0b69610dfce5090d73c736652db30c35ba495f4063d6522297c8f7196,1
8f9d816669926fb8927e11df08c7027b1d72eb53c47ddacd63a6c0b3ca9a520a,0
8feb6b9891981f7b5cd5f62e6f9a3c0113c426a68d49e1793e8d469c902c789c,1
8ff006fbaa627b2e67f2a6d6f7d824695781d3e818e7c627af5e3c114f3fc54c,0
8ff75a3a567b9c195540f663488aa4963919de7a0bf058ec2b85e5383d589b0e,1
905d80ac5dfe4e7f1a5777828d94e0ddbb30700eeffb5d755e0bd2fbdbce1b6e,0
90982d2242a4cd111f41f1a5deea4623b00c29d6c92e532d4e9ad68c4acaa8ea,0
90dd67fcc1a6ba281eed809758c1fbf039a6f248f49714109b3d8723aa42995d,1
9164c2a48537229555f713edd501c4ddab76ee9c78d4135f33544629160406cd,0
91801c32b40c22702cf6f9ea9319eedf5f85df0e27056a58ca2242b6544a6a33,0
918fa1cac15e2ac68a62e37417942a341db0ad4d25ba26bd2dc430783deb3c0b,0
91a544c3d21cc112eb940808c0abda9144a9cdfa2067d7193c5f9d9858378586,0
91ae40212408e361f0dd7647f256f4108d00bdd6cb526dd2eee3e192bda50dbe,0
91d443bd97d9e07c3956c471a5a3bc6a572893b66d0b0fcb31cf3f1c4b668644,1
91e048ae2654e59b137c794b8b9fc409550bd8ddab386e702cbeb22ff89dfca0,1
91fbcc57cafd9f25d14ea6a8292425ea7a4eeb194747a8d4be06884f0f365279,1
922cda87540c8632886c4890d186b22b7b2fe343d7cf804aa3af02390038d20d,1
9257adbc9658f81970c06d4ada3c57759d32ad2122f6b1e845ed700987608978,1
925a58f1d4c6ce90d29bc681f23f2bf22fd431f8efda636206cbbd2ee893d908,1
928b1a8bca97dd96bbcb1bc35396c399444ea115ddc272763172b5d8d3e1099b,1
92b0896b21ad59d01ec1ee4831b03010deb04db10f0acbfaffc20749c0a5cb29,0
92e576f8fafc1dd8f52fcbe5438c2b8f2eaacdafd0f8fbf36bbe03c27ed098c8,1
92f11b20ff8de8a30a1260589df2b986deb66ac6bd204ae7e1bed83712c6cc12,0
93037b4c27f41eb413e7bad48c3940c641dae5910d5200fb0459e82d26ac5a26,1
9310d03fc3596aebb13b537cfad9eb29032f758b52dc0883626951b7a7efa4ef,0
93168c7060b52fae081f824e0c713c726bf9fd38d8906894d2a12cc09b154e90,0
9350c9708077fe68df225cf4abd54440aec9e541c68e9b1d68301df7512bfbf3,1
93ac9af58de38878ed6bd208e871b6968b7c16b48a6b100baed0a9346e2280d5,0
93fedcc647cc7f8192413ed5ebb706db323454a5a746c47e49df918f66e18518,0
943ed5b3703e417381a901618faa388ca84e6a7c78471e1620d66844c0fae85a,1
9440a3aae2ff68cc43567c47c79fe1c6ca804c098a8f6e1f879c8c277d7ad738,0
947533ddb73b9b9cfebb96e2b4d4cef10466faf82624ecd8ecce785577792e44,0
94795be0e3f01bbcc61abf31cf0683aa6315b3472405348ba1ba7532d56bc7d0,0
9491fbfcf123e6d649b60f986f4671b3505d11629138956e1911ca5c934cbcba,0
94e2b69ab223623d55055e3b19cf2d6f65803e62462f7580dba508526c18b1cc,0
94ec10942483ea511e384500a85ed075e61900fa4a128f37e519fdb6abfe5793,0
94ed91c1b89d14b178dc707df2774318399e092c97c5ddbbbe2517ebfdaaced7,1
94ee7448e13411eeccb62fdabf9e1708f215f036690937b62b72c02751a9c703,0
950d01751aaa5250872c70127bc5ac0b06e3a25f7cf34d2cd4bf04507ed695c2,1
956921d220f69922d30333c8f3b6b2b0d6e724f44eb7ede67bd2210f0e87729f,0
95844bf6592f88127ec50ea900c3e3ca4a2ab13fc315e11f9787e2462a97edfa,1
959099fc63e0d0be301dc1a072547f981c59cc1c2b9830474aa5f1b46038a371,1
959470bbb882e5d995e7b7f335d75da499b54629072ba17c84ddff3623164e81,0
9597acb3e6a6c8d78ccfa8faa522ff08b085ea1bc03606fc8419350f42a88e51,1
959977ff0b12cfe8736a3e541453caf184d14269a1a803d279e096c09a7180fc,0
95a0dd7af536e3a9e3ebed0afdf5f08b81bb14d5281893dc9b3f427d4ae28b4f,1
95e1dc9e9d4c6e99ddb9059cfd929dfd793c18065ebc17f5109f8ed234266b2b,1
96077cef51e83308bc4a7d3cab1fd93ec3eecb620435879199ab47fe6002ba94,0
961df188c439f6e6916880f1538385ab07066121354fa6db92dd0af60b458a67,1
9625148c479efe3b468013f2db9997be2f9855496f34cc3d795caa49039d2fc1,0
964ec79954c00a348ffcf9d9e63c45136915fa7c4ca916b1663451d35d9cb156,0
9658e2372f003dbbbeab93f0d970b4aa5cfa3ce5b631710b98ca059def1a6b7b,1
966c321f9963a20532cea2b34c3c0c0f12a69e099f2d5313b4609d62d3c39daa,0
966e85744167c5d199564a9b026d8d7edb5fb053a2bf84c6537af31084f1a495,0
96702ae47a28ddab981ee3fd52dcf74238ce0ee12c8ad73fd8ae11abb27c98bd,1
97101f8ba384f71ab5b53559e95d2ceb648ec908b0dba65e891942a37bfb4113,1
978bccbc40aceda4ceb25053e4497ba7f77f2f1abb63119fab2291c506e0d285,0
979edba2c3f9f1c6b142536ddbcc4cf221198cb253a888ae22131e26eb5543fc,0
97e1114ba66ace82ae65e67f770e6024af5b5a84af4a3f0ea8d1cecdb51868cd,0
97e87546fde9aded018020b7f3c2c611975bc50a3f4a02897e0d5436942bb6ce,1
98cd6111a3b4e4d00a7b48c05d8ccbd7ed9d2fdaf3056e7a4c584c50f23e69dd,0
98e4fb3ccf33a0ef01975636c79030f75de86fd9fd73ea8dda17363d9ca53d51,0
98f0c9f6d69093dbb6490d504458c34555e74eac1ffc25e775b6b73fe233a20d,1
9921d723e2d38776a3db962dbf3602709227d81b9ba299ee885879280b0f8dec,1
9950a09bb996e2a26c51d94d869c5e3f4885c2a45da06a18fe0b32cd4efd850d,0
99a6459b2679d619eae44098ed3d56b245ad237adc48bc14339e4dcdf77b76dc,1
99c7ab3df9bb8e532192448f83d0684739a9ecc286ac5360677585b9aa754cd4,0
99d83d926c8b830c69c1c37150d2d65cc2c955ef2ac2c0f7f72d455a7c780529,0
99ee6d6900e259dcdf5e0978867c4f8edb6dd2f6ba284a081d7f2a030de7bc79,1
9a37ac1969145fa71c858b15ea4c05080bcf684284ca4fc6a4a3b90018487368,0
9a47f90678ba92c494deb619e13b0d49b0400e8522a79f9bb5fdf6ff3b16d74c,0
9a559ec3c572c007effb9ef44e70bb468b1437a19872e7e4c7e46f950d581d60,1
9a595bf706461558be86e4a82c06e4fda088ef1b18d2b272b653fdddb558b93e,1
9a69b273a42840a2aa18ade18fd2d2be24b5d49f3c2d6e792770423e351c40f2,0
9a80b9bcda3794765b41f0aebf946e1f640074c33d82e6c96553e5b75a39bff3,0
9a83b328071f8301d286b90927f51a820ba78b9c7f858ca92030164bf902e19b,0
9a9750726fd9cff0098d41f0335da67cc4fcdfc724105bc297168cda3c283f1a,0
9a9dab44581f5fba0145c1c3b4d684ecd82acf70db82b75c1ffa9fa617c0be4e,1
9aa3d9459a7c56b79c0a20de699da66a9d4f7640786c4f6e5b69b1b3c792e57f,1
9ac2d67a8aff2cc8215578430c011afccf18e881614a1090000433041511f3c3,0
9ada79ec32a9c298bc6ea3bd675d229cbe6d02baed08f177de437e338ed4c8e9,1
9b05b10f004bb634717825a5e8c3ee1065df492c7c9c74d02612f5f2d9e35748,1
9b0ee9e11a1ee4b3a599ee2e2ee928be06d855cc1e593b3f22366605d6bc4fd7,0
9b4906c172ee9be8dd9b76d733b332b50a55f12c4ad6bd90cd132cf1744910fb,0
9b4a9dcba71f38d2e6dad50977e87c2213558c85f55f77107453b7cf89181f72,0
9b56ff74586710c5b48f4c1c4c1f22dd03c91cc19cfc7e112ec08dae54ae6ac8,0
9b998c072d18d63f1329215268cf5cd56c979a3b95ff5f7695b92235a926d7b1,1
9ba3f00d5f6b9b8df2b8ad1e805ced3319c161840f15ec36dec2844555c95a51,1
9bc9be0bc4d1a629feab576e9649fc80cb9f5a0d40b5c5ee05fde7d1c62ed904,0
9bf98c32515059a3460862211e4037cea3407820a8e80a5b62660ea784c990b0,1
9c0d738977eb1c0d13cb6dd7b3b677168f970d36c2c7247d37083fbd1730f0df,0
9c2473bf7c53ffefe0fe5f23e4a4e5c8c4c5e0701614112246353bec37c42493,1
9c8efeb62eef26810b54524f18d3819c74fd3c09e32bc1b069f4174a12e0f267,1
9c93f736db23aa82574444e09cf2f92a123ff85877b3a2d33a05ffa0c9bb937a,0
9ca8a0cd3ae10aac8b7904bd35033769845eeda780ff884a4be270c9e90d220c,0
9ce76228dcf93081404d686bfa8600feafdef298019fea12083ba37026b7a0e4,1
9d4649f7ef2a0a47827cc68e559dfd106b9fd077d708187e62cd0568df926a28,0
9d7e0fd54d0a3244f3f98694fa521c794997cc33fe6701317befe2fbb7b02ea4,0
9d997071eea0406819cb951279bd7e87e6dad29a18ee6ea1b1f4c191354abb0a,0
9dbef4a6a49f52e5040112e8af9fee433f9cdf3f677b3325a50c197ef81cf563,1
9e09430d6395b902fd0857e1f4d24b0a9a8f526cdc003e8aaed035266455e45e,0
9e3e6f3b834a0af2b35a8d6908a64dde83a8b6ac68c3623ac8b86bb84cb431e1,1
9e5a13fbc1fdeb7b89e5ae898527d878224e4a8102c1bfff3e5e47218beb9540,1
9f676548d93b6741444802063d624abb7e7408ac85a368974e5a439852985fc9,1
9f78cd55b697899616e5ab126eac1dad29dc974352fd4c4bfd278867f327c722,1
9f7f196504f1bb5102aca09d70d8bd75c78f3fc5915134d3a9c71bd6116280bb,0
9f97d5c7ce77dee8fca56e4fa593d31d56e9241ad7980e2bf20b7bdbfc09a64f,1
a0074b116156b406a173179c445c9ccad8a1859fded7783266d22915f0902782,1
a00ce9daa5dcd8da6e85e7f77d423dc82eddb9c9454910ff7896fd48f05e325a,1
a0133851cc9add8d31e38facda69b498c0783b9ca51506db31a66711fe75b9c5,1
a033d8ced5db620fffbe3315d8b27f115a9c0690eb6937f14f66e3da887d136a,1
a03567609991281b959abca981c18bbc5ffadc550b8c9cdd148f05a0cc02720e,1
a06ab0f56cc5ac20990f8eedb0f157fc70bf56217b2685ca5f4b0499de09f153,0
a06fb4804216c8656933be7c0818f069647ef5d36a0b1b4e3ed94c7f673554b5,1
a0744de865d9eb1d79a0d8ceb61ffce1b7dfd1d951519be0c6c8bb9b8cc80a95,1
a08b48155b2b32146683e9312f216717bb789d830703b17c8ede3de07c3c8e73,1
a0cd05deb8b60f7eecada60981db2a1f67fb533f4d4a18f5c3f0a6839fe1f8ec,1
a114cbee5c1669102f02eb6c92f7cf37aca142fe8fde16394d52eecf22ae62c8,0
a17524257974bbcc504a33d2752938480e61c7ff1238e01b4d8678f02f6d5c3a,1
a1d72bf661fde747785c6fc6846a362f91d3403fc59607dea6f00a1b9a85a964,0
a1e9cd109c8f08d30517871e906500509fff0098ff80669e6d076cde593d47a0,1
a20358469e5359bf2cc063f65139d3e3be49afe7bd2b31fd06106d079d7d382e,0
a212fc598c610bc5d6ced470b0a7009c92329174b4677d9ae63d22030b10c5b2,0
a21bec26c19bcec36be5612e8ac39af720b403d3ca93d0676cb4d6ae69c8c9d6,0
a23e9726401a02c877ab389e61a28b7186da8dae065c698c389c1491f3e3a0ce,1
a274a23719f44be07e2b0936327b5b4eaa16cebc71d7c0767f549b239ec690e8,0
a288c332f15b86f4fc6f7a2c3b9f97055fcb0e673a69f5beb535a8194fc18ce5,1
a296ff1de6a8de59e990c45de6748c92c93278288ff533fb7d23e2f2d9e0b76b,0
a2b872309cc99d85fc3067f6d1e16f844ed8681909681d51f82b16f1ff9da442,0
a2d8a5fbd35e27370085bc9eb757520438d80161a69342dd95920539aff4c4d7,1
a30f2213c41bed7cb15466e2b53592bd9461050abdddcb2ef202fc1aad0cf912,0
a31914d33be58b8dda08948d9b05c77ec468232e44dd2a0b57fdd9086f4f7583,0
a3205616fe08804f688f098354744344660f08593dd1c0652d678fe49f95b641,0
a332ee14018ffcba2c0fcdd12c593a988a02419c6844b821bc01894f7fd2b744,1
a340d1789a64271fac9a618c764b2fec62e5c8bc8aa38450592864e7b0d4a319,0
a35b6a8410fa2813ca6f885cc933d50164930af43970112f6fa996970656bd58,1
a35e8014c6ad2bc82cc672ce6b1e1e1c636eb0e4a087ce38e24560941f619eef,1
a363e0c948fc7719f3111f19d00a55d2c2eedb6bbca9db88cb528b709c493045,0
a39bc1424623915a660e8dafd127ab98292a120580c8af505e7d9592b659af5c,0
a3ab03582e23a612faaca63c75a8908f62b16ae078bea2d14da63f15d16d501a,0
a3c5000298447541212b332bad436dab5d8dab3ed0710e9837331f5ffacd89b6,1
a3ea9db8ad68db28c169a88fe255cb68da518e1ff6fbbac65b99e34a2178c226,0
a423be5859d99b2d030b6de8e0e7626f6d2fda9e4b15d014086d2b541f2d4449,0
a44ece146f9a2ef92ac76f22898e7a601def492f5c569bd7e9fd8256fe6ccc17,1
a47507f97cc273f9a7df996d2b89bf13bb946386da42b213fdfc5f679b5fa308,0
a4e38bd9cd66bc5d0694e82647cdeb9493a70f03012c703ecee4b8f48e417034,1
a50e3e4df41bac94e4cc7fbb0e6e60cc2ed1c49d6746a0685dfa06ca7ed2dc64,1
a51e34a140d83c892acbb0837b2145e110d5fb506d8e88a24c0030d0505970df,1
a57e091cdb7e2b863947f8250c6b67cd1d5ac1fc7f9d9264f8329ac443ac76b1,0
a58ba9d975d6365275df3bd6d59570bdc43081a0894fd39b34234aa119b5917c,0
a5d34a9f3d24c29f4f0e081b6363a153561c59060bcebcec1695960c2f0b00b2,0
a5e0f71874f4b53bbada491a1753e7896fccb81a40a3ef0cf5c7a9736fa2e541,1
a63061abb382910132908c205b03df6f7250f630f7dfee314935ea163d96ab5e,0
a66b0622550d1df2876489fe9adf8406518eae61e82f661a967a9e00e00ebf96,0
a67312ec7c35473c40ec8afb6aef7432e5138de1aef7f6bdd2b30e65206aa96a,0
a684605f2bdfc54654d6f78a771e74d15edbb9afc65ef29322f6ceb79f0269ad,1
a6bf6fbbfaf90b4f99f8b155a1844e8a2683bab13c222dc65cf4353ec943c63b,0
a6cdd94d94de51a2e7cea9bd382a66bbe7ded4f0f3b38bafd5575ef2e781fe40,0
a7330ab42d65b858a5b0b141fd72b73c47206beea249abad46e3708782a696e9,0
a7854a18fe759bb66c5fd925de1bd7bb8698d77c37d1ac72c29c941b06a5f9cb,1
a7a6ae7f07ad0d104cf7de0c874a97feef0ddcbd9448787ee2d8521f5b6d29dc,0
a7e93da03d1426e8c1f771180634dc00dff31bff526b71b1d3dc0c6ea39d16c0,1
a8034651dceda3bf500c403fd88c66efdb8ad1699ec5e053a8516cac9e98d576,1
a80960f3cba407934276cca300d567b1d7764fdaba3add208904d2b2b58319ea,1
a80c29b60f9920a79d9de5762db0b756176b17864f651bb1f2f95f4bcd2ae8c5,1
a822087c5ffef21a90d4b2a3f5847bdc7e960f80bc8a62f9fad2b45cf759feb3,0
a85ade17bd8a66e00714aecc6f1ebe5149b38b6e338e359876090f6f21037a5d,1
a865f9794e1eb441c6af43acd96dfac468f2339510fdf9e30fb393a1d6f56976,0
a868fe5ae9871ea4983703455a8cd7efc4ab055857fc8787890edf9d27979dca,0
a895aba30c6776b2567247aabd6e70bd2ba0207b8792a8e74ef2e2e301745532,0
a8c9747ee1d68a8ee21aeb8e9b7320da6ea39b879e6eabbbc584dd61078c53e7,1
a8db67fc7df36aa959cf9fe1f38a428f810de4eab03f13d04f152d42bc2e6cf5,1
a910eba8a905843618c13380d0a869e3de0a2e5550fec70689c2a50474ffdfa4,0
a924032f01f92b96eb59bb8c0f035495dd6309de97e33b83b5e5ecc2241c3eb9,0
a929ed04f22607363b8f1adeffef79544429cd8b295899e02eb6d9e50b50c5b5,1
a93b79104a112b3c33d52fca9362d622cf7d1de1def9179518198a3ea3ceb3cb,0
a9962961f01e343ea86bec189228364fcd7cb6a4fdd939d65a66b4bb517a228c,1
a9f1614ff267133d0837067b2a77db502124bb9473f896790a304be1dafa3ed5,0
aa02e127b2d1d1a0024a6996f2b563e57cf4a1b3d67c79167ff45a1f9760489c,1
aa47bb3b5b41dc52f8544417cb1f880ad4a7a802df6bc3def9ca8c1b139dee46,1
aa4b72b2dfd46dbac23692055bc6e9cc8f7352654a56d60dbd5a78078d036f08,0
aa82a23726972fbd36316378de1a8f7e08724e4de228b3993ad00efd941bb1f6,0
aa8aba3fd5860872a591757a9ec480f6cbb64a2c153d1d83fc678ad4a5106008,1
ab0ed26dc8566aea8907a0a58497d09aaab069a437fcb9f80defd778ec5f6298,1
ab14cca3eac1f282ab9c6a2f497601bcd3c369d8663261f28eec8a42c0ce4ba1,0
ab50a2b04a4593efeae7c8845f2e28552fb7d0df2ac3fbd42fed60b061d97313,0
ab6eb18726a0e0a0a633cd9bbe869194b88fb7b1f40862dbd9109ca5eeff7180,0
ab83efaf75026640c29122a5fbbbd85f34cd37019634b41c023eafcfdcedf179,1
ab98948c37eaab3348d66a6d130793b337a6f59881928a5e8251785d097dd219,0
abb59f2569030634ad0ee724948f36b6b4f2f349ca6aafad11af22352f908f3c,1
ac0a5d00d32575d19e4274d8264b957e559b5c77f4768aac06213ce40963280d,0
ac0f41caa58d373de63f7ae77fa83a11818c85edec97e96143f1055d54f8a7c7,0
ac28dc13fc1c3248445ca89133b30b6947e131c4e438de7e8d41f14e6d11c2ad,1
ac5aaa384ae9fbb48fbd001aa64ce8d2215c72002dbd4da6bfeaef7f0ed75721,0
ac85e3a4d27f0254950ff72f443f69c51ebf62965a0272b03b8b6a14879f49dd,1
acb773c16ecc13e605c91d47b05e800ce8890473a4a8760cf82b67b674473bcc,0
acea9f49b3aceb210bfa7e2f8d40148182b9a369d19a1b0fac802ec4214e3a14,0
ad42eec6c99204da6e364129c8373caabcfe1a35c81543eed29404979e5ee234,1
ad4ba9fc6c8d5031c677791c102ad7d05d95fefa29dfe3ff82f916a2ec4e18bc,0
ad50ea0405b7a18ccc11ef1e2518a9f9923911e19901eaaeb498a4ec8fa54706,1
ad70376e022a8ec73d642d4dac8967cef5b743273c19c44bca96d3f447ec3574,0
ae0cd12185f64194101a05707b680d26db245f5d11c1b266c5ed92cf48498983,1
ae1c8e671915e863e3c25fd482de6bfcda48d9f5d86a1a8619b6cb0625f7621b,0
ae1ecba55d18cd3a2a4ed1c8535ed4eedcce34423d5a4fca81f4c9db19498282,1
ae271d24e2198c8b3d6e63bdf661eed5aa9b00046231c682b359446c2abfb63e,0
ae4a0fd14ce125ec048110cf2e26c2579184c449186cc6041b7498e4cc89cfb4,0
ae63a98d2632538bb7aff000efcb2826244e9977673ee333f7f665449e7d8a84,0
ae9044d4ff01449317236fdde3420e13a21b1454cdf5420fade819dd4572c673,1
aec6d02acd1babccb13c9dc914d47c1f1350b8986ea32f7f85a65e96a632f3de,1
aefc1a434d229cf795b830021705f2f44884775b82af9dec938fd1e4ffd60f73,0
aeff10817e34c814b6bd731f514f0244b4576b677384cb78538f84aa2a04c89b,0
af0d70696c6d67a4e0898b2ccf3ab651d143e36b6cde407844c266869447e88c,1
af5a6d15794b4a0747b20741af0081257977d7a86b361e09974ee670b9b829c8,1
af634dd897650513a5f7a936f1f3429bf3266b5da6116bab0433d0e87fcc1ad1,0
af9fbdf2de9a254441a02d281443ed0a7dfccd18ee18344a3b991863b5b901e9,0
afd1a5739f2f78e5370edf3802d5b2a2e5a2badc4504d7b0b1e428e91245ef54,0
b0039c1bf81f9ff8c2c87068ea07baf04cebeb85aeb15b2fbb5786ed012a1884,0
b056e6b84c97b1f7388a3b49a8209e31a247d2cc6837e20dbfa6e459e5a19f86,1
b0609bae07f67b9ac82fc03cec07c2e7f911da1f4f3d4c467afef4f72b5199ff,1
b07ba8c6796f28094c183725303cc12515298b6f3f7df3e2596df62a13d83803,1
b0b532c998ce1945dfa54329c8af9ffc1ad72be257f7436fd39af97d1c2e1126,0
b0fe4fa0422bf30aab4e19b610cc4ade566108ce9aca37023efbbcd5e6feaca1,1
b1174bf21a1ab0e43fb689e1bf7e27123372a9263faa072e4aa3ee24ec7bf559,0
b177addb73a328585d7c01ecd163bd20e145a0a54245f76c1c94df49db796338,0
b17d40e636e12a07608c40912cda6db76e57ea1eb57d11cdd31572821c1f9a7a,0
b17ffe9508b3dadcc3b691845105f558b2968537d0946eb17aebf407001a36b2,1
b1d54c8d71c7c8fc8f5ee3028b4c6557e200223712003b4f3a006224ace3553e,1
b21f711423dfc081e65c5f8d46d711d987f592b6163d10db27e91d054a11353c,0
b227d23a30ec8c6e44f75d689d9948c77cdc2c2619b40e5fda8d77b9c82efbd3,1
b2557eddd6ee1abb647128ae9957a541035bfb27b97f82c27f2cde45867dda71,0
b25f8c837c5b5702c7c3995e4d9e3f0215c71c8dcd7f4b0f50d6a86cbabbd4ec,0
b28033e62c70c373bb72fd315fd561d965d71749334764fd77c8eb3c46fd37e2,1
b2a90173d658d81a1095732899c8bb9e80df7da840b884178aea37e0bfbba1f0,0
b2b7701719dc462af400b3854c5ff875eb8165332e00f1a19d0af028834d90a7,0
b30f61bd2d1c4781d3651c2c41f74b81a387881f90e9d7daccb1e648c4c48054,0
b31bb20c40577cf32f3cc17b3dd48c102695f4c3e26603c6387b1c7a6ad97ba0,0
b31d94fe11de129bc7567c96e2ca9904d01cb23bc0a56e5dc36a0d75c7146be3,0
b3232a5466960574af6a198c0fe184b18205d1732b208fc0be532bf8beddbff2,0
b3234abe9486293f05fbeb692815669a615d5a96b1c8e618de4af7223b4f98bd,1
b32c160f43f1376975c9b1c36cb57115e48bee6764bae41be0bc2ed9e745ff53,0
b3425efc6b5d08ed3a300f7176c40b87d7ae13f9576d2ef5116d5eec4e33a606,0
b363129cdb00cffd791782fc7795dc4a38b319ca657b36d4787ce2529d51025e,1
b38133e67cd68bfd65b0d14fe1fc25d1650ab68707a2699bc78e191ee72b38dc,1
b396c576690c58c17ad1c94a6ca619e555426a69e5d4834a18f883f142df9b13,1
b3a0631a4a49b01f4baa2f7a40417e7a46d4ec1b42d251374599bf2470cd9bc2,1
b3c2ff9e95d5b2208e02e2ef66759f4d827e9b384800fdcbaf327c7f010223e7,0
b3c3d36ed99dcb95a0d89797b77e93a945bbdce63b7484769eec8a2183c674fd,1
b3ceb09b81aa7556e033fcff6c928d2d01389393e789b2c530ada1f1b7509445,0
b3f120e65afef21a8e51f0761b3f85f4aabb81384b588e045f311cb4fdbcba1f,0
b4068e5cb66c855bd4b8376fe6cc76160124707795af6b304bcb5446ec8549ec,0
b4081b37a68f435d65c4879eea6718ea15917b2e537c1eaabd98eabd0237262d,0
b40d8a3a6774916658c29388dd264900833d823655a04052073a61f6c1799355,0
b4177e921d9405859b902f1f0d9a296b928241dfc5e3b2eae4f2a79965728efa,1
b41c3455a1d8b2781f0641a7a753d7a8ea0ef9903e087d9c4e4d881e18744083,0
b423321b82814ff4b56868b1ab0233ed63f9d76d7777f302909b474bec381567,0
b4a41f9020d835d426a6ec79ef923b93fa15ad0b41f8157193baf4dd5a9dbc40,1
b4af2119a97d13ff0081207d34d510b7af2767dc9c395d50b2b53da4f8c35770,0
b4d234cdf3fe619a23231b6def93e3bf51490177ba52142237464dc0eb8ff5ff,1
b4f9a4d9ed9f17f37bf5e471269ef8e5fdd7906903310c1270a7371ff3b8bb85,0
b50a505932cb697f59d48e85d41d2e9d70e4dc7941129cd900bf8492fcef4941,1
b530b0221f5dd771dcfae07d1b5498512148cee8b6dc196330f65c3113cf6871,1
b57abfbedb7b289e376515824e1ad93f8c39211e64f07f0131418f0d3fe3df66,1
b5b530b17e795706172a85e5139410cdc13f5ca88a8b3bf40ed27e06903ac42c,0
b5c0cec2c521b12b2afe7fcfc3b917152b00525ddcb5ffb0dc5484893c5f950a,0
b5e6941d9c347e3163b683cdd574eef78b99d33a44144b95c034b5392abddc72,1
b5e855e24961ffe3caa725d4a527c2508098a97e2ee7bb2c9ebd762b088bd95d,0
b61705c64b1bbac23eec218d704f37e6d66ff9e5d923da4dd852ff6863c1d5bd,0
b62a07a69a8388419a1b50c57771ef4d144d599f67c556f8568d848fbf9f281d,0
b62d62187b29a4947f9d7543a517a132b7a39eca95b1ed7270d594bfbc77fecc,1
b632e370092ba5629278152aa99f128fd4315355eb7379d17136c0362321afc3,0
b65aba35b2daf0bfc710c1686510033380f70cf6c35e85064ed411762d4bbd50,0
b6ac52807c7735b798f5aeaedc18e4a71e340aba9861f3dcb3b885a937ba07f8,0
b70c82d6a7d72c6ec54dc11090165f681ae1530e0637b7c01c47f16bdc942f16,1
b754ba4211a61ca15da7e35858e2ab84e460d1aeeab670626930d4c2beb303b1,0
b7586ffb6ab181d647032ab1707ce9991f3706882749945f4b6a29c436504574,1
b7753fb5edd9103716e2b20cf02b55203b3cb7c06e17236f8646d8f8a6ce885c,0
b79011a32a37cb8207328183a47b23ba1545d1e92351e9b65c169bba0f8b29af,1
b7ba66fe886d0354f3c940c599031e93ca9b7dbaa734fcf90bf4838c2c038f95,1
b7d6366e07cab2b969ebfc05f890445734891f23abbdcac00d7b10cbbcbda548,0
b8565559f40ada13687c9ba590c327fcf89a87d03b6054f9127eff4e0b8e192b,0
b8685511e9debfde473b4edda59d5d7a569ccd8b6cbef51285b2d5616854f9c6,0
b876e797a408be816a81f3909d2e755756e1483a3bd0ffb24b581c8b02030e1e,0
b889f04069a85cdf6aa243f8139bb8253ce6c75fd0499da25626e3221f156f3b,0
b8d56be0a037345c2655eae3ad37a082ef55c587256730051af7e5974f250eca,1
b8de54c8f79bbbe063cbba124e1606aa4d105fb19ca3ec8610238e66a090bbd1,0
b9040be575813e06235aadee4eba7fbb6d95ac489be76d11a8a9d6f245eefa37,1
b909eb74e18dd1d37e1337d9a6ccd9a8dac23dfdee3398aa9a962e9fdccb9ce5,1
b97dd6f9e433233cd53efb70730ce3ea5cb0a1307b7671d21483bc3dacea3ddd,0
b991265fa687abe740cc0f13cd1ce67b68a8e0e46c4c8425a46f5ad271378128,1
ba0506f5c0a7590dccfbd38c8f769706ba100a30cabb6c205d47c3aa9dfe87e5,1
ba588e7b07ea573cee5a8c68d08558b12a1f435e06ed255783ab7947a9ed6d9c,1
ba720bfa8d5cfa5b7ff36e82561ba5c3ad1db5a157f60744b0244bc2cf8a36f3,1
ba7f3f2c9f69c010968b4e498add4ed3fa2367b148ffbcfdf72e93dfc7da4858,1
bafe366211a74e192255f269637746a99fd6bebd3ab31ccf890326b37ecd3482,1
bb20e881d3ed6614048f2de23a96862f1d61dedcf3a1221fea9de3573702f7ed,0
bb5d40fa3210c70fdcec62c948e7da7ccec4905f35c8fcc164438bcaa07451e0,1
bb81d1c9b8c64e6898e752abc035d743434c3ce20c85757763ceb7482b23dd85,1
bb81f1a4b0103dcfb6ae05f0725932a7c3e9bbae5ccc96f683ef72a3c8dc4d04,0
bb8951f7af418b9fdb3dfe566a73e385d143c59cc9177f092ff44d345686814f,0
bb9fabf36885e338bd7e4f466209160da539756c2f5ced74e8403e71ae45034e,1
bbc208d106676641549ac9469c063b7695ac679592add00466923cfc1b94fa0f,0
bbcb17afb088801fcaf807b6034bc24e566b413d325305fe5a345ab807aac6c4,0
bbdd3186b565d797fa7bbd066cefd4aa6763d816d9c385fa89fc3dc8775ae266,1
bc0ed4ad216b1f38e97ee81c998460fcd57d8588dbfd425ca56ea1f4c5a6bcbc,0
bc12765f6d8e57d1c8ffcc578bc528e4ecfc328e71dc85a01d4c89c0a75f2bfd,0
bc27dd26a85bbc3062915eb1afc516a964cd5a6fcc7399b67490253991e17c82,0
bc2bb34e1c5d6fb49ddb40403b2d14a190f18455435075fce6e7470afac95b49,1
bc2efca8fc5f85dc936212e0ea3fad32fe7a05022da559e78f5d539c37601b53,0
bc6adfb1df4d8773cf94ba05833a87eb68df7a047e99c6cfbca1e390ff50a514,0
bc7867512da18b57813018e676d1e630db118d13858f2023cbb9fc0d92118908,1
bc82f861312f7b9db91dd6b8cb4729913801ce2fa98391215ade7c08324dca26,1
bc847b593f7777011526d462c4886b65cdd7db8f6731f98d31ab449e15208919,1
bc8e3f5e4252833eeec5844fc907ea1490240e1b048ed4e88b04c39953001316,1
bca69bf3cbd077879798ff9f6695629b18991e9d543df8448a37362ab6b2d8e4,1
bcac47f6da573ec3b126b23b19d18e7e72e950997eb801095f3625002e66b11b,1
bcf4e67f63c66957a049663817bc7b20bf54760c0dd052425d88e7ded1b1003a,1
bcf914c5e95c20dc4f729d1f1ce00fa44719d0e7468283016a787beee9aba395,1
bcfaa0507a2e44873afe2929e27be564d29bbe2950f22859063c6f739b506c11,0
bd2f7c30da19ef96593e984ba47a2c5c1674aac6034d1452e7cbe4bf5c73608b,0
bd57a8bccdca39b816c4193ca1b7e70c85cc2c7b6f48a9fd1c755e08232a7542,0
bd5f7028d1e4722feab66941abd3fb828a3f03c611387d7c533e1a0828b6c800,1
bd6d4d167f07443ed05c6efb399e7010cc6d60dac29d638719b535fc0dc532dd,0
bdc6cfae4bffe4bddcba883930a461b0ed88e50c725c36aad0a948e0192cf64a,0
bddca7df3f0dbb3262645ac6204ec8ccfa8a1a72673fa96b3b4090eb397b4352,1
bdf177ac55d3419eba0a4ef9dc43f9a0c0cc88320610bf4b3799bb3ff3062a98,0
be16322ae124ef0288b40f1e09aec51ed626845d00a80ec5466340332500ae7b,0
be2b7c998bc0cb25120c3c827bf23f913ae825e33a49a3e07f8163fc7430ad71,0
be2f55cbcd8a8e13f7f13db57982c1944c4769e278922f52e15b1bfe7c031590,1
be7f9766f34220a84b774037ccce9642aab494c49c9feceb91b6f3ee8b3a0737,0
be931f7846d94212be3d78564e7bf58f4c17c279f3fbe45d72be63f7e619e668,0
beb45ee879886463037b80d8374a7de3ac8d041b6dd2331bc43ba099e71a764e,0
bee3cdc27c1b7aa6d118fc250f261ef52714683dbb3d4ccf2ae453d31acbda2e,1
bf11e23b775cb983d669b3f064d935542bdb9241b5dc7b8275c838b2b94fd15a,0
bf23fc63678f05edbf39b0fbf57d3471e24c59a498008e0cdd2e98d955bbf175,1
bf2cd90ef634209226729beb7d2b4ef7291692bc4d770771f94eba306adfd871,0
bf39aefb35f1579469d79d60580b350da62b6a0d76f776d59a9ca1da144bda10,1
bf60d2d43ec40ce31fc30f67f8480fb3f320a823dbcbef97e5b7536f07d40213,1
bf6a75d67830478846c60f22084408e8b587b9b225c085ef719dfd1826691204,1
bf7be2210c91ca8c5ea7d7dc65c080d001eb795ac61acc8a25d13272ce06c733,1
bf81b029641e695a94f9310a7f7d7e2d25dbaf8b3b15756dfbbc604842383cbf,0
bf9b47b8630227112c410f7e690ddf4a4266f0f6b374982779946d5255979295,1
bfcb8563be969d5dc93923f8a8aec44769b9d8df8b026274c67a1d49898457d9,0
c0046b4eaa52810c4c80e9ef7acf104b9270fffe2402c7ed48677bae836acb01,0
c006bb5becbfb90cfb49d9193589e4bdcba14f97a6044747b0d6220a3e5559f9,1
c0116467110f5f501608c25e3b42b2902b36a81796ed7884afd7c9fc8f8cd9e9,1
c04ad817efced14d893e61081602776d3fdf149216892f66f4c006a2e64eb4c4,1
c082f7a7c15f49e9cd148b337c6ce87f1560502d44ec37f2de29ff5c1229e7c3,1
c0dd54507ab76d9b8d92edb86b46a03a0c80628071a698c27e2b852c2a4dba6a,0
c10949c297108a7d98c414d7b25da274bb4ea2cd1e80f822ce579a76e98097d7,0
c12b79749e404b0ba26789d48f40d90d80d53984e84448a7a2b19d32e1c69b55,0
c14843aab133827b66a9d4b119dbaea1bcea8bbd319326bcc5bc45144eb2cb8d,1
c1c0e6ec06fa76c92f15df252ac2a05643565e5fdef8b114b1f9c3aecade5ab7,0
c1c21c3ffaaf640f6e5f3ddb75a4bf67c8da6352591feb45f7b7b460afc7e7f1,0
c1c6c4fdcba3ab265275807796e3525c6684af7dec8b19f4e63a51220fd2d14d,0
c227928009cee35471a557a3c0c547ffa9cd2747170fd8050f809c4e95172f29,0
c22d32bf8db47f97650daec25015c3d4e44e00773d0ee9b0d592ee0618f2d411,0
c233428dad623715c1908cb57f5acae2b2de73c5103e3b75597055babfbd4096,0
c259b51a0855fa25a80aec02ec9be81310ef1a5211ae00469321f4a998f5a1b6,0
c273c70a0beb39fb75130de4a7dbed0de3caf6beb7dcbb582cb1c79d62d4ce9a,0
c29ca97b633f5dc440151fd6c663b7b20c437ec9cdb863ab2426e212c84ca9b6,1
c2b6b83bb2699ba9c5f70a3a8872f0aa33ec260a0481d7bfee3f7912db12d458,0
c2bcd3f65d1fbb6cbd4c7cd9abbba600dce72c49c9a1e61d751e109d4b82c08c,1
c39489b4c688db50fa520ae8d4d421382e21020c6e2594a90634fc02817f0014,0
c39a6c6f775d23cb137ec4e1b9e2d342717ba8371c3b80ff872da7ea9bc0c8cb,0
c3ab1bd6b3a20fbbb18c71d6bb094959e21eb303071ec7c83d4d62f2ac8faf67,0
c3b9c24b04805712453fda49c3771fa2068641fe8f50e9147a26f303540bd078,1
c3d9fd4dc39be5abcf842f9e3c815e748b50b52039505b98cc336ef67165f740,1
c3e280bc4b7b2bfe0fbb4bab7a1ca306e5a48269cccecc4a61725ef501059b18,1
c3e97d174b01d3bb934f05af8fa93df59aebe920428b3a09f02240b2774c618b,0
c3efeeb0d8f58cc72e678d4dd004983f147d116cc2799634f58ddc6e7ab1fe1f,0
c426e3c9fc2e0edc19a81ea34cf91ba867536c51e4e31123b0d35a0b66e3b314,1
c45233393dd2063cf733860ef23387f13434dc2e87552328e6b688c62ef00439,0
c48b24017652ae14733f12d55f0965ff7a19887a619426774b04d1bad6e3c55f,1
c4c45b9ec435e57ff454a0344daf0c4ff135ef28c05aa924ef75d7ec9783999d,0
c53c1843e0d5d0699ffa56f92294e369f1aab63474e524f8069286e0274b175a,1
c5b0ea2c5a802cd67042aacda39f94f5c381fee96292ddd85f3d188f91bca169,0
c5c686592ab60f7ea26023f38148b21741a03d78f4aa6154fe48b66b80b6a45e,0
c5ee7ad62bc0be80e9b900275a1b159c0e542dde6fe5a9670a991c4ed78a54b6,0
c61ed85a96e8d8840d68070c8cf7002427b98a96b89ee42e8ec554a8b587481c,0
c6394904148805d43ada751c9ec2f5fc9c7460c10bf1ed3c13f8f981f2449e44,1
c69453d824a67fea89da20e7e92abd6b76d70aa7a91cf1979eda0cb6f848900d,0
c6ab5f410eb15e6bfea3e7509fa461dca3b9272ff1ca8b23645678969f6f3b5e,0
c6b06ab80f0e19b316ac049c7bdcf837efb6dc8bda98b8b9ab38311d1f2500d6,1
c6b31552387bf5786a5d149cc4440ae991967441d7d6a02ca9d2b3828ab2c79a,1
c6b933f960b5315441f18ae5567fd5cd21589242ef5a9acbc88ebe9d05f1e9c6,0
c7166d653c6ffaa9a0f0d6f4bbcb63ad38656576b0f50fe355f228fc2893ffe3,0
c74bfdfe8c6c98ee7dd13607b9429614ef8b193591a5291f74116904939997d5,0
c74dfeaece8ba399b4aed5ca2a78f90f0ebbb06f4ba288151c026c88dc8b0166,0
c75509ba7150a82d2aa67eaaa1574a1561d0bac88cd59b34a309538eaa70daf2,1
c77f7fa9d17dda69619be7e3e1eb511ffb99a8c212410f346635a50218254c76,1
c7917814ce13aed4679c644defb88450d8ad1375549d71131d85542921b3d8d8,1
c7d241d01aefa11c8f508f6a9ece945f186f2373a1e99079166105d493000a65,0
c800932bdf4e69eae663b147365255eb3d71e38a0e2de2b62a919fba684dc9e5,0
c805d6aa6f3a855f6c846e036ef8e3faf047972ff4ef29d5ddb233d0cc41c703,0
c807a054d390458a1da49869a3773e4529c92637f24f44418f35fc6ad4408e44,1
c878e97bee4ea86f6198ced7ff45fc10d88b9962f9197334823db81511556ca8,1
c892f1aa5718f2fb047ae1ece358665b9ce94e0aaa7fea767ff23cb8b83a5e13,0
c89a7ce50478ba82f3d126809e814c7ec6668cc549ebe477b4b30938d125b184,1
c89ee0b013c227ae00a60f29894fb42d61eacd92ee08b9b7bbf9feff71b9b268,1
c8a80ec5bb75db85d01cf90b64277980d82a0a00a1422830f541196a876e088a,0
c8ad1c3c84ebb6126992ce9938e01709a198b10e4325a7666c0fb379f7f30c68,0
c8c8b0527d7c2f37605c6172b170defde19d06bd9d3e18163dad8933eff80e83,1
c8ca630bbc9e8d9736bb742528cf0b6c55d285f457ae0b5f509ee25930f4d87c,0
c922c45815f7f2bbbc82d947bad51004168210e96b74ae3ca2620bd196aebfa4,0
c92fa88ed1deb23ce3b3b020cbf4538a7d5d3fdfaf6d43ef4a5feccecd2b3d36,0
c9909859f23290859fa4c2336cb04418bfaab2bde3080e2cec28930ba91e20fa,0
c9a69a63ff3c2fd394c542118f5e72119cd854487136c55699c91e48de1aee64,0
c9ef64a80f3529a8c2b39073557000b310998242ca14be6e52f21a98519fd4d0,1
ca545f0f308e9a047e31a727bb3019068033f8c8a0d8617990920eb1a2869ec5,0
ca834927823a392cfb0f7a8955ef37710ff2ee85f72371225158b6ea4a7ac623,0
ca9828e093beaa5d3e63841ac2f5e3a6be74176d985b6798127c0c29bce64d94,0
ca9b0c3a3702b47ab42ea8701a7bf7f2ebc420b5165c08eb5637f6488e05f565,1
cacdbf5f49055ba6f48e7beefae926bbe570b424763ee4f01efe53ac2382e0eb,0
cb0377c2138ca4314677269052c3ed26b5ba63279f8d02e857b7939737a78632,1
cb220a2b1752eb2dd23382c3276eb8398172f96b6909928cf5a217e626656a5a,1
cb3fa7e3a5c43f1555d5ce97ab0788703860839b54226c426f0a83d5444bb00e,0
cb9e2c85024be94e6705e67109ff7f39dfb11a62c0ab7fcf6d99fea9af045019,0
cbabc9a3129acef04c72c7d420a0e2ceb6bdd33b835a290acf131068d1a732d5,0
cbe4c36e16a997de8107ad979a0f5dc315e297fb851aa7503268e79b0e5bb63c,1
cc02ec25b662f2f105fe7e9754c7c3c1efd9b5f6346f67a9d9e32074e7c5e357,0
cc29bac5cf8edc965838612f83e8e47617397601f87a7fefabff8eb4306ffcb1,0
cc29c623738c916e0be25a7335a218ab2b07e81bb4a627c908934d1e406af05d,1
cc51e083ba8a5a876f77bb36bda9fa392132937f8ae2378f14092a7f5d9f13b9,0
cc5ffe7157baa303ab7e91255412cde35057ad129de5855a03e27041cb80e103,1
cc876208874d2a2c7fe0b3ddd9f450b49a78eaec98aa963a9bc3bf1a27d4e024,0
cca4a1d5ed4276acb1caf7b08c5a3978fd66b7df8c6e8d7641be899c1f291fd1,1
ccfaa81ff5e0f62239eb19a098fc3f86b7b3927f971eb1a15f91caae1d0498c3,1
cd1853d75d9f88ea09cb696b3ebe2b43fc4c9858dbf047fba73946799d71e90d,0
cd2ab8a21062ebfb8023e33fbbf0c04b0d8b328eebdb9f8f0b9ee254bced8ef2,1
cd6525df6ccb7f59661099e3bd5e956ccfc39cd0babe20ea196880958b17ff5f,1
cd6643da6cf8c1bd550d6b8788197a8b154caf748287d9b80b73566dc4106dbe,0
cda4498e76581888327ac66f79cd9875ee9eea544e04c344892e9de7b9a4fe4e,0
cda5cf97ffa52fc806f1c6541281b02a0a8fbde6d09d5e09f737b5e6df682526,1
cdc6b0c4bfe5f389ff7d7696b2bf0a69a3abb85eda2fe92d5a58dad3c7cdc3c4,0
cddcabe4fcdbf08927272ac4146e7e8e5dd7fd0fb38ff08e8f086ebc92d4def9,0
ce0fc4c39151fab624ceda00b25da940ac46c969178bd89e792abea285dbd40b,1
ce64acd3ed19fd1b7d109265e7103e6f8b2d9213b7650b2a5cdf4b6a05cca477,0
ce651a98acfc40a7988f72258d0d14bfd5ac6424a5fdbf3d0a2beecaf72faf47,1
ce7b33c1ca59c9aa8f03753099f600e3efd222238a22f1dcdcefa45452efb1a1,1
cea2886ee9eb5b7a794c177bc50b5f75fc357c1efb4bf6561d7d064dc32d6a0c,0
cee7795761ca6962277827b8671f72f53addf51fbfb7a3f2c37de5cb4df96d82,1
cef47fdf8f7a97b6d0158ee489df67086f7ecd2415f25a6e56e0a83f5d633d00,0
cf9a00897cd9dbea2146e5c15a66ac3a99fd9280abab74c65e176a28d9be3727,0
cfb21b0b8385025b82e3868dece87f0368d31c29f8b8ad8a3ae85773d561af46,1
cfd5d7044478b72c5f77fd62d0330ff05551abc61e32f6a17d1c47b3a707c77c,1
cfd6680ad50d4d6169f4dffdec922c692e455adc2e8ad86ce3fcc4e510f428e0,1
cfd6db3fc99f50fe34c9970c9ef295b48d3412b85a56e958f182777480e89abb,1
cfe50cec2ccabe128348753ad228ea24d4da21ccaf24cff4be8ac96ca9f11950,0
cff4a0fdcb57e7f9825de1302123606317dbffdcad39ab92ad032fec0369116d,0
cff77e1d3dcd05da7ff06e3adf182920dd291df285cfd6d156ba85e22ff34c92,1
cff7bc73dfe4d10a70b81404dba7b62b45682578ee00844eb69fbdd883560ad8,1
d00b7d2c3b3e0baaccc826dccf378cc5d6b5224a54b144968b74cf154eec1967,0
d024f02c15c3be97e2020d0680102c457751628199bbaa7fc4474f892feefc00,1
d0b8dc57d0c7209f2e1e0aa36f0d4165a52b4b426a794928514a823fba0ee7fb,1
d0d6c31072336711b85f11ac870e5b6162f2dafa2c31aff20a96b8a438a2cfc1,0
d13ab7eb1b4002981da68e50844e9e131a838c26bd550e02f481c762f4a2b3f0,0
d14e55732fb20f36b462ead0a313cc4da2b2667c6cf93559a15fad6986cbe146,1
d1500405146313af9e8590cc959847a0fe7c607bbc10747d789cd85794327844,0
d175e6e94edfbd622fe6717133a4d661515b37f7037021bbe2490c04ae46cbcc,1
d18c67a40e3f77b9392af791884a345549b63e9ec35e5c9e4c8c21c4e3a19478,0
d1cd395bf2bb6a0e10bda9303338804a8b8dc273b72a0d6ba9b5fa4f7d1af8f0,0
d1e6227fae5ab130d772342356e94beff8df357d23edc2b3b8914897c740fe42,1
d27950791bd8ec22532f41679e0f80ba459c20d0c93ae08d54327b705b837c5d,0
d2828aede2d600e0cbbec7a69547c795dcf80323f0ba2dc93804a114dfdb4018,0
d2a1f802a34be8449da75344399403f6d643dce2c62e2d7ce43e00d367abaf9d,1
d2b32b25749e0ec8d9459bdcca6012b778e015f87b031925952a2583fbb4ef8e,0
d2caaa704d0878077566c62a59a3d4df0815c3f76f285011251dea821e032ba9,1
d2e2381a66f3bfc18f24a7d0086853818afc6550d8f18562cd34f07a037cc219,1
d2ed84bba0f08d6c911eb37d646431c2c2fb8876611a05187940d3e5b7a7cd4f,1
d327cc6f19c45b826777e1128094d380c60df836f3338f4069bdc80332737552,1
d387b822488418760443fcca8394d4f8d72cca462e1ecdc908822f59c9dde521,1
d3d655bbc0c9559a397b2cb96e9477df2a648f246e73619a40785fcd124a9869,0
d3e7ba512fc906f82aba6446a8f5eee47a54b6d7792dd265bf6f519987cc75a3,1
d42450513e579e75f585ce486ced64b5c0e40e7dbc2bc072b98b05fd5c5c909c,1
d42dd400a9458e6c3c80c10cff583de2a59028f0ef5cb8997a48e258a4885f90,1
d44336c3b37f120fa7cad378f05aa8710b4a1644eab99d707c226669f93bd884,1
d4978b9078f1a85edc5ace9cfd95284b8ce5327bd3542d9f59d219e97a42d9a4,1
d4e5f7fc2b00936de1ba2ec61265c57a0f0878020b086d01fc95e606ee8547c1,0
d4e650ea6fdfbe1e44928f062bb4d1eeeb2f41b4060861cbd1f7874359b7a73a,0
d505ec6e526eae4b9aea9766caaa03180a09658014b4880a725526241fb9bc9a,0
d5e43dcd71cdec00040972479427d920039d4189eb00851021da2a59fbda95ba,0
d5ec2d8e9648dd6de0fba7e2f9822b0e0a5e9b5b303ed8cacf1469941bef3bf2,1
d5f0414a4e60e11e3bf9d98294b1e3107d9d3cde782fd3507a0efc89e0ae763b,1
d61d49200626a57ff9c805594f6cc3b18d65ac2adb8532f7042faaf2cfff5cae,0
d66100aacc1b7ed525cf0880fedbe94aec1467fb9c1d8b94125ad58db8d43e3c,0
d6801de0977256938352dc501093cb5d9ca93c93ba4ac294874f584acad43ba6,1
d69f2913c0e3cd1caa291b896608d1f4654f9c741de5bc1549b363fba4409d68,1
d6aa539a901b4593a7dc9e5e8882eca42d1faacd86f9a4ecf20420844a41f01e,0
d6b2b5b6ad408934d61f8530d3cad29053a1cc9a466e152ff8bc2c6ec47d6a88,0
d6bd9c7e5fef8b086173631ddd6e8f30c224fd978fb7f336e9a78f1eff09f2b3,1
d71927c4ce64b3255d9936c4d24c22f6492033d398d952801c929c6c6c111d20,0
d78139f183d74f6f68cbefd5b6b3b182b00f4eb67b8b669ca23f0ab63054d2ce,0
d791133f3663d4edc03b6ccbafd8e05eb5499233f57454b2c43ed2da4f37a892,1
d7a207c0bbb61402e49e7a9c80e5d3a15a03ea2e5fb7e481de91bfccf4191b63,0
d7a5269141d9d0c77f0e08d79e0d309d17c7101ab07875812eb69a3f99a31bda,1
d7e915dbd789475f1e07a1b35040e9e23caa83ee4077c099a958ba2374a7d1c2,0
d816f8429247b77ee7941845fb9157d6ccc9d0d39f89147406bf1b6f875987ee,0
d830fb682a51b1ce259efcbcb2c4dbeb567b2ffedaa39b22c7617dfa38efc2d7,0
d88905a44a39940dccb79e13f11792a1fccf0c003c19ff5cdc68cf4ec1ff7627,0
d88d01c498a2a0cfe23dbd6c5576d878aedcd1de61f9c80ae1d4dee3e163a906,1
d88ebbffe54996f7d9d45c9de712d492d4ceec5e0d15e714f95782c6bd4d1f01,1
d8a22a2fed2b19fbcfd54625afb7bd094e96616174f4685dd53b8301a727d43c,0
d8dd03a6b1513de263e305ae3eec8722866e9be4aea66269c32cfcdb793c7f55,0
d8ee76399d274d9339dfb8af1a80c852a6f60cc503fb7e140f52a413ed31ff48,1
d91dbffc9f7ae0253112900275c6284cc3b980f2efa08955170c27293c9fa32a,0
d93c04284be2d2691aa6e56d84345138501927965248860a679485e36c1efbb4,1
d96a1a87ca0c7f503317520286dff5aec7a91b36726101f1a1c5ad89c4fc5b09,1
d9a8bbcf6b0e9bce91ff6205a6cac7cd6211de52b345e123c6d1c54897187114,0
d9b5b83342bfb190e512a935176ec57d0a99ccad1a469d2b89b87a706e5b3ae5,0
d9c8c2776a32d602a8594bc673091cef560646c5b115f25fd972802e82a3a8c9,1
d9e1cd1ac1e490a3fed1971ea2683be178ddc3ceeee552a31d994fb1d0072e46,0
d9ea220679359c35e8d26e8301b7c7e85e6d94008721afebeb6308d333d5dfbe,0
d9fac2acc4f9737da8b38de9accfdaefb4373eed981c2460b4f9a79fa82491fa,0
da08d86a40f670a58c6986783b5a235662f1bc6a79524a70d79f45ad288a1cfe,0
da3cc266796634f499358039d3a6b84247f372b4736c45479a3d1f2a798565e1,1
da416cb3d9255992766cdada5923437123263008939b4d8b56db14ae9cbf03ea,0
da7a18ee4be74632a571ca129fca57d185e38310c8b103eea65618c7322a0835,1
daa6f7b5e17162dd6be1c558675b007d143de998d0d01fc688e497ff823f0c33,0
dab18e7fddee461c79dcc68cfe7d0f349b1b4062bbe6c8309966f232f179dd65,0
daf898894be3ae322b157d9989a1eb77df018bff3ecd467ed56c74d9ff8c4785,1
db076894c114533a527c405defa1e8007dd58c14b83e06ad9ac0d92bb37a2936,1
db1095ac1a7a3b2efbc158037deb75fd901fa934e3dc4e53210f007cc03826fb,0
db1b7774c4655a634831aafc5300b7bfa9b87de3547505ac3398e1faf725ec6c,0
db2303238e9ee664635fe412aeaf61a6e55ae6353ab7c7ae7c94385a75408330,1
db3f12d73f251e53188d49927dd45a49eba4c9fadbf51e8541ab32f63b9a2989,0
db6bddafc21a27bc9c015a02c56cb47b4ad81d10858500f289c19f5f5f659494,0
db71a92dd6987df603d43687942a29ae31697cbada0f16189ec63d890cc27263,1
db76de27772ed7c47f241f4e3d92dee2fab66b4e8228b38442dc73dd0b57877e,0
db78050095aa7b8f07a7a413cbf478207109cdb3b16d7f12aae60c163c6a8eae,0
db7aa6f7bdf7c163c9bbf30fda13ebf5d8a4cfff2103102925dc93ffc31c8125,0
db82da6e9fe254a4c87dd6b724bc743333152c618d5111d416728b8c33e21deb,0
dbb3bdefd9a19e5f3dceff13442fbaad7bd611ac01b77820e88612ffb291f088,1
dc71da07fa8902c40f58f777d56a4578d8cc3732d7a80194bc9ab1394b422307,0
dc74bcabd4c7505bef4e5c4a61522f9f5595a8593bf1131e779f250d56a12401,0
dc7d9eff79fceb2f91dc0ea4de60c7ad1adf177fc2138501829ae4a547f6627b,1
dc8722945eee84fb30bf66ff2568fb8c110898c2ca13344c7510aa96a2139834,1
dcec6196a378f78200c8ca60e6362e71a592a32cb213a033705bda7ffaeba8da,0
dd566ee532de4afc3b884f258168b058f0fbcce1b9ec06d944e8e28ead85f1fe,1
dd85fc98e0b616e92a02df89adf32c73dff228327b37518eff69c165c85d6ebe,0
ddeb94e4d93d58f9c04a76a5b84295e23c2ce96885597f1aa47b192bccaf9506,1
ddfa512e100a529cb9bb68ace18888e7e600060ff86af7ebf29de964a43e7b86,0
de06b792cac0caed4d93706e48194047c8cdf47f76bce3b9df68f1cc69111d2f,0
de1d5d38f1a97c457c21a03cd4d4e80549789ffb701ae244e6ca9a6ceedbade6,0
de303ea318aa6102fc7009f853679d898119f41af3fa6dc48ccd8cbc4b248a13,0
de345234e9112599ee58b2aee4f93071bfec59e0504481871adf193d84324898,0
de3f0e18128904c8b4dd3ace119d79512b90bbf61047eb4ad34e6f37ae123d0e,0
de71b453fd289d5afdb4718020c60bfbbd60164369f7ee2a126c823287007282,0
de9b434ea9e5c0a703d73655c4f850a8dcc016b835d3d574682a8f79cf7f34e2,0
deea38ec03b6e276f3a749d56f1868fc22ecc3ffbfd8dfbc97f9194c1e64bf68,0
df13dc41a0975b67ae1dc7edf6de8d2c9b8d18b3e886cbaef51ada5c02daa6e8,0
df2d056c1327600b9cb47b7db3e09ef75d16eea62a7222cad57a028ecf9fd604,1
df30d3cbd2b9c7b98c72bdd9cca5e5591ebc78895b120c67319d17c50fc8efb6,0
df4c8108796220f334750e12f9e38ff609e5ef9c4ef89103ee808e5e1ff93aff,1
df52393495b398be79d324a6accae049c06d65e39a3fa95de465036e2d658bc5,0
df9a84d7501b9c23f571da46af72673dd4be7b00d9e79e728cf0102b1d2713ec,0
dfb1233068612c9ea899cf8bcbc3fe2e5304113ef0b773fefdaabb94bb4b4c03,1
dfe51075ee2368dafe15d50e8127b2f599923264914d216e1389300680018cdf,1
dfede2b057383ce452be53fc78b7e7ff3491c3d0226f862f1f153db400e9211b,0
e01629aa7b1de823e9b4b6159f38bb49fdd05438f772c807df957e8135c38589,1
e03056a94d80cba794eb4b0741530564ee971426d64ae244866dd524b4bf5b39,0
e058a66437476d7ef85b2df8d2300db46c2c401f47540b7a08a943f28bdd86a1,0
e07eb9b0b902bbc4a47aa9ea5e9ac79dad593b2a92b6838fe2c968a540faf14d,1
e0bc4d3e746b2b18c96f0387ac5c4c4c3d33bc6d81705fd6f14bde603fb81db8,0
e0c8fb058f9af974dfbfcc5f7a97f02036ace0800c47bb0f1b072bd755a35917,0
e0e84c76b218f2961f3d708404fa2c590b474511fd13da6b676c2e0f6352374f,0
e1023d3cc1ee98c3325d4d5f250de5722afb8daf01ca603986137fae384dcc96,1
e1226d32e06e0e4bd5e07ae800e608c50671e8d12a504a4796277d50f6eeecd2,0
e23d614f74e890e9749896679cca0d2af2c208b57712fa41d8e44681c0d20d1e,1
e2a4fa054dda5f8c9c0f86fe27467278c2369d62290ece831a83417beeba4589,0
e2c176dfab5e6b261ba4c7b9b8ffcd6fb0bec4b227b0b0406a7bd171db8de282,1
e2fcf9936f6600b597be917dedfe517af34623ca717258e1b94d986cf1187cfc,0
e34273adacef492e7d56ffbd3dda5fa6e735a82fd70e13ce3329878d6945cbe9,0
e348ad5cc12fa5c7aac9cd1750da3dbf82a74aa759b7d75a4f5afabceeae394f,0
e3550cc080772eaf81e6f33770167db03fafe7dd930427e06d772829e036e158,1
e386b6105913af67ae51812ebbc57f9d2b44b904b27597f77a45ee8f69a43f66,0
e3c38b425c4bddb630474a0ef95204ad123fe7205590945fdd5739ca274e105b,1
e3c82b5e81155e10c3deb36e78dce01afd8cae09a3e64b4a9681c8707653b56c,1
e3f8affca6aab9974206f2bd5a6a7dd6a074c5a5a2fdf9dd0e44ab7234e209dd,1
e3fe356125161d20ebff24ace6bbfc68bc31e7fa5dd150308fd18643ab8ec456,0
e4100bb4dfea441d25acab1846f64e3a001b4306b36a3c86c0bbd2851b73552a,0
e47a40313ecf839128a5180d712b4b5589f9077803c1b7241aa28fd55a48de48,0
e4a228e4ca184634a9d3e1140b6b079b429c9bcdd0c422fecb84d11b2fccf7f2,0
e4a30fa29f2c5a6b7dfa0f3081f960c071725508bcc8bce1a1c974d08bb7ee63,1
e4a80e7539ba2258243fa7b4b53fe87417155cb356968d4a54535b8671f73e42,1
e4c931003737a536e0679e25d6c9bfd72ec373e251f11b42eda3a45428cbe227,1
e4dd7d9185c98a0c944ddf9e642f3e66a7ff9d471dbfb1a748d65a089d585320,0
e4e00625ce977484af3ac2f52a0bad66ab31390fbd99afc366c76713b9727959,1
e5203ad028c18e4f6be9ab511c334b86f6ee239319b70896ccc54ff88a19c520,0
e54855fa1695900ffed73ad783396fedda73588a4e9a47c6a9494aa00822cadf,1
e568add71d3d47ac30584d187835db12ccba970ec500ea18524e7c1805e96cab,0
e58019f07085f04389d15cc45af727f733d7b3352b1dcb85a332e2f2b1e779a6,0
e58622cf1e0d34b18f29858e880b7a14174da434603f08ce34f464e57f763d59,1
e594b5150f4ebaa6524fb9d7933f0675afe07d3c61a8d137ebd0e96b90a7f4a2,1
e60394e5091004ed9c460938cbb229f5bde18f1d163c1140bfc7ee34faf9478f,0
e608e817ea4385572860ec755fbbff700f14ac5556cb02b56e837ed0f214066a,1
e61041c2af042768555670c55a184ca91081dbd27243543b82a7134d69ffc2d1,0
e62b0763b04b56140454368edcd519e30510a7d808f477c0cc8d7579a78a0c55,0
e673704755a14392e2f41ee7a9b54d047dc7bb87b373e39cc049eeaed4039746,0
e6961baf3d0347030bf2cc3c7d6d441acc8e8aa60f647bc7d521dd7a4bf90b76,1
e6a0a4de06ebcac75a9e17cbb6c6bc285030d43d2ed1300df58be211b4818bd6,1
e6e1f811c5b1c0c84756914ac5b51ea6a1549590a7ede8b89e3ab2c50641353a,1
e6e641cc37ddc41aa8af0140cdf5409f95777e5c14fb810f43a6109d7bac504a,1
e71ec5ac1bb4ed3d7894529fd61ba0e9b490da68f47e05c7d6e06e734008f210,0
e7252ca79404d65d8c24f0e8722b28422ece410d8a33a10bcd9b1b01924041b7,1
e72d94f8c04225ac17fc2a5d1944f1cff770f1fda478723ff46102e9e7f7d894,1
e73d918f128976759ad327a95d1e7e2e382394b773c90f93133fa1a604ebbd6c,0
e749823126eecbdda7893f17654206a4aa96eb6bb2f684443d59564a1930c8b2,0
e756ce67c6e3b27e99a1bb86948626efc7d6de0c8acdf916de52f8eb4076ce42,0
e7810ce46010bc89875f5e47579452dcebaa37f0b912e29510529a67898aed94,0
e7cdaeaf846564afbd3cefc04a342a9c76e3a9b14503c26c4865c4adb7a8ca94,0
e7d7ebbd56d3545ffaa9f43d55caeb8658832eb4e70663b5f80d2f41a59eedf2,1
e833f996a965320b1547e2aec89aa59a450719749d933dd27bb249999382c4ba,0
e8b86a29e9bb469fee83f35f84150a4471fcd26f9786e921626a41826ed976ed,0
e8cc7a0ec935e72581b19538ebfea3f2fd32c0bef9de1a82c2061f76c58afd5e,0
e8da8bd009160530461e61b4ad8cd6ac73119119819d442edc71bd2bde72c9d1,0
e9035ed1a715dd0ed890ccf027a9cdf55a9175d83ce65813a7dded09f20e4401,0
e93ff7cd73da064e6ff83fcb9ab82cba5669fb25d590e9b385b6c32a96ee3d5b,1
e99d6bc435addd22d8371d99b43d0041beca0c12423feea72d7127023e4dfa0a,0
e9cbf5cf22aeb67d18e3c7791316a571c2ca3798bc98f6e16ff71543632442bf,0
e9cfaaba372ad0d26229d809a7cca794b68911b6a702bd23ddc4391baa697da4,0
e9d9f832e32a1fd9494fb2e39cda2eeac1f32cae7ff724e6fbfad904f6cf49d6,1
e9db54050f23f12daba1c3f62316f209f2cfc76e9c8fa246c74c2ef29bfc02a3,1
ea06147461348d568845b009b628a509bc735c8c123c1494cbcc1fcd2c8fb109,0
ea150b79867f1f29d1bed262fae5bd158aa5dc22e1790fe9c8cf0511eb322c63,1
ea5cd9e0aa7f7abca09acc5f31504613095412b0c5a25ccac15245e681b249a2,1
ea84c25c642c617c0814f76af81ce8a08d21ed7f918e266a470c5debfa5fe702,0
eb4695c643e8085b134c32732ea432256ea42ebf1c6c37500da489ae31b5779b,0
eb73cc62951a246107604f89138a09ca44b6c78a87960f9e617d94093b047632,1
ebab48848cfdabbd2ca147afed863f8bc3feee686960317cea68942f0dc09ed8,0
ebbe8a22e6998146ac7e750e5a401c21abbf5c9506c32e5110cba36d6bc260db,0
ebe637ffa11541751fa9b50fd468224e2ea14a3ad48e8d1f495cf1b24cb9dc92,0
ec2ae0cdc2ca633017a76fcaae3475bba1d64f05bbd32c72997436174f1c40c8,1
ec4b5bd5962284b8d9399ac1fd1194b68507698cc9c14fbf6339b280437f0b3e,0
ed36619fb186ab63bb0ab35a45a935ee8d0b90a5507ada7ede47aa2a31880bea,1
ed835f910c7e6e74c04d7c067039af70c663b3be2ac8a00957ed4b625ad5c007,0
ed9f9ce98dd9985c0967a0b2dc69aca0608920b5a365ac1becf400c75042dc6b,0
edb2492a85b193e014b236fa8329a9b1f767320637aa3213dd98cd51a99ed5e1,1
edb276d459523ce9bc89ba0fcf3c1f8950d81bd9058f037e34cd7e333b01616c,0
edc17b0db24f8d55002559aff8cc8de880fc50772af69e2f1a7104fd289dd962,1
edd4a3a62768f2d3d567974db4a23fc19942a7f05ff045ea0a5acaa6f130cd15,1
edd6f00d92cd15d36a522fade5f41bb6426ef95d4df5e453aac128719b633376,1
ee0443b8bd82cb4dd9764b898ef6ac7c1dc0cfd45eebf7e045e72e8fd13d6271,1
ee1fe019569232adf69315723d8857f385954eaccc464a2ab69b4091c1a20048,1
ee30709300577200209bd0457249268586311a0aee625499146ef2a433a70842,0
ee7401d2143f1c02b6ec03338b6967e5bf9d01561ddc067395d0302caa5bd488,0
ee7b24540adbf7dc7d285f8b5b2520a830528f33830f475d3d8139b8f34841be,1
ee85961f6093e821d0fc4914f05f5d09363df605fdcbf4a0067dd58f630b1f95,1
ee99aaa379a10d599a5a7cf697e197e780e098572d43fa19367d8ea87e5c3d03,0
eea69bf759e9f3f9f9b8ea876750136be70d382de545eae7463c382dbf35ea8a,1
eebb9084ec418747ead6d37fcebf11cbc91dd913d2e726aea3f6a52bf644db91,0
ef14512978ca6418a081f387a6560a541b3c5df8da9fcbfff868c0a03c3fee41,0
ef2d04445bd8c86dd70ee2e429df103c84d6f5199c677d4cb1a5528ea3b716b7,1
ef59b569be92c795e0ca93461ea853e98015e09ac38271447e713b511762db74,0
ef985377fe2eb793694484c4ea0a65ee9319ade78807793e9766a25a5200d540,1
ef9ef686ef16fcdf01eb54a0fcdb666eaff6fb3cef79c1bb8fde482560fe69b1,0
efb2cf67457aba2b2d2cfa32ed59ea73d1c072ae72572e6da9c52636ef85ecba,0
eff381f86178e8baf33ddbfda1ec88e062206d3bd9d67c54a8dbb4dcafb25b2d,1
f01996261550eade7c7fa62a2173d8146b26b811fded9819be0b74b3f9d7da14,0
f04eef24b1d50cfcc79da276a0c7c73acbfaa6ddc308924fb653f46cedb01838,0
f0b9f57c2a3067702c2e67a9e6109db179501a7235c0a584a7f8bf5be50097f8,0
f0d27a7d3b7943519f56192ec201727deec10f8e7ee1218ff928b178f6a31846,0
f0e92901ed6eb5452b9fdc2c698eced9a7a3eea58d8d4af4ac3dab00b0ae60fe,0
f0efb326fcb3af3a48e5d9adee394cc7a85d2e176281b5d88acda3a280fb3785,1
f0fa0246ee624e62bf7db8ff2e9c83498ef122397a4ae9d9874ecd5f3c8e6935,1
f12dab43e75933c7f47f68352f7e0d837fd2cce690206a19ac3f27c1c6808abb,1
f12ef85711baa45eca40457828201e880e39e6b2d441be383cbee041f9826a8c,1
f141ebbd6dcd0ac30633d8338e7fcd7d4a85abecb269feea30e8eb5ae6670f24,0
f1631e60f46d1ca3447e1266a02eed24b112971bbd574773bbf17687cb28fd8d,0
f17421a844d2cbf330926417e03d1888f2f9d635426206ec89bc1f938dbfc77b,0
f1c6c74ca5da11bf9ca7493655c231011121660b209445fec79ba0bf0f6e7cdb,0
f1c9619f43aa4ec0719e475ed5b263f98fd3e0daff1f307de369ef14819e8c24,0
f1d3fd7b584703261106d2af7944aa81b883301f6e68cf678b62cf7a13714934,1
f1de53afa7f20404df6b943371c785455538a8df5666276a13a080c43dee1fcf,1
f20ab7bf1e749e7cb16399a7a0276d2718747ccf77909cb7518c76e517fa7055,0
f21353b8ea2789fb13430bf960c81263d3d72012376acd0aabbc49ae22ea8546,0
f218033e8b6e0bc24f9955c60b52b06002b2a3cd65efa83283ec2e7f1a684ad6,1
f21838024887dd7dda1cc0cede059c4d4b4250571a84469961c2e593b06ffce8,0
f21eb936846d50e221d3ee1524e7437772d110f2ede22da299f9eea7f6467844,0
f29220d9bb9d6fadb2233274024dab1d499d2f00f49f15d9e89a1d9f319982ae,0
f2d765267ff28198eb218e99ddc2b7e8ffe41a7c7f5fa42739dfbec15936e294,0
f2e06700ed98c7223f0603b0a9ee12a39269451d0c53743bed59489ebac9517d,1
f305d760b34d6848a26731fa82036e40a81e3d069b5bc1609422f7b0187e3bf4,1
f309073dbb49a68074fdd789a579ba63f6ae09af20d182a8985c58be4e78e5af,0
f314385152bbfd83da923918861494472a9a64132b58000a233d593f314b2464,1
f368e55c973b58a51bb8623b0b10e87718bad0ff9942fb62f98761b420bde756,0
f3929ddd31efa02d913c4658838bfc1926dec5c05dba1e213ece45a1205c5647,1
f3a47cc7def75332cb74442c569ff700c5ea5281ba8266d23821f33d9a797fd4,1
f3b6d49eecf8534dd0ee72449ea35625419296f8b73fe3c66e6fbcb63bc7ebc3,0
f3d587f30f76e6b2f7a86ac01ace5401f3afde27f421e002ad85c31934fe6754,0
f40d8fca7ab63c87488aee87a9a9085cf14dc3fd3fad5a93025616e90c815b65,1
f41365c8f785156b886d9387d250634cab97f42806c564efd55162ec28133baa,0
f42827158c9b7209a54e882be28307ce5727f192c4f65ec2f592ba5c74de726f,0
f495ea16e9dc0748ca38520a7a84293ce27821b61042bafe615a9246aa244c88,1
f4d52873443ce948424729fd2a56b26cbc440259827e0fc543244fed9d751de6,0
f4e65056ca185c3c340551e03deb8d228ee26f4381b37aecae764239de8c5b23,0
f4f2bd431574147ec01fe5a103f6396e35d329723a077154ae21523f815607af,0
f5dcaf0af260bf7ef9ae0091398f1baa33a946244078f4218ae642c40d75fa30,1
f5e5dc4f2aea9b8f4f7fabcfadfcbdf3e26b93ede139cad16e86f79cbba19ed2,0
f5e93734d85106a5f6585c8c67bc241a81955787dbb5639c6ef552fc69ab4ad4,1
f5fc06886332ec32ff1129fd0c9699bc609448291bd8eaafdbf9db141f44db4e,1
f60c9fea972835180f5ec4b696e5be8c6b47315790ff6958b898f75588a69edf,0
f631f4f047ab867a98b161a7819c236e339915640c44e8dfa40a9cdfc0091d56,0
f658718da0c1f22007a252e4dbecf4909250dadb1aa3116cb308de1a7991aff6,0
f6649af719019c9814a658b57f7e9b1b7b839b7cbe45ff6e2c62fc072bb2a7a5,0
f66d9dfbc70bd66a2577f600d48a286a12f11f503100f08ad28aef84db3e359d,0
f678dc5cd9dd2623fb99e881db69c944da5e6e0787df16f0bdb16488aa7eb441,0
f6d228364a691a7e30d96833cc657303b79f137f989af96b0c29be2aebaaa5ce,0
f74c352c011f675e2c82c3cdb47de6c3efa7c3a7fa13d2a35da434102881b16f,0
f76b8bc799abefaf558e12924acbc04a92cd1b7ae89ffdcd8b8b5668cc047a14,0
f79053017f1aafcec71ec5ec4804ca120d024465d424c17fd722874a215d2d35,1
f7a4b4ffdd7d213db8d536977714ea654b043b45baa6b0dcb50b89b7e0df16b3,1
f7b1a30817e2b5b27336e3c39885fb39c3152fe5cc0fd77deb8f0abc78124383,0
f7b5a0fcda0a7dcdf78b7bd292f0a299abe19899f06c4f481c899e5829ad5b35,1
f7f76bb4845d77137ed0a2073ccfdfb4ab18be4716da0416a40558328132cf3f,0
f8582d559023e0d773205891f796f59acf42e16fe456d5565c2390894c92c0d1,1
f860ed90c57b717edb4cdb28981f97188afbc8eabd81af1843322e3155d12e38,1
f8a877233a9ce4dbc1b543a20c013ae74b38d0cdaef6984f9bd5ecdc75613523,1
f8ad06ef8829e6f3cf83908d489e53c57ce61a7772cfe450e75c1707be57e6e2,1
f8bf30e4f8bc291800a39966c37a8dae4fb9ec66b31d7800d0461846a83bf388,1
f8d6e66c8cde8bfe86c01c1d2460d7e61eb89646bcdcbd22a539c510b9f7c11f,1
f8f0107012f627fb1c68ae00bfd2728b0f3867b9e115cedd437907c3a8a81394,0
f8fb53fcea9a6706b87c1e4c2ac783bd5535a5ac94508614140caab0c2fbc50c,0
f91f45c3740a6269cc539c23e77ad33c3463f34de7fa42ae1da9c7c309e3b63d,1
f942cf6baebc1aaea2faa36d73421db91e57e09c22dd85f44c5fa060e89cd7de,0
f9442d09da44d5946ec4e05e6cf79b1d6ec6d89c7863040b7fa1d037c26b0b14,0
f9c993bc203684054e0c4f6a7e73a3e0f65f621748df03eb5f56ae08cf7973bd,0
f9cdaeaaa2f54cd5bf2bbfb998e0858889a1631cccc241a4ff0bb46e7e09bfc6,0
f9d272cd0a0ecf4b6f3f476b94ea4ab7e0a94c5b6d04616c8c638100aae7532e,0
fa1a8e6b04b746bcf26c6916bad42d652ab24f3cab1fbf3176e0600bfdc83950,1
fa31b6ba5a813510d5e3e6cd634ef4e1f69370c58c6821ca32bb27f120e05deb,1
fad2dc05e67abb9d129149232338395cb3b376807999bc4722266f87bbe5af42,0
fae5bb8c9abc75b2d56e6ba3f80c925c01c74630dd3ba2709ed17de8d063460d,1
fb069319fefbda2977b13937b27800d230290326d3d8cba2c1b60f0168cf2521,1
fb2fbcf9c5950b58fea6f75257ac5374b359aaee3d89298630a1c6cd05d35030,0
fb5a13fe43de90512d3a433470c48ad7e622b21ebd979e7b2c454f7523feb42e,0
fb6b0e5b153e7f34a70de92b31d51e914743a7d3941623efc93664207625e2f0,1
fba77a265b1112be48292c39ac25592a85b924bbad191a1bec33dc8af3ba2ef8,0
fba96807306a71706ab3a86612d6fbddbb3a0f9fed514f32d0700ca0ef4f87f2,0
fbab7747d97556767bca0a37ab176758988cd214160527f391a83198a7837d31,1
fbbb5aa4a994de39d7fe5ffae65f2a056e6e9c30ebe6ae306a3f161fafa79be6,0
fbbc47a4a680caa9d99c05df30347000f269afbe7df8c6bce063c8e8a1b9db09,1
fc4d69905f2876763f3441e3f7f60e3a6c5bd26b3de5305ad75c4c1914140fa8,0
fc665b8ebc9caa0b78f52b1b57d8999e0f59e5285aba60fc0e0b6a428ea40707,0
fc825c194f315a03ebc6c7f1e373e742fc9940f865e928e0142bc1d83d40504b,0
fc86cc91f68c05e22898050ba5615bf9646f11bd3b434564cfbfd5f16ef1d05a,1
fcd61a061c9e4326d70fa22181994a37901055370b5a8337692cadf360a5b305,1
fd2b6f60086784ce7b8eb8ca3883699664d723561563e9c57a05e044adb267ca,1
fd85771e56cf73b1a50e8a5f8622ecd397022550110dff936323da8bb69fb70c,1
fdb39aaa684e6dbefe88058c420690cc0938228717e88b87a1a3d5e7f9c24b2c,1
fdd25a9c3b10031c6918cdcc791f054ff0f56045169ddabbcdbecf418e6ce52c,0
fe0c046f6f1fc96f647d327603a2c79ab8e89f8d7033537df271e2df9bac442a,0
fe14633da0fbbedbb38102a53acde573b4988fac4effe60f00e47b777745a47e,0
fe2109a1cfe92ee667e2ab78eb36abdabb3de2e8ef7fd98c25ea397ef379ec63,1
fe2949a80179bcf21d16b8c593b8ba0de33bdb6a94964184b31fb6a43b46b07f,0
fe37d8cc4cef801262cd66d0a0c5c5d49bd0a0ebcb50749bbf0efb87b0b73a00,0
fe5713147210952dcb052cbc66b0a5bd66c89cf138086d2380112579c0a20035,1
fe5b17b847cb4378ab2cd307a4406c9bafd46cd2b92a963b7fa4852d646690d3,0
fea3fd899284d7c4e00c51929724e99d35b110115267297f8c997679a53bc0b5,1
fed77624f9633a42d6336360cf7cce79547f615d0320e31aed605a5de55b82cf,0
feeac8ed3918a6435ac2381541287b74d4c2bbfa06f07a8233ddd661ebfb321b,0
fefa91bcd9f2414c5f88a7cbc7cb0626dfa63f124c93292085d178c1a9e0c0ca,0
ff076a5a15d35c326b24434f42ca199f89004097c4f5534c836ba05e7ca5f4bb,1
ff90030cc8a771dd457e10beeb5d26787e81d8c579ede6c04a02cf0709a56504,0
ff96c475c33fa4bdc826a01b6e883a83f15d27c322f9da15fca5a452d93d0194,0
ffab076f1810ee8a5ab823dea2d4c37dff532f451ae91788b44fe9113753dfaa,0
ffb5f5e86182388b3b00e32f5ab7bef659465e69f23fa379054ed6c38431d208,0
