sha256,label
0031a58be83f4ca580bc0f631cc079f46369e9a07a16bcc170af076147d76904,0
0051635707239f7fcabb3b040dd26a2c78c15280117c0b6d95886181e6c9f3dd,1
0058adf923d8744a61fb10317dac365da7b73374b65b15fafbe5d227ada7440c,1
007cb9eb91dbc100ff06fa1a4c097bf630faec156f84a232b401c7a732d0a93b,0
0080cd218724bd99929b810b0cf9300fb751eef9dd87d9856034e848349949bd,0
0091bef06c695627592cc0a182605e79976246266a2bb64603e6fe1fe3c2e0b1,0
00a982c6af732d43408a941ebbde6d1a063e7e4b2e25974a10f47b7c0d25ce17,0
00d60bffb9987e78df23cec4cc240503a3e42f35fa41f706a90314121569fd3d,0
00daeaa4cb73c01bdc66bd47a7a67ed977dcec121b7c3e16ce0e1a71c58327c6,0
00e3c43015551e9f0a9da6a7b7447bcf48b2c37b0c09ece1e3139619bcacb9c7,1
0115337cf93a65f6fa1884adb515af0119036d68c5579ca3de03181495b6b956,0
01267eb25aeef45f4d6b438b8a37cac8a659bc20e4e35f09fe0593f5fe59cb01,1
014a4e15831043bbe42a42acf74cd5ce0eb230dcb9b144f2996a8bc318ba917a,0
0167940a51ee4d1bee2f81cf9ac1e6b7d3212452e14527156b916cf6d7f6e944,1
01d1e84abe3dd0eaec0ece08a3ea68358a29dc49c8b44c713a155d01c79c2435,0
01d76f5d5cf12412a00244a41f11c43605446391121e682f34089b722578e4b1,0
02364af63ce70ed0b02a857e525971716ac32f297326b0c92fba42b9611f1d9a,0
02416d23c94877c2df036569696b733a5c42b853ab85b383743a6ad0b917fbff,0
024d9dd005db66b48bfb68dc47fd13e3a6dc99d23fe04cfdd3a0b663a1826088,0
0258a9e32ed736b83b9111b43e332c2a9a651d280581913868c05af63eb71603,1
025bd4cb3ce84f291adc4f0a580c9098287a0377feb7378263aca44c80d5c3da,1
02661a170abe764d622ce2e3f7e2c8aab00232f9834bf1c4c36b57c696a74ba0,1
027246fdab3aee89160b22b69a7add7741b131d6d60945f6e5380a4a656a31f3,1
02970d1b6fb7caabcd6443e0ca0d5446781d8e8312f12e49329c117273effc98,1
02a3837bfe5256ea4228f2f8e13219cb1a3633df93b07c5f51e971d65d2a6c20,1
02bdbcc7fd00e3d875698b9cb1057d172e51d79f567cb98cac4403338757b8dd,0
02d31b6180bb793e653c721651014975e71aca6da50f2971beb130702d10047c,0
02da1551ce6331fabf0319fecc816e582ddd2bc50ac1a78441dd676874652d21,1
0305b0669b88fdd0137b8389e7338ecde19c4fcc04f8af4e897c88b1308d208c,0
0396b01619ca7f857bffe8117eee055b32c8102fd98ce854279de8110b22160a,1
03a660380a473f330635b8343f3edaa1916cc8c53c89ede5b36bb22c39688895,1
03c8b7b2337e77b55a23afc95ac95d6b61a421a53f33f5da5e179cb5ea26093a,0
03f6efca4b6ee56db85eb435b84c14cc6a5344bffc04d745631c03486cef8292,1
041cae05697d9af5704295624c71a99e935aa2a92376d20a1cc008ab18001f3e,1
045802513c912bdc386ce9fdb8ec5a675b121afcfb8a25dcfd0f3a7ad0224242,0
045aa2c1e8bc71fadc2510e51f068e1e44c803a06fc8bd6041b633a3688389a7,1
0469e26b56ca4a2b97ba7f91ccaa6be5df190b59061c2276972b89c50d694c8f,0
046b80869aa04c72899d9ef56deb93bba01285f28b731e17f6fe2b2e76e2098e,1
0486cb692e0c7a5e4b4cd3946d7cb6d097ec8a8007c451aadd9c890119c75f1e,1
04886154fd12224e540707607cc05ac61bec31b095a594799952ce73b072c8ae,1
049d3245a5ba981213ebaacaedcdd29b2c69ed1838544159cd749ca5fcfc72ce,1
049e1b8390a8b09a70254047eeb999474baff690014ea3cbcba1fd30851c7027,0
04b6c44698f6bc277891e8aa30f91e3737a43f0e464b3e845168e5c94d36722b,0
04c16b3dc1d5e55e144960e94033db1512a8e547441fb34a230f679b2142d897,1
051587455ca12e2f85b7e0e3740b2411d8ad6fa5ed4f7a4f7e0c3283467db8c7,0
05b5e09cf686f113197bfda4c6bb1825f2d0e60be3fe9ef4bfb5bdefadd1f3df,1
05bc45e3165887f8ac9a51795d67342e792a7747d268ffca71a949da4456a137,0
05f36f7fd9b5e748a3e3c6751ac08ea0ecc21dcdc91f8a8324df391d5fdc365a,0
05f3b205bff0e370c25680f4c19c046198a6006ebc1ad1b6304bf85472cdcf3e,1
05fa6bf74e12aec50200280588f5b4097240d20ab11bdd6dc1fca865724b02f9,0
065864f97fcbe25677248a5ae75dfe3ed342d46186f6258a160ea2aa660c8752,1
0688203c3c056932aa7ddee3ed0fed2d59b979fbc5ca8a74ef926c2ccec65824,0
0705dbecdacb3c6fc2ccefe38b6e7b144466e2bfdbd08d6fef19f7a3aa9e7cca,0
078a989a40e65acaf1c8ef8aeb4ab8f935cfe797e2f87b865350544788bb6629,1
07ed73d20b582eec52b92ea36c8166d74d327294c8bc5fe649cc53c74ced0ae7,0
080efa3881c4fe8c47391c1eaf3a18d54553fd4b13faada35f6ca71ccf31f2fd,1
08209ecf3e2af062d101fecbfcc94d565584582687e7104a85774e6c804a44e3,1
08667c10c278f23a35b1c824891e520046385717f791d51096d352988a76891f,1
0874a37d1af5cf4b63d0392101e43050456658951afa8550f72eb09147ce8e54,1
08b241d95a56c4d11e9702438d7e6fa8b3053329af8601ad769f553204c547ac,0
08b38fed004fbc1f04cb9c679790f4893268bfb968779623ed92d41ef24361c7,0
08ba17b9d4f00f30bcae0179b761b1f15c3d86b307fbd856f920a0e0012b3b82,1
08c9848d7acb1786fa9627052b1d35ddeb2322487ce52df82905e6281c82e2d3,0
09290bc20047f02e2ae1a033043380fced061d8e8e6a576f921832fd1e77c122,1
092980e534ad0015f26e44ef76011ef58ea00a5ea7e31a0d8e2e8079b507aaf1,0
09778645c3931edb410cdf80eac4688fa92cbaca8089bbffe4d53c3bb8d11ca6,0
0995a85a8e2995994bbc9d77207eaa4cf72f41cd0ef339a3f0b26c46ae87ed29,0
09ad29dffca00855dadae0ac98ceab885a7c6d49744d74bddbeecb1c48be2278,1
09bf1e4fed006c54ba3e0e6e84a5a973b28f1e41baa50b20e959f1e4ebc6efee,1
09e1c81e36ba6b4b2b86fc57b5ef74e5d9c3b3c3306fdbf4a8e86250c1d7060d,0
0a03edd8b4c24ab6092daac904c2dd10d09213117b5ed1adf9390e9b4a1fa076,1
0a380c347d07eef84ed146222c654c1c4f5f28fca74c35c164e7d0947394bb18,0
0aa0cb029766bdef23dc859b390f5b88487c7ce905a049073ad2e408bb77a17c,0
0ad706a4b52f5488de233d2aa002bf59dc7618d6adc0cc46db9df45f5f2a346a,1
0afcf71d7e9fe776672edf15e19688656b979459e18eee1e3d4662bfad9250d2,0
0b01f70c313a74e50bb12cdb7cb028457a67ac6aac4c544ea53df6886d676842,0
0b699d4a39ba85a5f2891d037f924756b12b464f4499244b15c078e3e5d07929,1
0b6bdf9b078314f57379f9235a9bdd690f201716b965ec508fd98be20b1d9ec1,0
0b770138f125d4bad03654f7250d9876bfaa502f7221856fcc096fac98c9fd9a,0
0b7e8f30a2b35384850a2ce1c54f3594291241901c2bd33ca681fef7bdff2919,1
0b9bf9cef3238c7734814e90ec0da5a1f990a4ffe7ffe0680e0967b624c8765b,1
0ba09cb071b98b60965b512364431678d2d0526d98666fc485b0b2894d4c4855,0
0ba22ea37626f2cddc099fe57c85aa1b761f31e69af2d925dd9411981617e7fc,0
0ba3bec618193894b094ef65efc36c54325a997601f842fd4ab235ea488a587b,1
0bdcee8cbcdaf588771dbfd29d2022e24e07e447dec2daca2c74c59b6d33b3b4,0
0be98aa07b4ec856b8c60a671705817a223bde5f8be2de521eb25165d5adbc95,0
0c7aaa0ef18a88aee05f681e0e7f96581c0e0b9b9682837498fd86918cc8ebe6,1
0cf196f298662a3addec0ffb912422134431ae505d9638ce3ac17998ad5297c5,1
0cfddec6f76aa521541298aeb292c40a13e507bce4b77d87e6cd45dd49e62574,0
0d68be359c6284c5eff13031405174c37b401b2061c3639bc4b918fd9a6a559a,0
0d73113b32f8a0b57bb073287e3d87f051ed3181d11401369fc41f494c9401bb,1
0d76395f811ef8972b486f8b08e8c8a338ca71189c15c1cad171afa2b33ad3d8,0
0d899d8bddeba8462412b6f1aa0548cdde2a12a3676353fc5ebf048dd119d509,1
0d8b16e28fde89e223a6c12a678d24171b7cd10b792a6bccd64b6b2d0de19a21,0
0d9a7b8d536c7ae89945279b1708d387228a2329c518aa90b503182567d9fbe2,1
0da4eda15b6250fdca944dbc6134a752df3a476cfb82428cce26887718090e20,0
0dafc56a6f6f5e3563c04c737ce8c1e9ae3c70d0ffc48ede2e89c53ca1a227b3,0
0db9cc9e762a073f3a097b5399b7dcb01e95a26bad9d6ddb5f2ce88217963848,0
0dbd698394cfd3bff3b6b75edc18a07665e36457a4d526e7587b36ea767dd821,0
0ddc3b7310f13d104bdce55889437bd023234f483eba8fb70891f15653ae64e1,1
0dfec1680784eb64d735fb8ceaef84524b52cb11b1a51b2991fbf130e28dda76,0
0e00b2234dc42e5b5ddd15c302427844cf81cb18d2c7195fb156ba7d56f138c5,0
0e37941963dbc08887444ad8dcc54495bbc76a2962afedf419c69891c7ddbe1d,1
0e6e0a2bb61b76060bf2fbd638645bf2e6ccdd40d5916a96dae805fe83c39a54,1
0e7c7c0df0bddbf164922c10831db2c2fa845ba76c6b3e62e844590389d6f517,0
0e84e0bc418d3bab5ff6cfe45586cbe689f345802d376753cfad4770dc16187e,1
0e8f74f16dd94e873af0c64d5dbbcd7bae5f3fe9157aeea927a6b0c1a8aaa223,0
0e98168bc6145ccc1591497aa8be9635f8e0f62d4fea18e0f98e8b219d94806b,0
0e9da7b526d7d581c443c5b32cad91a80b6a8f9841055243f7bfb2a4e98112b7,0
0ea8f14dc47fcbece7a72e59232c638ada0ac75f0610109bdb48973ce8276b92,1
0ebf8221ac295e5ba26f319b585bda4f141e7731aa12f2ba8db60e276f3ab9df,0
0eff0de92ab91a2eeafc6668621a9d9d37aa30e8fab1b119675274f66b9d06a0,0
0f115913e93ad214cb107dbea2ea44c7af1d7aadbf86376925ac58da5f968095,0
0f2e73c2cd7bae5cd46664045880af66134c1c3b28408fd25097f471cbccf5cb,0
0f3308ece2388484bb519c41bce692b89150f1cd015f90736d7b6f9126af7ef5,0
0f9fea395c5eae41397bdbb11c4e39341c453defb2735123602aef9993437659,1
0fb3727d80f21ec4369b9dde97f68a9628ec28d1409dfd588eef5b37aabf1135,0
0fbc273fb7f41f6fa907bb7f5cdd2a6d761e356112c9e0763cc2fc02f494c4b4,1
101b7e998399cf408ac5378559c246fce03e0177b46206afebde32565ba3701c,0
106fe617db63dad30fb040256a87b8c738ceb6fb008340cdf8fb7eb14b6bf8c4,0
109afabc1f58d050f274b60a4317afc99abc61efdb48e077eb90006a7dec3421,0
10ef6efaf388c293b00ee3464ee72cbf193024e8c92d1871b9f7706ce6772753,1
10f355d0dc6253498e24bfc56e9dab7e19a20f1f8edf5e515c715f51a33ffb83,1
110763d4672b052be839e95130dbba4fedab3f3d80cde0cd80894c074ecc955b,1
11112f47a682ea306851946f34c41c75ce9703845f26c2def50e4e6aea649cfe,0
111d3986ce7e35e865b396972be4a84ce33dcf1ba03a23caf01ef94dfd34d44d,1
1143a21c03e2e510290068dd50dddbd69888cf496403e206bce1bc33e3616d6c,1
114455aa5ee8e77f32225b07fa8921538e0403e744cf3c85c3a0ac1791cefbae,1
1144848a69ff516a6beb94629e3faadada6126dbbe0a15c833361c04eafa0337,1
1178bcd5fbc7e70b687f9983473496c0f39b8b90096a424b0219a441a25e66e1,0
11a6d04bb819edb7395dcbc063fd1df0b9fd0eac95ae0e7d0834f0df7eea4957,1
11f06de0132b451c35395d6041c4ca1620344615142aced62c3be9c31365b664,0
12259e131ccb7e7ad262a6df3eee11fd4401273e8861f4d154654d0420c6ed22,0
1228f4f6acf2b4ec1bc17e6724c0ec0898d8bf21be7f11ceff80141e412aaec6,0
124ffed78f23f87e2d17b82d8c148b6935e51433b8eca4616b111f34cdf1d919,0
1264575539f4ba87c583d34226d2c673c205e69ec4c6422970bf8f8b13b2f3eb,0
1266ec2dd3ef5d18c2e8946779d49f9ef0c4db1d28bd324ff95257ccc884e6ec,1
12a50dc31b84556e285ccc01368d8f39739c355bc2c669f8f1e9e16bf9dea877,0
12a57e115b949a65304a5a8b28e700244b04a885c70da9cb591b0dacf5d517a5,1
12d0b23db84aa11ae829e2bcb0314ae6d661a84133a2a9f185b632dde688a2f1,1
1329e4d76d98dc332e0812f17186c86aff8ff5588e5995214dc23aec22d99832,1
139a03c8b955bd2e94d23a7b8107ca1204cee069a979325658e4ff01f7621832,0
143b4101e1dbd79c53c9f3e350fdf24d24b373b606f9a435380dbe9fa5d70e78,0
145e03920852ada9cf3bb1e2a4d34ef5d405a3f935cdf0a3b081bb7d3a109e25,1
146cbfe07da5f67131024df1a0cc9464e08dee43553e3b0d61dcc9be80eb0ab4,0
1478461a26406930d19d315233fcaa09b14f183fd0e6cba7b20fb196f90eabc9,0
149e2a80ff185da40561605cf72a7c85bb8ff36a5bd081273f90b0cb0af15fc0,0
14b992569f7e8194e6600bb8261d4f297442e1d5df23d3d5540a2af6d5ae21af,0
14cb77f5c69156352b521c6407019f098decd6f1480a870f5695727b2a4bedff,1
14e9dca37ea7f0338e61be8412d1426781bda58077fee67e8de34fb2a4a1bc24,0
14f34f30e0fc0a57975d8373546cf67ba62f8ffb9fe665c3a312329f3c5dd6fb,0
150546a7bf715a2fefb6a097fce39c8af345c21f93d0e9682513f84beec60ff9,0
1514a0f1ededda9c3819516a7f3ea5e8730962494e4766bcf8508a0ad54c9b56,1
1520979c41fb1aa1e85ee780af27f22bd8b437c32234896492dc15490c330503,0
1556acaa452be3350b8be1f434c66c3a69ada0ee36ddc0d5cccee5ab3b6b3db6,1
15673cc4a3fbb67cc2c138d941a21aafc991d52b899abc4ac9a65e2bcea375cd,0
15892caead05248d6b544e979e7f752d3da72a6a5eacf69245cb5fa8efd376c5,1
15ceca43778d514b43df669af3e4811fca9851e559d50e2e07deb93fe800cc67,1
15e09260ce68bd3036b63b3a86dadbf99d467a18f8689ec45ba5d8bfb0a9660a,1
15e5bb082979c81ebb46534ade2c9b6176369ff05ede69e98a2e2e39cb8049f8,1
15f13b02bbb974d065c9ae1b8e20074e957bcf901628cabc391f2433ce79cba1,1
15f57869301f7cb627c6cae2a38415ed51838f6534854295f86140e7ce4b1817,1
163e7ea0e42a1d5ba4126530e14c19ea4fe02455baf71b5e5ffbccc8be805b50,0
16625714411bf656de7ec5cfe6e6d49530f2c45c84f4687641dec6fd3cd112d2,1
1672996fcdd80223bea5dbf0f3f422f6dcb546e754daa9cb5a237db5ee2090a0,1
16dd4002c58b4a84c0f7fe33cc569126e52ec04accd057f3ce946af52771462a,1
1735490551eb682c98348a439575fa004718d4dc2d9f9bce3f62370ae8fbba49,1
1767e5666c8d64cf14b7b3c285198e2b3a2e55546bfa279ad4bdd600d3dd0ec2,0
178da01031232fa9d5e559829123b2a92a80c73374efd6b5ef95d44fe97cce99,0
17d5241778915aa75677b8e8e6db8727879eb628ab3a48b070d0e184057890cf,0
18191f663ea46093e92309759d772c98cf4bf25f44e3295fcd11cf0669cf652e,1
18476a62fcf220fb097a30a7417422ca2f201ba64fc5c268a1661d8599a3513c,0
1875c0780272a175ca0a84e66caedbeca4cfd3add53d54c078344313c42f40c4,0
18760d5659d3b09c044718de28d6b64a6297be6f1be48d0c9e83c7dfed7c5621,0
18b67d0300d8f9fb50d792faac035850065ca6931d0eb9347e312c7f50cc8984,0
18c674f5427ff07f6982a93d642ef0c6d859a65c294166717833225caa9c2041,0
1934d658e5864dea5fdeeabd5c1143dda6685c79c49b0c1c566a134b325e0c68,0
1939717d198969571d5e267e774a9a255e5e608b927482eabc13068b9ae39335,0
19431d86f60498dd0bfc0d64f933acb423dbd1dd27840f8c0cb060a942ffa64d,1
199cdb5182f88c957827f276e65a94c315e52f64cec5711247cf6892c07a76bd,1
19ee3f99051ef5894120a01e21c782392ca918d2c8f4793b6c7d562248a43920,1
19f6fc6abc813ad9b050ece26d5f65d402f22c146346b094822c535cbf9f388a,0
1a1cae363c1e977e6406aa62c800c147c27a0f524b63fe32539dae92fc2c9a06,1
1a370b58dac2470044ae37ddd2ff4ad92655e155dc241af409e7f20d6ca856a8,1
1a3e741b21c0aab63f9741eac9fe36ace6f57ec290aed00b4640ca2ddfafe050,1
1a6d274beb493c7e2da8569929884507437bc19bf8ff57145d6d55a4f909deee,1
1a868393fcd170df1d6360c123da9784b70fe0694a0d002f41b6c863f191a3b1,0
1a9ec501ebfd2e079609caef46b2ff6639be20a27da7262235a43470354bc41c,1
1aa8d1d802f8cefb15ca6ddfea32826ac799ecc8ea487daffc0d14a4f1fcddbc,1
1ab70c5f0dbdc4e49e978c5945b8221ddc434ffb3f18a4c596c75b476f8ca954,1
1ae304ff45fb8729239479ad35d8eecda84c78bf373c855b55076bbafc2233f3,0
1b4ca2a7611b9693624caec5b904f7cdb79d3464373616fb04128d83fb5b64fd,0
1b6aeee2cb92b20c1634bf1e8496069ea04c6b663b6efa235e033ac1d909c5c8,1
1bc020d8f51a412b6ce11c99583dc9f765b2f1e1ebe9fcc6d9d1d6a9fbc8c982,1
1be9dbe8ac1868c268ededda006a02694b964458595f872b18d9cbf9d3a3f07b,0
1c611ac2107b6015ba63e76dcc832e9ac3bd22eab4a2d2561f2cf473111f9b00,1
1cae9b989196c6970f2a4cb7c007279f0992ee542e20956707fa91d5f67872bd,1
1cc23e6c80ea45f3bbcd7111165a60e942337d185958a021480fa3e399323260,0
1ce91e1bac8f9aba9faad4385e2a53fec7496c32c175bd60d1dec89376131460,1
1ceb75720ea501c9dd0ebd8693b00949d4043d5be9743d5a293790a5064a34f9,0
1d296c3ca807209709aec4ddee35583c8fad45bba50eeb004ebf3f1bee52b8ea,0
1d2a0b2b78c51c58d1948712dc220dcc853e8364170b34f006b183fa72df19ea,1
1de60c640d98963138e0b594534b1e6dffb2843ad8a6e2f94f52f5db69b2603f,0
1df61c32a93e72da4cfe3f5c92d17652e352eab1d6b1e447eef63376f385dfe7,1
1dfdaebd0c8555e1334d4c0137f2d4a4b658687acaf1d0df7bf6533fea6ce59c,1
1e0267713931d6ebcd99578830a93f905fa7572b45ff5a635e623db324b9cbc9,1
1e49b5cfa3f16f8288a54dfe9e4ca87c8435df57662feaa3cd07d0b1af99638a,0
1e731f8cc73ab510c4129bacf8fd4fd700a70f251771819983fedf5e82d6eb04,0
1e81c9fa8c89a414760ab7f2f619f6c171af62be9b8087a45cd3b7dbf74ef654,1
1e959f340722d114ac837a11a75c265a31f29c6618103047e1fa3ce748801d6b,1
1e96342001a23f7e4b416ea67e1d9c3ddd10c9be4591e9aca019fc4aa444d426,0
1ea59449328ef58c85ec11101bd2b6bf4c8b1f7d6cced1e44833c0a35b2d4abe,1
1ef5001aa209e21f5b939497f830c7010d7632f8df3dfb7150b7d655c910e5b9,1
1f10b69f24489e78afe1e62af39140b45923c48f3ade53d7c0900c850d0698e6,1
1feea51f6c8e37f75555cd3f61d5a6332552c0d312e9bbd9a4c0842182397faa,1
20561e51c12952871c7ab5c35b6aa33981ab89d9d66c4185b6ba064e71f74543,0
207f94692b73567ba28e07b1782c213f3a00d4831e62077a2e0b6c8498a4f859,1
208517f7b5ff6bacbde1cf7ccc3656ab8928f4469a77d69545c8ba5a0fe126a9,1
20a4f6792c6876ade96e9f611f21d9e0484f1909cd99c2192df586eb14529678,1
20a99a5f76107436315bb516aeeae2b8815eb8bddb2fe543d50c0481ef97f9c1,1
20c05f1d2494bedbea2b91519b711b49ad9bef3be4af1c6a4932236f05294b10,0
20e120934a72c41e1184ed9a4a74006fdff854f4516960ca976704bef4f1acdd,0
20feac389e6d2d9fdeff2c9e7f84c24b9072c5589cde580ba01e5521c7dc679f,1
211bd5fe41505cc8ded8f369419a0ad2746961c9116850158ce569eea1b78b6f,0
213c6926fd50b352f5ba7ae7210b3eba957f56e50aa6e70b5274bd7039d2131f,1
221829407b12d893c4b13e8ee8a87565e3026eeebf7d09b7794eb1f94c883dd7,1
2224c1d360c7993c91a6e9208d9a10d1542be131c1f22360676c42a804c0b340,0
225fc3414e3dd5871fe7c4318947a763ce1b490658441ed90be104da675822e1,0
22e258d568b808a9385e94f072b426a04c6ec0904784e7cebfe602f409a83ce2,0
2314d632f831df7f43e4ddf626295204eb7d0a3f3182007db3e7bc7845e3f2a2,0
23196c536f1ecc13a6e28db80412aef1c4c5ff6b63cfd15cb62691476d4e51e1,1
232e36a992009f451773c7626bac6d209d04311d7cfb97377ef44a027c9a2861,1
2331eac5e967a21bed7db88eb57b363ae5acd29fb3888ed8f0f544d4e97b989c,0
239fc730676cfc05f60fd37a0458d8d8f6afb6b06e8a047fdf087fd5dad62b59,1
24036246494abbfc53476eb24fbf2c940383ba8019764bcdfb3218939bc39714,1
240b9cbdda2879ce2d2b54918da8d8092d47f17869ed742e0fa1421c30fbaf38,0
240d3f6941aeb17069475c6c65b84720896defbc9fc3c82fd4f36740aed1a64c,1
24219db94574fd193ccfd4d00516edb04cd7da86960cc7c89adfa36c58ca7d1a,1
2485060af1306211b56e56be55d02925c3e67543db8b03fb087b400b5f40e732,1
24a1c41537ef0a83fa72ca4f2821e0b247f8d18e68ebf84195757e0afa780452,0
24d068d5b78666e5d05e012e7904d7d9cdf506663e216e416e8bfd17fae2de7d,0
24e413606d10e6734c060651fd511d82b2fedabef9cb00bd94e5e0381415d38a,0
24eebec034fd2f0a09075e096b37676340b38e9bd63a62b1de32a6733de9a6ba,0
2537b19d2ce21d10d3dfd502b7e6c19597fda8803d45ad06242d74d3bd907558,0
25c503da73ff0f2567a4857ac05ea3f9d73e62663772fd54f3c8ca156d5b82c1,0
25eccd2016d53e40aac6347a194524f4a7286c1c63d149b006a7639bac986d2f,0
2673dc619766dd5ca08681119c57e75a01538d616dfc1f07394413fa73d104b0,0
267905a67b62711de619520051c433f52c3ebc96d89f0b895dc890e94b705351,0
267983a6f542bef9d6f840b514edb881d97233d7a1eb5d8cd89ccef0d21058c0,1
2680cb798a608de22a45b3f12a8a3ffd298444f0355aa85ad59b197640da21ca,0
26ba7f3daa5c6d406858f4770dd2e93b7d817afaeb186a65f85c6fd21ce1d28d,0
26d28ac7abd7cae10b8b1bd30f1f6a3ecd8aeae3ae307f7c3c61db13db7aec6a,1
26e3eae10b1075264afc2ed08822f53a745a16ce7abd6310092219f63277d14c,0
270b883c888fc3e9d050d35b62d64ea23b54610fbcd9f3c084086ed0bbeb5355,1
2716a5afcf65f169305aea18e107e03cfa9964c851cb5421caf058a06541d6c8,0
271bd17de2e6125f960f373f95d9441eb58cae22970d8cb8ed393a763a94dba2,1
2739208324c2abfe6548d32c1fceaf1cb91878bf2f364701382a898651260a0e,0
273b31b7f3cb1129af6f14f74b1adaf2ac64b229256a874234e38c3aef1be7d6,0
274568423712f34bbcf805108cc8366b465d9d00d41c901e9df960c56c490a1a,0
27604bb021ee998d0609c547c2eabd4f0964e8960a3ef6c79dc062d64faf54e9,0
27ca55eb5b626d427f29afb08e39a26537cee4cfe4caf82685df8a15249b3086,0
27cdf2e10a46ade1f9e78f0aec1247599d8ec2cdbb4062cfb3658b5fd63a3145,0
27e54fd6c3409a878214bb9a5c4390e63b11c921a41a3fdfe9dce17cc5584edd,0
280b2ff2ee319becf2e6e5cb144fd1ed1a567e21adacdce824bf590de7f27e0a,1
28105203d25090a932b760bf3a336f8e75ec8e79fa150384a7580fd11c663c17,1
28236eacaee0a96972b37e384ea82dec459fb04bd0e4dab83d9e1c7f486b69f0,1
2837ae37b63951c71fb3e5a268502985446ba020618729d9fa4d7eebdc6ba950,0
2878cd0c04a3748bb4e43b854617e2de198481d69edcd238c2eb1b14ccc92dc2,0
288ebf4be29a749c50842c2f9c70fc90d927502cc0fc505c5a9d082794ba92bd,0
28bc7559727ea7df0d154fb386cdfd2633f4fb1719f36b9411ab1b8e635d4243,1
28ee795b92034cd1ed04569da20e9c459c09f6868a33f92f6ce7faa35f97b03b,1
2922ed37266b8ed14021261fb3e2b104776f93d58d3637b536d134adbba21592,0
2944ca798e2961c225b35db22457047060424a5e4db680f9abacc5759f5ca264,0
2956dc04d75623f6018a46969f6136bc162af8aa642c9c80d1d4f74ba765d12e,1
297c67f574c8bae695559090dff3c0e51db951672df049e67e9323c9aae95363,1
29800fad5e017a38bf8fe99790785247bd96c2f54eecf4487491e6953ec045a3,1
2982605601ec4fea989c95152ed689e120aa6c05bc461c80bdb716561e5b6075,1
29888f9263ad61bc71bf7045759df9569fdfdaf3c09b450b2ae4c9712ea97ed8,0
29a916101e347c09be6ed23bdfcc0039e68077a37b3dc8bc0e603a10bb73a5d9,0
29b9c5c701516c8c4a9565874cd5725bb9efefb03a868519eeb5066fb9f8d639,1
29bcaa30c6e8ce514344e0aa0138d29159c02127ae58b3410cd0d5381244e695,1
29e227a165c25c07cc3362b98b512c33d6ffdac0bdc71d3f1110e484a35c6319,1
2a65fd99626f76839c8cd3ca387f7163da26d8165053ab3ad59bdc4f8dfec104,1
2a899d99a628483d31ae2979c02fb31900c3db722ea73acf82f55af186afdf68,0
2ae0cde1d16261644858b302a481c069e2763d726dd866134b1422a46abc985d,0
2aea00cb6a53495e26ad53db3c285b0213cb8cde025cf90e5923989188b53ad1,1
2af6269c6f4c1c0a9da1a6afc846dd6ed2a6faa7604f02b4cca9ef6cc46c1f31,1
2b1f0a91bf6600763b4a067095e51c21c81ed42abd664ea00bbd0b9682c77723,0
2b7ac50b420f3242add63709cc8a1860bd54df3e872e3ac10f24b4a9a82e9f42,1
2bd1227cbac138631fbb22456e3d7e133dc00abfae7fcd43db6ae9034abb17d0,0
2c4e7fbb836a1f0e00bf03996f1b63de5c601d6189b82914790e756c2f22b0a6,1
2c724d18b198d1646b2e930dd5490e0fa412d83cd30875941e1f4a8e914b864a,0
2c8e6308d8e22f9e10b60a35d0e25f1e6032b89b6a4c138cd4f99f091293b679,0
2c945a8081648554cb853982c48d4293d44fcc68f779fb1fe4ec0c85d8eb1fdc,0
2ca9b0c49051c48ae7baf5e16b09bb0a2cccff66d20b0d7b69e1768b3f498c6f,1
2cbf494c2c5b4c4c4bf6b6a5994e45177468fbd91f4e0e131e51ef89936399e2,1
2cd87b5ebc35205b56b3bfceda13973dd64aecd3a09f29ac757299723bc3c9a4,0
2ce03b16e572f964e165eda06f1561adc2b3632b97f315ed85bafc65704c4553,1
2d0362f2b1c47e46da50926aba22ed312f817b519f15138ed2607b01ae71f381,0
2d71e1ea5a76d5e509e27b20054ed5e9119c97e0e10d0f90d6f837da300788a4,0
2db2142aafcedda4aa650d83342b1e4d75e260bd1b89cbd80846251f084b9787,1
2db5caff00834f07deb3ebfb8f1e5e14bb96a3e8d844c523491d08de9bbda830,1
2e09e08d802a7274aff3f8311af5bfc9c05ee4fd18f64bdd392c15cd5a908369,0
2e521c247d0f8d6d0bf82f4676870bf2b4e69a96ea55739e82d0b633dade088d,0
2e6e36f561762c825d6e875b429b69c90b37af50e9838744801e6bd4d67aef61,0
2e6f286d40229fe7f9120104eb3013be1472bd12f3f5159173ba5d0b80ddb5c5,0
2e75d1f15bc5c006fd664d7b7d1add101256dad6b1b1ee94b61b60090b57b3e1,0
2e84cd57319034e1ac55deb18df4097a1c1cc1a3f23fabea00699b0590751d39,1
2ebb41ae34b67eacb28c3116b0fbcad7b7a1313429088b878543d071a6b78e55,1
2ed9f82df2df7780ef92484b6c6780e3ad84d714d0f757b5055ff46ba15caea7,0
2edac8663748ac520dd8ef4039a3f1f79de04bcefa6b358ad5f0c4e82ab23536,0
2edbaaae8ca32055f7477154923dfa931b7e8fe7d372118595d4a71e97d70cfc,0
2efb6a61ab45bd568f2474da282453669226821b732d2cd47679ba0e47780033,1
2f0307f41a09bcdb8072bf794a53f5b2e3142b7964b72c78440d87cdfee8e924,0
2f23c9779534eba2658df50e5a6fe2a50dd6ddfd1c85e5339bae1f3a4e24deaf,0
2f5ac3f3910b2ec26635380d753243fc94316171650ee5b3f4c1456ab3386835,0
2f76db300994f6133fdce14e57e64312dbd3d09141ddf62c3db50a170698c94f,0
2f9ea922d23cedcdc7ec60464106a5b9ef02638c0d5d28ce55d6d2bcbd9bdedb,0
2fe43a9af608d7c6e4a73239df41be7016e641f57c2765c7c2ab23b25a45a4fe,0
2ff0c91ea4e10784a9144e741dc51feee3cea1882a25484dc0007217ec1711e6,0
3033eec2f569be28a358fcd6748a3a90666477b45b27252ea94c42cfa7e87cca,1
3035bfa9942c0fa995a0dc2988368ec0cf61c8689f0889327e2b5ef429c574f3,1
305930c57ed625b3d1bc6295bffaeccfff427925ecd6db462165e0986b4ba7ba,0
308856aa9ceb90c08e62c67ddc147bfa3e48c5fc2ec5682e03d331ef2e09c4bc,1
313bfbdb81cf975387db1e0e8ab492a133c51646a1b44500cbd5af2e4408a843,1
314665025fa5ddab24e250a6496595691c0f541458843e2a8706963c574e3e72,1
317f842ea090c2b2095552195f1cc45880e71d3d9307cbf28550da7f23a39dd8,1
320b8ac4f6e561b08455af92f26cd42d82388ac48ee0ebbc1d75f1670027cc93,0
3212bca8d74dcd78fcdcce2b30f76183407ceada5c5f8e9dcb17c55ec29b8465,1
321d98aad446182027059767fd4e4718a2f0bab0eedc1f8f1ea65fb2c25bf395,0
322d30518a75e3e97a83bec85275833d0e87a89178215ab8d314f9b1941d5921,1
3243bb0f93d1237dcdf8c2621362a81138ba06bfa5488c85c29ef678d852cd4b,1
32afd8fc6da90484fae490b0eb7da26d7c0db3221c7a9fce691ef0e50b403778,0
32f4fa609de36150d9a7c9b773368294e192434766f4f71c102065397cc830df,1
32f8f0fd9ad7daa9e59e8b01edd5972139c94787e53cd805e7080ba8e5deaaca,1
3315e8f2ef555e735c6a0b11812bd265c692b7396d30aa85a6f7f0b32b9e40b4,1
333b314accb04fe58b6951d1574e103ce535bc0fa764b2b70b217d501586ebd4,1
3343a6d0a53ed861d5e3686cc42524eceb166226fb9d1d73cffc95c875ab6e79,1
3385c39ebcf17ca7d53b67f938233367ac070618c314cd6ea89a253a8f7f9229,1
33a772912a0acf9be5aed614e9fa1e718890aaa0d8ca8dac0aed13e756d8469d,0
3431f07a1a40c405bcc800e144a1cfe2c96fef415eac704b0c4daf74294b32c2,0
344b3f792fa6dce66438ec44f4cceeb0b37f8c609d78f1a40294a6de6d8b21ef,0
3496093b326d072f8be1df918d6a709d1d8548b6f0feb042433057b2ceeb093f,0
3498e457f02da166b1a09919e89754265a1f28ec339ae4a772058bef10741112,1
34ad4fb4f37543e8ccc5ffd140bee67a0db9b00bb7c72744bfed7136e216d250,1
34cbd22f53444b0bd20cba40ea9b66dcee9820ccd6dee64d0aa619954df43fe4,0
34ff717bdc5b65d4013ee97a61cca4d01a2a435eb43b622fc1b26dc82941ac28,0
3504dbce0a9b3f54b49d0564667386764fe9b15e7b7bbf4337060644e0735924,1
352adfa53502a2db25559766bc00e19b622c5dec452e765b8529c4548a5dae26,1
352fa81315e417933467986b074b3e57d456cc5cac670466866c20f8be54b296,0
3543df7830ef61f4ea26f7fa0be99d4a4d1fc9bc7233d59b6164fd101b58160f,0
35ce8daad55654a49479e86eac1c09c357eaddfe9fa76f09d4ef0502c87dbe9d,1
35ea8a4c264957a0b3ec882b67473199627dccaf2b221a9c08e9db6e1fee2c8b,1
3605313486010242e442f0f68db0e462ccbd160cf0531475a73262f0232b7a23,0
36102e3864c7e4e4fdd66a7b180f46c839d8c41bf7d733ca1ca18a39e4d88602,0
362e35fe37733f1d9525a62ffe5aac231573a468031dcec608d6259694699788,1
3667c1b681c52284396fbbc5747ae2152da94a876990392961b29e5c91fe6684,0
367f2c1d555a13769d57f12c3e5cfce3d55af2244016d659b41405af3fcf5c72,1
3694ad797dd7d772526a0c688a80b0f1dde187362209f3ddb0503b79cfdf43d1,0
36a51ddf363d7469c131d1d58a8dbc775e274d1f4b93fe778d67ff18c03b98bf,1
36cbc6ae294184fe4e005742d85e71ff168e64180a0e26fa5e58f9cbbbb47090,1
36d42b826a82fbcbbf16538f2f9072b450d20b6c1a6271f951ff93cbee51cafa,1
37356c1bf1b9ca2da61e498f9bee882a799019435b504de03d756eb1717427af,1
3737f9c689463d1306109a41cb8c62954d9b9dd92d9ac0f4a16037497ddfc7c0,0
375eefa92e672366f834a638e1576bfc89f3afb91b539e04cbc4a8f2fe40e590,0
37672d3cea19a5607da807b12aee721cf9479f58df6a5efbaedaaf93c5e655bc,0
3798b8d6382454649b48605d1469791cf31ea9d47f6ed05d1a5ee71c9c74469a,1
37bfc0575c15e21f4f37421812f4b1b3a8deb603603719ea9f04f81a33dcc959,0
3804dd56180eb29e472f254bf655fab375aca25413e4c7bb414a615d18c67f20,0
381f65a5d4091a7902013661c5e920e1358cf2339a3a6c53383ac918bf6a5ef3,0
382bb21dbf98b9c4c642524d529926bb9c0dbb672365c0bd8d4148e9c173db2b,1
3830bd1a52ac54c9d8d62604e0a48a6d307703aeb5ae5a08c00861fa71407ac6,1
386a40e31b24b9aaaab0d7cbf6a4d830be772c1d24fec298d581cadbea6c44a1,0
387465fa22c9d08c9851f8e6fb27a0094ecbc684c527024909d0bec973646062,1
38a01cd0264f164304052cfeaac4558e8a382b73e5be8e72550e4a02b7444803,0
38ac2bb8aafd9ac338f28ee281e5e27fb280e2e71cdbb8d35dbd8a5dc6e95147,1
38beb31c026d1df60022908ac4dc64e58c3b8374d9b139ae59e4069f4d9aff51,0
39157eeee6ee10bb12b302153cf8491e9a335b6f2fb25ae4b782adeb742825f8,1
391c4e7059f1ba5edeb5dc5b707fab205b5fa607ba4f85c4a5a8e7e3e692de6b,0
39228bca80ee33b98274bfe41f5971415139984c8459a30c1ac4f3f708c11693,0
3979bf028fcddff0da2cd09e3ef7eb099c32c5b885211121e1b809d4004da879,1
39b59283f1d35e67a5b8b66016c5d03559b64349d908768d7a855aa7981bc4d7,1
39c3e4dcf52493d5648f6a70859521845699642ded2d14c8a2ae86d951750741,0
39cdbb3aba4c8467fef4664f7215920ffb83511c49c603bc9569a2d315b6a5bf,1
39df7bc8e03563d674071c5736d1a2e832cbed1f6d7132d6bd554f3d8a3e49b7,1
39e9fa376a91887eb630021a22f7824bccf1f29f41f6132a7cdb871ef3a94b93,0
39ea21ec2008b5ab0d4f6f8b2011e1b1c20c03d0d8bb6b419bc2db97d4116411,0
3a1fae9d61592315550bb03bf9ee05f292937eadf1ad5ead3788e2c2dcdcc670,0
3ab5de3bc4bf741d98df1c41a59e27f5753df820f697820cee9b63db472eea90,1
3abccbc6b173d7895f89d030baf4819e005b859944efa799306be9fb27b3f74f,1
3b2680a148a9c731714fc76f04c0da616ef229a5f482555fb1453bab8d3b1f69,1
3b3041b00175fc1123864dbb86a581f107ec5fd46b7c116dc6950e910bf4b81e,1
3b474d5bc66328c37c4ef2c8d151c0b0e6f35504232d3dde010634836b9db742,0
3b5a864f3c2dbde637958cc3347bce634859c8f98c0c70b7266eae6310a858da,0
3b6a8146a9bba82cbfa790c609bd912342b05cafead3985598fedfdf2b16384b,0
3b72da8724758e281fae401a1f60b93e19c227d02d4ec6f14f9269b7f54d6883,0
3b868cc3dbb6f023afdca4356da11794019f73b420b19a81b6ede56d4bc51f0c,0
3baf00f6f79347f7f80224f877cd36a6f1cbe9038d00d5cbf60d8914aa5e67ce,1
3bfdbd7773d78ac5aa132f57f4ec22d2c8d0cabf91c197a9aeb49d17bad5ad90,1
3c00fc2ca850229478c1a0d4d920eaf24975f957674264f162ac88bac5e6dacd,0
3c4963b378c17bd06cc04f0ed915c664a7cf634dbb9ce040cda43d0e8a258679,0
3c6988bd1eaeafba868e6cc24614d41809a5b119563bf109b8261d2f9002bb07,0
3c980d060ec183c1e2760e9b06d07075919541a0a79b7690550261232850967e,0
3c9e2dc66cb2c5717930f287bfadd79ff409532b9799be5d087dc18c96356618,0
3cf954f6fa512872dadfdaa517a7eaac6e3a866b044f5c4c5ab8a25b3deefd96,0
3d9bb15e0385d74066c078492dc6de020690a4f566e6fbf86294b959fd03b84e,0
3dc00528de8843d5363202959c0566e2a788382e71d2cda4b8a4385184edc217,1
3dfa7d4efae9d5621539c4b2bcbb2ebf50ab077f2602a6aa1c2f6720bf795873,0
3e07676a298fdeefa60c5706f69555e92f9f1d40dbb5161b3bfa7bc818e1c0fe,0
3e0a5a5e593e8922f304ab37bb62bb00b2abe65c939e72a0a4b28d1f2efb7c81,0
3e3049bdb54785c3a8f4a86d7876a4f9a8ffef39ab9ddbc6f4ec1d1c534c37b0,0
3ea046f7d2aad952dff5f17ffa77f10732cb6e2c20fa8caeeef2ec40a48a6963,0
3eac2c9be7f1b2c4267039467bb5c54d0537997d4796c1c2c792493e62496ce5,0
3ed311af87dcb2cad894cebe53b8267eea1bb9b90dccb884e473248ec89bc3de,1
3ee0448582eec4419185994c66978dd5204089b634f89da5965743fc08228277,1
3f1edca1a424bc082fc38055b7bc3798773c87d026c8f1eab4c0426c9550c765,1
3f20571ed91491f9e967ebe59c3e6d8ebc634ca7568ea16db0e8810e109a70a2,0
3f228d2cdbdc796dafcfa1dc0a61ac44fc1a64d747e461e8cbd9e615ec536473,1
3f2c6b283670b017d79edbb8588c18dd7897021dd453a017d3c72e042e8d3500,0
3f8dee2953b3a29e8b5218671889d2ab9131dbbd2e6a035b08a94a9f2a240004,1
3fd7e6ed546968cd3993a29a44966c5c6f40bdf0a2a282cf8ebf313e4ecf8e26,1
403263df8562f2987951f9322a20ee13573ad5cd6fb597527186177f61b54ed0,1
403a11d0d1f37aa29b4817e88dbd425713b9a3e20cab91ceb61341c3d2d63917,0
405de6918263efb2b978abc3b26de6acc7a42e78e3131dd8657158672d9518ec,1
40653a703f9bc41fd08f1ca369e576d26d16b1e9b5dc5f270eeea2a0adaddbea,1
4094627354db23f79209ab0d0e1b61f5962c675c0074bca154ed3ac5bef1fa81,1
40bd8e9002421f324e6dc130d9d79e5a2396b4d4af525954166a01db57ff5605,0
40e5b136791c49abb7e94053d97d204fc84a071141ce2857ea237a97a836d7fc,0
41114d5d8447f137a154903b5d101d876ff2e63dbc4fb6764c90fad6b6dba875,0
413a5dc8fde6dff81926f9c54cf9c996f440658f30740acb97f0fbf00f553148,0
41779fe1cab69b218c8c1cce9867a49c0b2fe0fa6476fb31e36ed1078d209ac9,0
419c88d7352c64b27bd1ab4be3c91a5557d035076dbf96a23e26535c62e8fcdf,1
419e3ab56019e92a9d55223742230dc7a4633b88a450bdb0a9058630b92554d2,0
41a6bed6aecb4f9a6ced2e83c2c4458a33030cc40be6feaa3704a0d2fded9288,1
41b7eb10814e32de0552233286bf0283cd2df7ee0d88384ff93501c8793868af,1
41e7437aedb2876769372abc0c9bb2d4ebf28fbe8025944b9636a134b1f4b7cc,0
4222a30e2664692b38a9011b78a947baa44de3135c38e39f10bbcfefadba8b47,1
424830fe84eac88a30d8884b2c5c78578f955bfceb41e807eb02f5c9d14b8132,1
426fcee24cc12b0060e090b8c34436af80b736cf6d54c188aa41aa56af5ed8a0,0
4279615ee2f1820e8ef593727509e92acd802923e1a295ff8c78fb9c6cfefd60,0
42cc0317eeef75fde18334439674f8861f34f375b9843f692a81522d0e88ee25,0
430c72094feb3d41bb2d2e7700ac8a83850300c15597fa0251b09dbdf3aa56c7,0
43114ad7993ecb8b6080fcafcb6490bf8956fcdfd6c5eace0ac7b84b65e6a755,1
4327ab64135d70d9a8b7fa057386a93edf0edb828b133a2894c0216e1058568e,0
4378675a304fdac4a9f281e4f5e9b1c04304c7b0f6d1ed2bb8675acddf6b9eef,0
43bc1d839d3d8747143f07a27334ef44beb3a73848ed89f283a216a5e3a5bd37,0
43c0e3e15f5403f85121db61ed6f6337be8d2b691c106b5b95e58e5ea112f830,0
43edeee21bacbfe30f2c8b4f800779ab0280f720d9860c6ad3b70d998f92705b,0
440307948524f606f3df868e0795124fc7acb54aebc1ceaff6a72a00413a0236,1
441230be45f6ac56924ab5770e52c56c5e19de16c5b1f8e681701d8b735ae33d,0
442a6174fb5b9e4d7dbdbedc23773db344300f48aa6780fa95c32d942fb40fa7,0
442b5a4d6f7670921524085890b3b40f1fd6a4a61903e6c220e3e3cfeea10542,0
444f944ab12e9dfc510fb12f5691303769bcb3db9303974b0f41f9438cb4af02,0
4458a09a46fb10efcceee5759b46bfb6804d1086b379f6ad9021e217feb925c9,1
44728bb8f524cf40be95fb6a076f088f554c3e76ee27baa3d2ad7e245dd2099d,0
44ac255c9606f0b5249d553192c0cc48bf34b0c0f9e4e6f135487fd5d18acd18,1
4511c805386f233bdc9d971ddf45822ed14dc19326e906b96cf611085ad014ce,0
45a03d6fce49002213cf1ae94bd934cc50e5263f118ff49351407a9a2522e068,1
45af22f20b5b348f0e44a4d0142697c4ee38b5aaa0cb2e15252e1ca1954ee125,1
45d438b2234ff93cdbe96949b16eccb9854720dac5805c9e922fcf36ed8b7621,0
45fb57493a79dd11ea34900983fe5f5dfd53f4995b17549f7af6c6ff6ee29c91,0
45feb50be9712cec96c0172f25576a575e2c874d2843bcbb5548553247b5f8e9,0
462f1896064c98362d15f1bf1b1b767dac61e206dd68ac2c888a75838f457f43,1
463f298d3c1bd0615947843d3e829ab29d4c5f1402b0fa055875069b90df393e,0
4666d931b06881827ce4f7c4bab71313fb2f6d60a64bcaa7f74ca5463a958bcc,1
4676e153fb6840e50aef6f8615a0795325c65c0bf44c2af71713a355cdbc6be6,1
4682df91e07df650c680162a9a7fb59f7bbe2e37a2f382c5b86afa5ffbc8f7c4,1
4684f51654c40e4c6e2a26ec0b64f9ac36e436ee8afb30681f0af713164408bb,1
4688213403392003d992ae62914e67b49fed288241b5af60fb75db9dc018a29b,1
46987dd43fd72dadbcce92466a90bb034667b96929c734e2744559547715ff1d,0
46e5237d2b6c8d0e4f1afd23a30282989aa092e2fcf1e1c592215b3d0f864b4e,1
46fc64336712c85e8fb08f4fa6cd4cc7f88328bdc8c2e6df6d01d0eca7ac4b40,1
47036364ea7c3952a18c85127b3ef97540487468f5d04027dec9c8ba7454032f,1
472ac63ad02d27ef9f2f720f37a2ef486d402e6f8d5fdbe904373716efdf48e3,0
4732fe42f323f6fa8600b0d054e3237ce789cc939bd40f757014fe9d8bda0ffd,0
47673b501e5f4d80c65db6d9253a50e7537bc4f86a8b5adf88878bb86cad38be,1
477fd36f0d657c7c4e5a19a893a0f9581e001e7cc1f8a37fe60093f02e79e180,1
478a53374bde413936157e6796c3029b0e920a7d31f5f4a3acda75b513b97871,1
47c8eba5ab482c60882ded57cdede61818646984b3955173d496f14ea7350192,1
47c9efb37dce18de5d0ac55321edb1067a27e929cae447ef0803d60cf462f6b6,0
47eb570ac0bd1c57445194a0f1519f57a33dd3d31a321797d1bb18db8114b516,1
47ed8fa21d0aa52f3e67c6589cd5b3650fad9871345b422dbfee373b92ab56d9,1
47ff875d3d2e29aada69e47019e1e0e42740bc112e7734eb842238b470154397,1
488a05852295ba251cc34c99b0e2d50cb0a495648d6074332a8371bd60c63cd2,0
488bf6e533993e4a8b573288bd9093d778de796e35f319cb01cb6c84603b637f,0
48fda5584d37e3245ffc8725d5be68e75bfd62ef585d52c9535bc80537ef9866,1
496c6c54f96c1bf02dbfe50ddafd5bc443750dc2131f6201126ac474ade1c9ed,1
49808d679060090dccf6dd122899e59b33dc58f86622920c9af8278502d6a919,1
4995c80c81f40684529eececec2588d6d9e2544b2f2b7f44e94c442505db0099,1
49df577efb021162f81136a2bac588ef2e9f4446f8207ec31d661a9f1e0df687,0
49ecd0123641e03a4c667fe076f359652d2ca2155895e37f42ae0baa449c423a,1
4a2430aac86844adca1014633d517b045e45af7f35d3f510579803e96c07a48a,1
4a3ef8092d179c14050c87229b054712a028c89d2d2ead34ed9588772491d422,0
4a5dd9cd0a55b8478591de84c7b195d123b1cb32926359e5c3646fd571f8c6fe,0
4a69c8a58f7aca47aa0d53c19c771cfcec47639c279a55e28e503ba7dae653e5,0
4a6b5688f04a770c22cf2a09e7b4f5f51e345de2196a1c4fbf6e2005d0187f82,1
4a96682fbfa7f654cbe4f269af762a19cdef44b7e268791cc8d92b1355f1acaf,1
4aa09b7e9b903703d0edb7b58250a4a01c8f9738d6e427e527df0708867eae0f,1
4ac29831f23efc0a994730fdab5a82fef42629aa184edc8e3f570a12a6449ee4,0
4acf5db1841e547fd945fc5f62d0eddc2a8e0f2aa1067b447cd5f7364facde6f,0
4ad772bfedcc40fa681974199ab4f40eb6cc9bc926f2cbb53e521083b5df9336,0
4af26604b10dc18a5db3e46af5b1ac992573be1cf336cab96c79362c2c0c28a6,0
4b25f419d5398a3af4b458c964d4d7efaa3ff218e069fa3f3b990e6f0021b0af,1
4bc0dd2c06ca9b6e98b9371eb9daf043efeaa31433ff089d4c91458e58045f71,1
4bc556a267fadd918740c99c6b51355744c1cba6d918213791cf8e56124ea62b,1
4bdb8d89d380374702c126165fdd462019c84de2540f6270435eae7768bc5bbb,0
4bfdebfbf11513e8c0c1d9c1ba334cea41771cd85a246ff163ffeeecc23ee4d2,1
4c189992ac3836559cf427ce1faf7bcfb7b3a1c0835062841ae7a39fe3477b36,1
4c1b08fb5b4f2026c6d19c8571be2bdc5502b12622c6385be8383bf5c7842286,0
4d08e8dcdb5cb40887161f4117f8571212fb2c3ce25c0b95693feaf8d1036ee8,1
4d86fc36dd82fb24eced904d209f6a249195613110a5229438b2c7c78da40b9e,0
4d90dad79e974efde8374df94a6ee35e91c3d8d5c695423e6e0802f214ee3e49,1
4d98d09052c8ad31051e79023570966d718d4b3eb5eeb3d92a458f3ace0f8c88,1
4da69bfd86b7c10f9b969fa934fd63267a52660a62474a025edda6492c6f49ad,0
4dfcdad8908b1d0cbb49866b50c3828d219fe61cc39ff8602056bb00c9c45ff2,1
4e4e85d4ce465894e7ef6fc610dda2d2bee601bdf4158bed10890bf0613b896d,1
4e96f55b78c0b61d86872eca44222f6ea5a8ee1d1ac62d5193204285ff23a8b8,1
4ef2500f766bf36334a26f41577d1e9b24d43b392b0e69b9f1d16ac687318184,0
4f015ca13416af06a787f96cc14a7768008bbaa1301c2ced7dfa4ba412a66916,0
4f23edb4ad714913a99e6b7a640b87f5f33498c7c19400e3e5986d5eaff8f34c,1
4f69e0cc0970b4b4ef684d84a2ce27c4bc8f14565da21520399b8e748e128b08,1
4fe4f5f09604e96864d2c88e732ba02fd50d30a8d8436aeff5f0c503f4494db5,1
4ffbd3ad29e84f37f1d776f2484ddcf96a7beffc6a9b0bd7e85ba67e884a491b,0
500950fe2fb133c8dd58ab244a90bc6fc2b2d9c0ab800d972827f12959ac0224,1
5029c7d0cb528e98ecdda559343afe18443402ff2c4950e635268eaaa99165bb,0
507912d6664bbb1ec6cd0a34fffbb0a8af50da524932381f3aa87227155dbff3,0
50986a5d4743ff4362d96ddfa72f93c34d84c900ad0c28c44883bb66ab9a8907,1
509af00bef01b02e6d589b8e83824aa1a1303ea3c2d0116b146801443b4bbcee,1
50d2500a6348ec0f8fe059200526252e16aa89cc33540fe9c81dbf3bf7b5ff91,1
50ee7ae5818c47f49a4f274953f84463c54984e5d1da19eaf9e278d743a7f988,0
5149c6cf67a45cfc6b509e2e69fc5e13407f37d439a577a3a410f819f63cfcee,1
514edca560661fe820257f734a237ea430f115b89764e68f30b57433d73b9d7b,0
516af4288e20e1edb14f6b59aa5e70509f18da3ac07b515d9dc8e69e36fedc78,1
517aa8ae46c759007576b02452006c03171aa363589791908d54bf932440c420,0
51b72885abd4d13e63e5b083c5fe3eaef2a7b29b5adffc3e56bba101555b0c98,0
51cabf1f231feb10840cafea1e889afb50bb099178e06d385d416b1ced192776,1
52127d2f9b908cea1ac056564e732349d69a7a5ac85a0b87745b0a850d61b328,1
521f3c322bc071de02b667ce6223ba8fc298c0571c465ee0af256cfa925cf33f,0
52573c1961b8d42e29851a81a5b3229028252068e47ba060e56347bffe2665ac,0
526d086a81c27f443cb15730c2e9d6ce43347d484fb83bc36a25a5843383ea5d,0
52847ab0bac32ef4bcbc37980266f4c41f332b68142e82b818590a9a9d6ae984,0
52af727bd20162fa34d1c944cc8d4b81fb03f18259a39a1a192e140dab519f9e,0
52b20a40eeaab4c8b3c7eab516ff0e294566262acfc71381a0e51f0d7186ea05,1
52b6e533589a45d82b626630cb478e8be6acb6dc42e8c0c02ce3ffec4628f8a0,0
52cff67b093a6f25cd4b3beeb1cfc0b5ac15a2edf56f81af271c0b2239776b0c,0
52f09123394ac417083c6ac0fc94e1a94a96a03d825b11c4b6d515dacbd5bcc4,0
531273ab0e44eefdb0a48cabde1d3762d5e2546ac7a241987e0910acbbdce8b0,1
5363c149b3675dcefd1d048dcf931a2c8d03bb5827541eeda174e8899e5683e9,1
537d5582039c9861fd78cfc4af65fe071cadaefa7990641a05f85d94eb97db36,0
53c0709a6c94a59049f86f04882ae4bd8f39d4a76ada1e1f65e8e12e7a8de8f2,0
53c203d6d883dcd0bcd010382690285082c9e22fca17da668af486d6e8ea14dd,0
53c357ebf2c3ce481ce2050bfeeeb76a7d77eeed6579ee2a008764262f8cd42a,0
53fecc0c878f9ff2769a9f2951f07f1ee1dcadc4e6a8b075ec716f51e39197aa,0
54241ad26e32420dbdfa6289dcf167e019e34ada7983dca08f12a6c974d0adc5,1
54358011e82e5f0cdee498c15db068893311b16666ac026289fef538ed0f1f41,1
543c46c0b74b2f207d8513c980b71cc10ee6b9d7f9b9876b9fa0b6975eff1aa2,1
54417bacf4fdb4bef23e6662fb26b988676a96d842c6460052fd5cc6109dca9a,1
54c0c7c2ea00c840dd38d4b94df21e79fb0fa3ae508b4186247d1ea098ce29f3,1
54eddef5c478b10f43ed52050ffd9cee619a87d5d1e94078049b5c4c74c534eb,1
5528887a14894ac9ed158f35104dfc88fb996535af7204ccab49db1d623740a5,0
55439bb5f4726335dcb67d3170af5a9a4ef7d70e688adedf45fa0c424acf449b,1
556d15446935b8cf4faa9b232e4641a44c864c11ba06c73cb6e5996d2cf9c205,1
55883266edb6fd74d110f320c23a52b8c0e23270208f5679bb45c623381e1b1e,1
55bff9dc6812203cc39fd9bb37b708609a47d0b44c4c7f0d71b02a3ebd4dd0d2,0
55c10f21d96416773dd6293c7b1b2d020d7e67f8a36c515efd1179b9dc43cbe0,1
55e87f01801d82b42837a680f6277891ac8c19a02a2fd426571262fce4cea26a,0
5653d6ee7284b5c1e01c8578d61110659eb7bbb7defb079885c0a8f3278819a6,0
571a92061cc27c30c1e55903d1fa81e633a0e6da88a2acc51886d3a57c837cd1,0
5783a0c9e0d6fa3f9728030892dd975501fdd5c5b9a8bc16ad41d5f202d9372c,1
579081f2f44d745d66c716063fbd19b061e821e076a2d25521904ae246abe7dc,0
57b6a01cf35b81c1100c65b6ded7fcd24e78147c63e8fa28160bec3d016a1128,0
57d34666068180dce46ad9ba17513d0696bdaaa2d07a1ffa22b7080e768287dd,0
58069db7435b1712bf9b8c31413f6b1ea309cc2766a6fd3b280ab09d3936b25a,1
58a904ddd86218b49e7922744c87d014a1651beea27bfbf34f692640cd911f7c,0
58af9d4a16085f953f17038066437ab0aebca806a80cfdcec001b38367f1f7cb,0
5932688039a189806fb7714b90be6ca8f60f0c1b9215e635dacf866a55307b5b,1
5952f4da603ca7630142a9e675f83950aa94570cb0698b09b671dcf9fbb95848,1
595751ff1764e945fddbe7bd6c9c9b8b4692c79e250edd80a658388c2f3db23a,0
59ae1ff574f1d86c126b938be14c602fdfa7293670e6921a4a75f659bc99f93a,0
59bfc0e0abe9db72ea70cb2e87f94c93cdd3432c5e260da3a147992442731531,0
59c0bbfcfa844b325b3f8ad150feda71fcc26a245999c109187fbc01508fb931,0
59de33063acb3133dbc874e959822a5a6d1329c02727a7deff2f9bb692f21c82,0
59f9bf1c2c001264c00ddf633eca3404c577a36286c4f9c03f3d0ece6b4d5de3,0
5a055b3a7183ddf172cc97ff1adf40c46506dea00758a34bd15fc987573432b2,0
5a0be3f1a3f7bffbb897944de55691d4b85185372ea204677fe0e56d330d4a92,0
5a5a6f5ed5426b534c20b0785dde77f7f940a8016f24771fb4a42c6bbba498bf,1
5a67570978d2b3dcd0a919d512d08b0c61ccf7677b53d3beedaf685fccefa375,0
5a7bd9dfef1023f15cd611d117cb4fc335d2e2f77b72d5aa2aef1e133efa17dd,0
5a95e0713c81dbd183352eba3d7ba76f5b33e9bfb31420d1a63421cdd95258a2,1
5a99699518c93ad35f23426665d404788a7f1ba904df979e05cc4758321c6d94,1
5a9a158ca0395ef8e12b1e4bd46bf01ac47534aac32f30148ee116f6ac4c3772,1
5abbc77546943bbf1195f87d8b2be7f9b1304f64cc2fe31cb8b62637872aa2e0,0
5ac8643aeb0538f076503e49735497f26dd635e5e6291116e109ab9451d6f864,1
5afdc0f7a9d5ab481c1785d814f1028ff2304bf537baa1596345e80434ffc2a9,1
5b0b8625bf415928a2dd97cad34ad72b18014853035eae625dd6838c6c7fdfcb,0
5b8a03da87db615a4a1ac3defe52575ebe86229ba7d55d9eceb985d3b0eab098,0
5be0e1eada2e4babcbeb724e67a56f0d49abe167478bdd41b89298964eea767e,0
5bf7c1d6a89b4dbe842be5ad625ebf2640e00c485908a05a292ad6877a549ccc,0
5bfadbaf3eb508a741a55024927f2f5fafff549b622c074ef8ceaeb08706ae7d,1
5c2836438af9135282bb2e79f2dd7a52f50b9f26ed0f5dd635bda4d5f6d197ba,0
5ca3a13628eba6057f128ec5b5603b5be73a738f0d3145384dcb64ed88965554,0
5cb55864b9b2244595ab1f4d36981233f778f1ba7a492e3acca90bdafb0d3cb4,1
5cd4f6a657cbd26959aeebe51e1ff1b2b766313378c76cf62a52d8ad0f48540b,0
5d4cd958b3fc24724070cc6b3744d1c369948e8afa45959860d52c5bc12611ff,1
5d81230aeaf3aa36f1379bb86587e2ddf135a291cb880b278c3476add08d8fc8,0
5d8da1e4f415a19999f8a3ca028600e04fd0fde9d58b6fabbc181cc9c72c05ce,0
5db13778d22d0458954445147d663b0679e191e13d1aeb6f8f39d9e8f4e4b149,1
5db30f1e6f9892375d21fcc43c962ad9479f886c2765ff1d8fb0a9ff792810ac,0
5dcb3743773bfee979b236fec6ce84700999093932f4ba0855956249b0d3fedb,0
5dd83fd4950602f7895e1b1fce7b66a7ba279f69710c8b781d6b3ed4409c80aa,0
5e072f81549a54311febd214930f3fa3a813be6e551512fcd821c477ee802b6e,0
5e2386c43017c73ce26bea869e3babf3f5d37168a63d0e9eb15048af541a6b61,0
5e41e36424659af7fdd360b517a39d0c14aa80e3cce9e0350aa80d9a6dc5ac9b,0
5e469f2f61cc75caf24ea92fabf02c5172c68621055fa6408e81b031f86bc36d,1
5e6c540ce4d35c1980cbd87d9ca6fc091afdd6b1d2d6ecc86f9da8fda3e95023,1
5eb41a709ca26681472377117f9e94288d47a38d75692bdbe371b39128a3939f,0
5eba5f8949472dedb9bfa26262e59275f20e837c286a4475d6acb9eccb2c89b1,1
5ef37c53af57b99b3d39a5d40d652f7d5dee700d9def9c7da967b7df5a5409ba,1
5ef3ca79b98138086d75a7654e2eb9445f80b7a6bd57f83e308d27e6e4b9e848,1
5f125d75b0b3b18d716c106be772848fd72497275e82694039e81ec927bb3849,0
5f25ab168689ea61f3701cf16a89db0414656fee4a78d85e5fb23783c9ec4874,1
5f316b91ad0bed06c17593a3377f8c04386a4e8cdab4aa1b81e350d97e7fee8d,0
5f53e0a71c1d300c06a8bbccb1dc27330621501da6826e9027a03b08658718fa,0
5f9d4cfd8755cd630dbd143cd0b6dad55360e8b6aff0cb20bd97b1fccbec8f5a,0
5fcf1e56d524c78c7c6eaa7726a4dd86508e47a21082be0808bd8421893389fe,1
5ffa87f019b04802443247156dc30689b4d134ae0bd8e30ac6087fc813d54363,0
5ffc110e01c9e610e9e64b6d3fd020012fad0437fdaefff691814b5e7d49d39f,1
606fdc53bf5b117e79b42a44a47f95bbe39bd7bcf01a4c16a8b8435298c5e409,1
608c654bd41d9bd0f805dbc3a2be2a23fb508edde8d3d5639d5bc3d7959226bd,1
608e94630a9bc0b4e761a20a6971f5396d439567b6055869b339124f22a85439,0
60c3f68fbed77de14fdef61ede1cf1647e1c41c74207dd94f5c0cbc74226afb8,1
60c6c4de91ad87142a61e42a4de15bf91fa94f36f8b5b441ebac5bee5c0f0724,1
60ccbb89ad4849dfe547d29af084a1ba685ea9b2f09a101b9fe006923eaa86a1,1
60d30133162ccbefc5593021a6b88c154744d38e073cc2c9ef6b9b32a975d5ec,0
60e841be5daa64e2f550d3d51e471c25f46db93c2583fa1dd478896d7f414d62,0
614730e6db1be01ccff3e166c27485c0576c78648af8408f3e86baf10f5df980,0
61842377401078305095a59061a53b481092baa0513d9affd35fb7327a734bfa,1
61cee4b8a10c2b2fe95cf2b7d249989895feb24a8f706c0604d3629fffab2ed3,0
61e4ab95a83543031bf7c5fcd0a8f676042f5a21f65a81aa766a649bff0f66b9,0
61f66a4a3867c0afd2617fd5d336af42f4b02cd8b391a5c9f97891efd88bd5ee,1
61fc2602af58c21884d7214f4392ad7d1c52d770638e7ef61b5dde09cb14493c,1
6206b207fd496478a42db849b398dfffffc5839502ddba8cda888fe59138e6c9,1
620c7f4f77b3641bec07e72baa2ffb86a515973509ebfa923af111c959c33985,1
621015884b0b0b81ebcfe67dd92c777f00881190815bb89b54c39f6e9defdec0,1
6234e5423daae3cce723afc1b40cfe94e5fdae4e17188e5284d34d767ceb2336,0
627966d610fc2b797403b96653c8847db2353dba287caeb46c4a54dbd07d7cce,1
6293c1b9533823ba04f686ea774925b3437564283c2c5afc2964fd9eebbe8f67,0
62c4fbfb9d0dc28b731ed2f7237cbfe35ed062c22d5e842f2df92a331d016854,0
62cb56d9106acbdd8293ea1c50445c86634f0dc7f3f22462f2c25676dac0d872,1
62ce869a1b4af73875c843a183895311f7d7dafff20422e97c294184b4d8f1df,0
62d2063d72660840fe526016d933aaf5103618a0aed9cf350304d38803af3f13,1
6307da80b251a779faedf52811ef0ba64072a9330501fc7433fa1668bdad5ded,0
630cbcdcbd77e123014d5c803fbc1dc060686212176090725b322d68542b2474,0
6339fb169ac4a2c23c7fafd12bc3e10df2c2ff80a630c52df41acb7478f6abd2,1
63882560412b986e1f2c3900ba869253f44e809910926fea80c8115922cca524,0
63998f12501431bce79be77b638f2643f79ed2de415e8026529a3611ba5332e9,1
63c35452b2e115696763339e0b46eda5d2d2c93ee79404a4493ad756c981646a,1
63d270102d2fa0cca775cb53dd4224660fc47ebc24d4265f0b595fbaf26c85c2,0
640d47f8cc681afe95a788d2e656ed07501120bbf285d288ddeb293ecc67429b,1
6446d94ebe08785af15201ecf24ed820408b8e85c1b1369bb9d2c890f27aecdb,0
6463c3adc5a99094ff444e10a57b81f418a96c30228ad5f016bb1bc848de870a,0
6499436578842ca1a56ddca4ef7352ed2f4497213133af7a7e7cadca8e60b6f1,0
64ea71971ac16c082fd242d44bb29f4497f4a89b319d3e2bd011575ac0fa7b3f,1
64f940df14dcc10cd77876b84d62303199e3bec9bb6c1004cba7fc50b55a3fb8,0
6573a81338976452794794ae702af2608d22a06f76d36cffc67ae0f5d6f62520,1
6584e33f533955c556af536f32e56b4194ef4a9b39185ec3822bd926bf9dca9c,0
6606a35792d34fd73a7ac555e3c560cefff717ea9d303fc785f44c36d28548a4,1
6621fac530e82db034a9fa5c920982932a1da66290aa7dc59a4d866a37f8cc54,1
66322a46321fdd7fc56fdbbd8de6f77ba79f316966fc2612baa8f13f2eb19a75,0
664e9742d43e508dd4ddad7816e1cc99b88d6e294a94a57de26d9842a394782a,0
665522886e084da147a00927674a447a1508f2201b91a7eda682720c5d718254,0
665dfffbe2e1e991596d04a253fae8119ce3209197e09a2f1dfaa1040a5894c9,0
66738a771100a5a8a18902697a1d291d6ebaeeffa736acf8e3b910f120dbbddb,0
667e3ccf2cdaa96150a859f5a83260e2b799566b40bd7dbd8d32861cea857da5,1
669898c153423aabac24f972f7301244078ac09bf18704fa7a8b5d4a32dba5e1,0
66c2d5511e5efcb680b3138f91841a134c79a653372a3f5c4cd4f4ab833ab3dc,0
66d7128bfd4003b51fc44418948585db3e1038dd43f5a4fbca79a1612cadc1f0,1
66de6120bb5c7cfbb75afb017f89d08717af352e3bf29430316c84949b67fa45,1
6703e5a65338eed79f8f9a56df9c147ceddd0e92273221bc926f08517071caac,1
67232954d1ee75ad51912d88bb24ea49f56dfdffc261e07030e4bdddc7ab936b,1
67515441e2f3402f4f0959730f8c5d87e910a2c1a090bdb469f7d5ba0b0be006,0
675e98f320217240b04baf9e05a4d7afa0145e54cb702c9d72a666d9741751f3,1
677bb3c70c32570ed2be69308a40c2692b7a30d0034fd72b18ce4529294f55a9,1
6796f0de4538e9e7c8131e61e64fee4db2aa9fc6c8a4a5870a41824ade1eadaa,1
686608289215f0e763f5ee69564e22a93866856af89bef199224ff441e467d15,1
688cfab3099fcfc6be099467ff487f35fca4b852561184dd310bec9831c1e73c,0
689ef3f19d53fec7521b796ad2cc7efae23175748300c6586ead670666c1a222,0
68ba55d32b2a2b0982b53f99736dbe88633f184d730754a116c81c3536004e1e,0
68c39c400e9f8e55a3b739e93700208538d3ec703c1e60ccaf1201c0ef435a53,1
68e3297a6bc02b4e663f34037569dc5260100f8b416eba242f8e78c3b85e21b2,1
6927545599905a7d460d3fc85235f16ff686abde0f3e4a2a200a55e2093b930a,1
6937e6faa970db0a85512d76dab9016f06ebc5e570a9b2fcbae0d772ed0ee286,1
69556e4bcd0f341d14ac9bc7128beef2db507e1fe290dbbe37b375e9271166ed,1
695e762288edc5ef5d027188213476075433c6d88e29bb42c6067cea238bfe22,0
6966cd86686cfb851a9f6f64a74a148facf6e73d83478e72ba48abe496617a6b,1
69673710ed67b0ca39e142142f461855eefed516079d0d7ad3789fcceb3b8692,1
697b702572d9810e2ef6a3a0b707954bdbb6fbef7c6f18d1dd508a8260774c27,1
69c678f64d1100f4791221abdc2288abcb00512f2cb718ce8b76ef797c06d7a0,1
6a1e628f682c880065bcef1a45dd6aef110ce7971184d175e10d62caa50b9319,0
6a25c1de2af15b3ea32d5bd4853bf72e7a6412c2a4284b264a33dd1715e52e5e,0
6a365237a6429f0012d3f1784674015ee26207b9e99dd530cf141db7958300d9,1
6a6eaa06ea8ec1523b061c91081e22d758bc9ceb2a79bc3dbfff910909a6b5b6,0
6a7f566d09e8f9de0f5834b8c568588daaf037431c9ca73bfdb807e0c0cec928,1
6a847bfcf27cc20dc53874da968d7d04af580903b83a24a351190c854886fbbe,1
6a8a780fe293dba2e241bbcd3d5377e9114ddd75d3dae54940be1b6c3cf9a610,0
6aaf3ed5949608983bb813955893fb84dab78dab3827e2d2de7e83d83e561ad0,1
6ae0b7745ade8970b178f0ac4525ed95047532921f2e06a8221d12da22fecf27,0
6b0d0b0105848f7715b663cbc5757c03772fc7bebec3a690fe2653bb2cffe4d5,0
6b2acc6c4abf679bc73b49b58d762bc11a3611e0d8a6ace7ac1084a74f7b4185,0
6b3887067895eb7f943c94b6c154b1e272f12e3d83336f8176824c710107313b,0
6b4a262c7eba7af4f644d073f1dba3730fe2ce25be3a9da3eea6ca1c5b8f2a54,0
6bc8dd4a84127c592931c227b0aa1850c879c2e56d8e949414b5b2570d5c8350,1
6be83d7f1009ecd2fffc7fc1a7d4107344e1ac03712ed9763f4d07649935ce28,1
6c1f5c3ae40c399c63441a8d3476010e35406c9f0c92cea2930d6b9eb278b173,1
6c20e6523da897ee19c82dfd06ae8b2340d52654bef06a1b5ca378ec860d2bcc,1
6c40905861e99268f29aa1952ab61e41bb1554effddc51c5a74045a145ce6b50,1
6c4b8f3fd7d71b09993baa447471cfbbd67e4ad4b70d88f5d98dabd9eff065e8,0
6cc4018a9fececc0565c973d053386f4cdcbbc11b9863c51fdbde2e672ca0170,0
6cc5c4509d0e454b7f66574c900b6cf72c06bdcafd9db632ce344b1021f56679,1
6ced1ed93bb0ab14609023ce4d8930fa89e70b9b8933d2b5e7f881ae71cfc7b0,1
6cffc09c1e9178d91607836a730f890b37a699e700161f0a8008bad38fdd52bd,0
6d3e5d17056f38b6469ac94502b2bb3aa005bbe02f80f2fd279831d07962eca6,0
6d48ef5ea5eb9847909a1ff7fea017b3ef02c94d5c81a775891cf4e1ede291ed,0
6d4b9222fc5cec939f7b933d76daa404b227e9c5ca845d8cb30f9b2f34753fe6,0
6d9a31905d0cb38cbd0294aee58706b4433ecb0bc1331473d24d5ac4eda2b1d9,0
6e2a085b4ca6478943ea8810aa9eaaaac557a75c4c5dd50623470af7a934f5d9,0
6e40f6356bf1c2e6d1ba2db56fd4089ecdbafc14e0cc0f10a390cd9a256844ed,0
6e59e6ca4ec1aedec914fc1e23128c326dcd307b595660302f7e3a7985e3a1c2,0
6ed19cc9e9b971bb0271e88987d6bfc7b17838e76a7e950ccb6f17b8c1d35768,1
6f255c17bc33e75fda5d6bea3dfb92fdd75ac04223f5aa3b957801549db73448,1
6f331f81e1ed1f0eb12eafdf63ff0b0f4d145ea3fbe111272a41d7fd82b56c83,0
6f70edcd8d9486dcad3e7e5b80749070f66a8d4b9ad729e871c1c5309e00e21a,0
6f9fa5fe4b7ef56745757eceffbf2270494c8cc30b31d47d655a7c113dda74c3,0
6fb0682859e13794b32b6c1ecd73958a02a07a0df63a2c38450b59719c0a6a36,1
6fdae9d43af16dd96daee2ba86c143220c02387fbb34f1089a166898b9336fbe,0
6fec755c3576f0992c252de4840c81b15fd93d8858ea1aaa5f7d2fe82d65dfa5,0
70100b43c3fb00947b60d686e6b324a87d3baf0de59f792414a0db7689cea685,1
7014d2976a1ea4618d87d63c5b4030546f6535e47cd860d8900bae4d6a628aae,1
701fb9bdafc210f8fc09063701ee1df0c52c03ce242dee0a2b00bf0027057436,1
70332da125f5bce59972f4582925368ebfc485e648e03eda68d79940e493b312,0
709358f2de87c09360817acd1a8a462833c0b3d3fa1f998c6cd730c37b26f1a5,0
70a9dbfb4d64a59a13a94f9221660d2a218c294d58fac2340a0f083bb327860d,0
70b63ae763565d315b3ced30cb2b4951810e98b15c8b84576040b165c6304bb9,0
70d0e7654d4fcaea2cf89135374069713c65c3b14943b554db4697ee3b9eb4a5,0
70d8375b0d4b3271b441e27e5a749a197348cbaabed6e4a6e85cc8ea52a8ddca,0
70ddec46e1782e6509a836e3e08fafeafe361a3054f360b2700d362dcff6c4b4,0
714975706d78c5eff6ac854844e96d308fe978aa96140640ad68bdea6d66710a,1
71aee186446365960c3971329b89915a7fa162dce48b26bb8b9519a2bd11be8a,1
71d3787c5e72520ce3da175a6548f62ecde9a785e926ccb6edbfa600abcb9267,0
720635ecd6fa17b6b582351a4d75f38cd7241452d8427826bf03e0a2e45d8392,1
7211ed87e8f2318317cc9757827d178b6318c9abfb96bf0c93278f26c5c4546f,0
72169f85a00e20b61aadda6545164e34969a4345a718b18418999c49e8b290c6,1
725489454f2b6fe2a994c393a05dc3a546f53f31c200dbe548564ca8a5529b15,0
726df423feeef8caa64421d341cb97f6b02fe6a21efb7aef6a53d961b47772b6,0
7274da699681c58a33c9c4886130146021e1b169d1397a728a071cf6350c559e,0
72a7b38c1bebb6d392e84afa06a4a43b0a5e8e6b065fc7d5e3cdd1eae4fd4d86,1
72c619b1c67f98539334fa31885951691765071f3357cbb7e1777ad3bd7780e6,0
72cb676125b5e03e594874a6c4e5ab440b02e3b4e8b9d9a16e373909bc776b47,0
72f358a8cb109d14f14a1f8c3fcfe1633670f39d8312fccc3a2889d4853e4269,0
72fd0b5f3ab485b2fc066b71a28808fe6b991f7501e244f4299041a7a98c04df,1
7302d17ba601229915c07df17bacf7eb37f3fb6a7052f7d5f5135bf42431c353,1
7341b5b7f84a6f71c26f2f5555acd6a0dd917eec89d8de12f159131ee39408ae,1
7367f6ca45cdc1fd2439ec1b78977472ed6f9c575de3f96d00ece4a76fcebd3e,0
741e7a8df378fcdf2ef715820b767201098d81f76db84a7391e5aa61b1fbe614,0
74563ffaefc7cb131c947c23b3734ccb1ccbfe2beac95e8a0d4feaedb7bacc09,0
74726ab3497a349130b3a1581271628d87edc78495ac4633ec421fcb4a393799,0
751f916b9a995fc20093c07a1ae49cbd8afda6ce53fc99ca125e9f22f80f48e3,1
752051a644ac13f692a1f2611c8d4cfb8304708a6f83805dfb6b344f4861b380,0
753df8f3b7419ab0f1f4110ae3dd345a8ce1a520b923cc6b3e9ed079e18635f0,0
7585ff04cb89bd5ecd8f17349ff41b952040a9861c4e0a6b05b5f0e5f420cdc4,1
7591a33ce7020544e02b30dc4fce2efec07d79eec0577a62c5d5bddf1d20f694,0
759613c84c27f7b056671c9c7af67c978ac741ee27cfe03475e5f8bffb5cd5c1,1
75a18acd87cf82eabc71413a5a3074603d3fa065d9aa0e64cf89d85a6692b8c4,0
75c5b724f528bee5196f0de0c36e5cef83a9d7ecc4939cc8fbe7abbfc058f206,1
75ffa68826035dcffe172920ee27eef6cee8171aaf57a062a48308daca39a2c1,0
76040f609f431d54fee4364104ed3573cc757217b3e6bbdd249ec61290c0cfa9,0
76186c0bbf7abd1b29d1e3cf848896b927d80e593657389e048a568566ce3467,0
763be220b465e44a7377083696b50fac33e89e109cba58a38ccc1bf1e05aab72,1
7657555be4527594d740b2cf4799ced0e43765b054c941fcab0273f978758cca,1
769d42fce95de784fb4d952c22cb4ad6ddb4fa308b1fffa2235037896237dc2d,1
76bde9094b46a70cad851bb5fe6cbc87828428689d3aba1960a318b6c08de3e9,0
77309c29e17a82908cc1ead6840f847b8d0dad5a32f837386d2c762aa18ef979,1
776d5199baaac10ff7ea0d35d268aa2b3adccc1f28781fef48ca968c20446683,0
777d4d06f05fcc817509c20ea5699cf99ac721d4a7eae21adbb23a2e775ba1f5,0
778bb5f3b333094813d9f1a0b4fa678c5277ce7fcadc1db8f4293a54b4b4adac,1
778fc4c07ad7920219a7ce2bbf01717ab14591650401ba4a30b7c2e1dae81104,1
779f674f7b62f05bb3d4a10ad44a7d557c5ce53884db516f3aab1f5171ebc828,0
783d8ffea6747e57d249b04940c8aa4bc56c5bb73ba2acfd83fc7bf6e9a03eb1,1
784278df1494c6750dd7f95eef424e1916765636b739998193bb51b8c08017ac,1
7848d2bad68b7aa77ffc351a77af22cb30ba9bd4c24ceb34c68f40e7d346c6dd,1
7849bffae319087f497959a6b098aac348cb73ef5a1bf0c53049d96453090826,1
7853c462400a1e9c56a4f6802d169918908de536f0257a2ab0227805b0805728,0
786020bb04a4c5b6b5e5d9714854030893d7a1db3d5042a3d8ae8c30b49bc8fd,1
78b3a268de1d474491fedcdf8bf27abfa1822aeefa903a796c2e37f44110b7e4,0
78b813b5106e9cb5223738a3138c2654c9f64ecf791bb8da29eec70eb50a26df,0
78c0ace49a7432954d9451c873e202bf173cd9a7b1cde0d55e6a7087388cc505,1
78dfaedca413b44fa4d030c5f3a47f8b1c6d0d11e849567731115a2909f96cd4,1
78e0c3281bd75b67041bea11aef8b7718bc7adb1d0e5c49a502bb5efdf23b271,1
7920e4459b327fb9d3fce4b9031a1ffd97126e21c12b5ceba36bddf7d288d23d,0
792c61ebce70f23deef476bfbe284eb19461367642bc86963cc787bf34cc0049,0
7940123a192365063eb55f62cb98360b2f7486e469c6e86b79087922ce4f3e48,0
79a0e5c11c99c3d3a842b0155a7895eafc95d2f9e601fbf13564d4e2bb2458d1,1
7a611456e4793d892b286e35f6c88bf9178d25af67f7bfb3266471e7c9958cb8,0
7ac9547d3d34a8d3aabe674ab1732f3c2e6bf17d24d88a0c84cfc5e3304a7394,0
7b01a09493c6131499a4eed2b75335670a4871397511c5cabdd9d5dd6ecc2eda,0
7b538100dd0deb3157730ad664ed3e992ebf90690db3665c007a347cd6b98742,0
7b98aaf2d288a3dd52e72fa4973d7e35edd585e0fc05c9a48a307ff8b15c1a30,1
7bbcdbe1db07520fbf284e8bd7e1065a70d0bc11d2c21d2c42ae4e3b378ebd80,0
7bef44924cd48bd680cf42c2d29b229ebbd1ff1c16cfe1befa76ca4762bb6cf8,0
7cb64d47afa775551ace58333bb6153c1b0b4cce16a5665b009ff878d9329410,1
7cbd7c5c9c0b6410c0c765799c579dd77bf7fd0c4cefc996eaad8a5ac0b31bf6,1
7cd13103f658ecd6a4760336ba0c1861951a2d97ae700c69307cd5cdc35ee7b9,1
7cd9436e8d266105429f59123f246a7cf7c040b003fef340ba310ee55f8b92cc,1
7cecf540a5c75ef844c95b7a154afd682d5bfdaedb2d540ab700c85906c6476d,1
7d28c74dcdbd57ac5ce4cfd12e6a4f2807efd8611f0aa4c31df12e3a8a7bf2f6,0
7d4ce40be0e57ab439a067a592f3827b45069a9b6947c6cddf737deaaa214711,1
7d7f7c7339d106a675753906b404de29616806900e50562033447d61531cee8d,0
7dbce18fc9a8aaeae58c1e688011805edea423d5ad6f2fb51c64c5dcb71078bd,0
7ddc19193ef0e8e8e092d7b91e4c290056d00eb04b2d14367a4c58d986d01448,0
7e14244051f23f3637f8ea720affd784c09576219e556b53d8927411643cd746,1
7e2170a29010e121e1702726e6bf3ed65bd4f9d04fb19f0e172767bef67869eb,1
7e5c463f6d875e7b64911a5daa9fa9fad740994c6381dc00653374a28587478e,0
7e6733fba0d89d6471e447bfd5676c36e0a8779cff5295ee3c3c07045fa1cfdb,1
7e76c16bee0d1e53970b25d8f2b58b5fa4c2232afefb288e17786e380d314445,0
7e7dff2b8731b4281931ea9ea4f12511bf81093c1e97bd4f6a308b5a761718b6,1
7e8785fd5acc1a13e769dfd5c1434a274912178ce55e5c1e6a4ae343f64a997a,0
7e8cab44d1b0dae85d7d6155e5454f6c3813ba7456bed5c2a404bcd332a0908c,0
7ea074b16a7c2ff3ed93271aae9f90a5e1d4302e043c3a6e07e62060daac74d0,1
7ebf7ff5bea3125c7aff2088cce0cbe7257b736f2354c6bbd68ebc3cb5f9f24c,0
7ed8536cea47aef01a9bec0d4c64416af75c970d7c59c837a0164aab6442f946,0
7efd8833fb7c8d03f8ef585456dff7dec353b9ea5ebd35a9d33d79589332dece,1
7f0fdb0484cc6bb047882644859ec99e3ee3aaacc68c3f5383cea14bd2d1572c,0
7f1547d5e94b4dd5818e0f278ae56349190753bce1a8d8ad4854d59e492dd650,0
7f40e81ebade39a37cc941de4440bfcb78834a1819fa6f8820472ef44f503e0d,0
7f43c02d94a2d120171c044e3961f27ed90930c344ef65168b81dd945d5bf359,0
7f9e92e1eee2969f852bf1c7d086c1c52041c51437af15f9d92804531769fc42,1
7fd2272b114fefebf73dab23e8754d1f37ce3e22bbe5934cec5cdb8949da1bde,1
7fd400f28a7955963c9f1165f3863d336572138be537f7178e08dc9a545798fa,0
805bc779ba3684d719c36a44ab2c87c95d116d94d0570e640dcce3dd644681f4,1
806154d810f8eadabaae21e6ff66b0e6107ce4e29e84ab8ce9b3e46e0ce6428d,0
8064ba4ba65d6eabc39a4731b72384f4f0306be6a5800096f8edf8224feb1ec4,1
807bef4c3a995dd00b786f7e0cb23d17a6e89a7678badccd14ee193e95ab76b6,1
80a1a59fe9778731b0ceb1381b22c061b51c677d4115318e1a1923754737705c,0
81037840ea297db1701f473460822433662a34cb05d62a83bb34d42c6988c8c3,0
810bd1ac7bf62d009964a92ff50156f1ca9e0a5c31d159a9b59543f5f5a3f8eb,0
81346d168c8442e883726a00b43b78232d4ae6f2476df6c70b738e80bd92cb2b,1
8173f8170f791d7d391425c2e275cda30ea4b29fc5777de53502d7066f59e461,0
817cdd3706dba9c0de640657f6efdc325974563c2a5f2d4b3463113639a5b90b,1
81ad51d9d2195fa755882d2531e5f6cbc1080440428f5953537efbd1d23fdec2,1
81ba7596c7fead82a725b842e53b3813576cbccba6f4af34d3608c35cbb88738,1
81cf20df72ee4e9192c45915efec8c6f366e98f0d477ca79036cf6f457f297bd,1
81e65e69e4cfa463604c7f21e19991725ca86714f528899ebd4025c91259f409,1
821fc253e302c7e187487d4686aa3e8ab67180b7bd476b9bc1767a4986ab61f2,0
825233f260929d7c4203c97f6acaf5eb6ddada328942ad5d0e90b6b41798413c,0
82c52dc86adbfa2d79972bb7f615ccd10dfca83428cedb0f3304cc6e816161ec,0
82cb5761b19478c74c6e83bdbc8cc0e2c6d353f85023a8a53079719bc8d702a8,0
83094a9265fb8aed73325d63d71d9b8ea72577d426ec043f57a54bd2ac4920c8,1
83520a289ba9f68ba0c1c490631ff308f5470ae95b0e8e152c8414a884e12c2f,1
837238f7ebcc2d98a4264fa461d4a23664c3b66c7c3c54bdc436848b320a0ce3,1
838f5b4eb8b14abd9eee03a379f204f1741bede09c96c9169fb7f7d1ef4399c4,0
83a7ab1fe41ed8d51b9860594c815c54cab776be1fa66b0eeb2a81101fae3044,0
840f547a3531ce71252aed4f104a01636d29b469c21d6d079eba3ff2abff2f05,0
84304f475eff888d739f1b60653a17c3d56ce2f301faeb28c18c3758666878b4,0
8457d180557a06b7a3fde7ae093eaf9ceaf81f570a8354564547a6bfdff9cce2,0
8465e2e8c884e7e420eeea608efef54239ab102d765bc66f584b87842787147c,1
846fb6766a5242754456984cdcab51f32d995a4f8d6092412b5059d37848915b,1
8484641e735d85a9802188f09d3fe71386aebfcdca59c9482b1ebd298aad7ee1,0
848d4cba6a4219da61c6be18f520e3282d9ab5469de371cd126cdeea0cd897e4,1
849201ca20944473230a1087dd0a1dcdbf39c496af72518e428c53a5c7b27216,0
8513ffd838a511e7caa0d57bc3024dcc94a5c08b06324c4c0fae1a97e819dc7f,1
853b27a0d20de89e913a2be6ce6a2378531be0383415831fb393caed453a2c8d,1
858e36d9ebcd2e02c799be885cab6af888a27f021e8ec04cf5881ddbcaef58e3,0
860f081df1b37e8ba2a90b26f84b88dc75f86e00d9a495f0596f2fe340de0ca4,0
86495342858906e392de173d0c1fe31ad6ea077222ba0486889fea25200b9b7d,0
86688c09d741326e2189570d2efdc6cab8f4c05b68de914d6cfea0c2b1ff5029,1
86727bbd80e0e121ea92d9429ead731b8c4cf8a4efcf63b46abc3764d8e483ed,0
86ab48ce16986a4f9ee6ff983f99ab67bcddca8b5830235a3beea2bb3ce2d654,1
86ea19d649f07c9556d92f105e8ff9d8ff4ad4256b11b77eba64d2da8b501a21,0
873999c76ec428a015ab8ca7f11de1c6f76ed1bd55f49f5c3c36f081fb2309c3,0
879c3915ababf80735888d6c37f31bdaab1f21c668c65a562ad7c0e24dbf2e61,0
87a8790e456bf13c168e6007c9a62edbad40ce434ae867a0a885c07c5b4503ff,1
87c6194194fb6fa68b97f4c27cba329363b9c76ef404e02512886dd3fccfd1fc,0
880a9b1e068472d298f1716b01c82bcfe3a61d00f912e2f63979ac597fbc1c40,0
88723f3422b473848ebac0f47d9aa6693362c0363ea97604b1e9270b06959d76,0
887d8d481a3e04d6b7103d766d3ace918cd38869a6a7a98c1bea1f2377fd8692,0
8896e92d36d6ed191d573be41929b15f34ce577d01a6ec17548a319d60b3f7e1,0
890451a2417570838bbc95cd82786a502de49d081ec13990fb43f91397fbb080,1
89782b42f4ab1f241cd68e3b1662339ebddf85a7f756744d9102d2abcde99fb7,1
89a4a9758e8ab8851cea2fa1c935c389a095c6dc77502a4190cdd42505dc5f5c,1
89b164ffa94be6e5333613401056fcee1478bb4a6b413a98054014968eeb8f0f,1
89f772a2c3259900fcdeece7329e853c6333a3ffe01afd4ccaee4dd67ed92af8,1
89f87e7cc7d8656159833a926fed408e4eb7e9cc264ed274b702af968bb3ba31,1
8a2fe504d5b96913cafd9b6f462098d905e2de20ab2daa8eb35fa7c39d78ce5a,1
8a33af125e18732c81136903e0b1646e9402c0b6c8032ef7b50751d9a7337f13,1
8a4ca5e0639f303f3f9424120cce64e769a1b0224a35430c5dfac287491ef459,1
8a8a775f4b66f975ddd8dc1aa1bfeaa845ea266076f0e6bd9d55d994e474e9d2,1
8aa071eaadc7265acc5ddd58eb14eff2e118b844ab13723750874247022b7c60,0
8abdbce8c97b59c8482898dd1cafc97ed91fe137f32bbdc67a76315fe02e1f42,0
8af8b354aa0e05d14d898b2cb64587d5d6e867508a1a2869b215d9bc123c8e53,1
8b248543270dba397424ce4a6b1e3e7caebea0f89e196e6874e011a7235cbd7c,1
8b2852e181a17796c0dc0625afffee789b4d4d2e53400506ac53d25988318407,1
8b3fdecb0f3610e9b911b0d67e8e65e58905a5eb7c3927593b0cc3c7b5c2f073,0
8b7e0cbe02e9d9c97d045db7ac42822071049aec4f1e9661653cf455ff002784,1
8b88be3a76f7a3aceec643e3505fc0a73d36b612c0910c52053ff50a6ea7f474,0
8b9b43d4b785676f7fc87e1168ab17e90c74fbc1f7b877f8bfa7f9795d82adba,1
8ba923443186616c564d065733ab3df6be1ea36125f4345bbb8ca2d28e80370e,0
8bbf3ae8fa9e5947160279c58a2111e9f52d30018e8fbbb8ca5da54ad7507669,1
8beb9ff778691be687776fa2140952b92ae517ca460f18d55a95916b62393338,0
8c0d4cee761a610c38bae3c98c46bc8529bf22c40eff6794803f1f20081a1207,0
8c3c66aaf3b68d036064b9c934b2adcbd1ab34dae0a6de211ffc90aff0483311,0
8c3d0683d623ca21140b106a153d873d791604aa7c11e87394f9460a99d6dce9,1
8c4104a3c2fb9b9badb44012c76719469175efb01c0ac2c474e5eea0ed244ff6,0
8c81939a58986eb1ae46ad4f11d95d2b1503ffc5de0e0a9705aba211f3a311c8,1
8c91e3b8e37ae3a13aed29f7d5b546ff5b59bceb5bef3740702aad19fb3705ff,0
8cc1f3b6271bbca595c1e6a12530fef8821d4fa86b5e52e262a9ddf2b00a3661,1
8d0a21cd98aadf78d4fa315a46fef02c88354907893113132ce117da347e8838,1
8d1c36bb5d8adeadcc9dc834c612afe813c496800c06082ce74520cf16afb29f,1
8dd33ca9913fe44c15874072431b56785554c199fe1058c3e6504aa83294422f,0
8de4d9c670e80f852509acdaa4e6ae18f064369af1bda874804888759c2bfbdc,0
8ec2815163ed84e1ac0ac93be86cf76636da816fa3c24686b6939acabe606fbc,1
8ee6623cd109e35063cbb75c75c97c9d0b542dcfc6f4978fa498c9666b60741d,0
8eece45b6bd4f799bbe772ff7c2387221007c908f9ec274a9f81ed19df831658,1
8ef41908c50dbea107f97142cfc2de40acb3e56f92f8aaf9bea57adb079babd7,0
8f14845ca0627d2d77b107774096ccbcb2437962631819a15439fe3ccbe6594b,1
8f3f3014005e45c4ce859250fa8e25bcfec959a69bc0fb0d07f92a6d848c9418,1
8f71b3654c15a58b88a6a3e58a986e066a2d2e2e35fcb959d5403e6b3003f689,0
8fb1b41958faf09ca46da43b1891029293d6f7ecb40d6a56342e18b9170aac81,0
8fc4ca7294798774862da62e64e1f006cc76665b3409e41e5a402920b927819a,0
8fc6a382291e818e72147124d4a7249d1c0c36a4cc1c3d7b71320b29903f252d,1
8ffa1d473e38233509aafeb62c9891ae8e0f7103ab93e20971cbc5356e8806a6,1
90047194df65f89ee5f4bc855008cc8efcba3520b2a7f4a7eb7612f1c7f696c4,0
901260cc39d67727e73f589a169ec3be96049a3efd3954b03f26cf3ed147e707,0
903e032c736e6cc88abbf665c2a6916130f625f08342c0161579164855d60453,0
90432724dab600014fb8e15f790ac6ca2cf3713e89d82df72b8f3f2d14e57acf,1
90615d28507de7193f8ff327275efc723f28caa8289f624e9885774c5c406398,1
9082e63de9e267ab2cfd0d8a84e55ef4aa7f5029eb596b3255e748876d03fa43,0
911107a3ead139cdf9460bbe6ebe22ac23d7e69605acd123492de1b2cde25720,0
91279d45b35eec81c125cd13895bc3fd4259a59f6c5e4ba023943084f0cf505d,1
9144745e89f75b080836cae8c82a16aa54bd57abe6694a220a49205c8f7880bc,0
915b6aa66175c6630aa6dda8cc18be5e722efe52bdc9d2b8f75c75584954f297,1
917d18b2bab3a997526671b1e5199f788e17371ee70b83b8d9e822e918e49ae0,0
91baca3fee2ca69755d8f72cccc7c1dd98d82e46e011aae4619a6ad624d1667c,0
91dc4a702d92651d4979a8b2f9788c4cf026c5a45065b81635fe051758695f72,0
91e512c2af32c013b08a4454c51ab23237131eae7a099c76e8f5002b86dff9f0,0
923964961d5a5b47642c9d783731449fe1846a8327f6062733c6fced3f7770bb,0
924110854d6143e53c9fd81573ff410149340aae131271fcb17d26b6c113b68e,1
926972aa24d7d13a1a72ee33483a08fa8969e05b572e18300925fe8e210dc459,1
92991583d429f741d88dc20ef6b154a415fa93e0237a2141d6306f3e349e3082,0
930839ca70f52d76fccc8f579299ce4ac5dc6649a67d7125cd743ed1189a76b5,0
9310a11ec02779ab4040d6e99dd33370a78cf09a8aaefb8698183a140eea46a7,1
9330b1cde892f4648ecdc6ce898ee8dbb52a67c393c5ba807ac8d08ecb9ae43e,0
937440f19396a298fcc691a98b60b03ebc3357e7ac3fb02d9dc2e7cc98e3c929,0
9389fc10237569bff24ecab1ca2ec72dc64b0a2b13ad2520620c46da44ec57c4,1
93ac53c2492cc6220d4dd511919f2ae87976b9ff3b1268e471f0b7762002c82b,0
93b7ab0b0f113c87d8bece9f6551ea86662eb3627e94075b156ee0b2b10cd6c5,0
93d7ec74d4fbf6a41c5eacaf2aa573ceab7b9a857e50539f14fe467a51b8dd34,0
944d22f9ea4f3cded3cd1c8c846b1c5ae7591470502723f746191154e8f18f5c,0
94591ab0dba3d605391a1c7281e2b819c20f9d2e9eda9c5f6d9d6cf2e82f2e58,0
95032bab3e28da1d3e6d9318ea06e8c9f072908c4f12c934ee5914c2f2dffc6a,0
95ac834fb8fb36ee4b6f3cc617dcf27914205f9bffa5e96d58be1dc817dac304,1
95d2f65aa5324d872fbe6bacdc9069009757a37a705cce757d606675d4360038,1
96194fec5baedf36a5b35a03934dcc062b24a50d011c54710f48fa078755d02f,0
96654bd7cd4f228b11ef3038954c713ac9063b61a0c10b6197bb0d9bbe2094b5,0
96da21b5fe9b2cb2e0d254c541a19877c56f563fe2ce83b8d89bd7f5cda241ea,1
970bbfcc1a70492623d5942199e89ca6ccc8b516bf9d3c886ae3171f89bff801,1
971ec3aeb8dfb653399db067b0159f8f7d48c323f978df6a5272849aad4151bc,0
974f0b68bede7126e199f2acef1e099e58acf477a6e2f196e7452cb91aaa6f76,0
9756ff98d7a7926f76f86f0857c3b33cbae7da2b0d9b41877ffaaa7580db0542,1
97659e869974df7840006a0b96b2a316052016cadc0a5787d890875b7dfb8fa8,0
976e8a5376ec1d34fadca5191d12206121b0ba8aaddc25e1ee8220433b0d8432,0
97a370b653c857e7716e265f725f339c6d2c7dba77485be399e000a7bd66d846,1
97d3e30fe1e5fb30f4f607c546635171908b84f2f13f84c07823ae36b0892caf,0
97fcbc09f2e1283ea3283f80f12b16476189863b6482d3940e20f1207b7f6b7c,0
98623a7996bd2461435753aa7371e028594eeaaa869bc5cf2dedd35aef06c9d4,0
986d51b417bf8be86d1f7bae6608e7b629a831ef6653ba7daea4b611f0d55400,1
98bddaf021f81b8e25cb55b99bcc73a19083e0a66e1b462e22edc2931437f5ba,1
98c597f5e0275d5f75737e58b2fd519e43086f1d6e2110599f0c25392afa0d16,1
994d611201481934bc98d6b864ccc8ad1aa5407b1125fb6cdef8701971d7d362,0
99514548aef1974482728d357e6eb40fac6a237a4ae428de518ea66d9f9151c7,0
998084ed470282c19005b887e05de173cb1915631ea7ad30442c946e4f45a1a2,1
998aea30aa685cfeeb605144a02d01a46714b13402464ba9c40476ff24212986,1
99b25b02bd3552d4401a6ee9489174d52418033a039e2f7b1b98c2fbe5dc43c0,1
99f47238356e02bcf271dc0fb20c4b3948a9d492b72adf62e49de925c06a084a,0
9a091622b62d1de022c70da1a1b1ef3c7117d4dc50e101f6e2ec8a2ca26609d5,0
9a2389929bb6747163492ef619849738418c3d42d529fdf399562c8ff8f67c5e,1
9a3f18583a3521fc433abe177630027edf7f8a702a054b09f5155654ee961253,0
9a4eb58d89e69cc8e371abb0d4791b60ac7e2851bff6ed33b027c3b7953840b8,1
9a5d0cd71a645f59d281f6debf51253edf8b9706dc0710830e37fd1207071409,1
9a5d68bea5303738a12460dc52c9f69e380da526ca0ee5332c9cbbfc47131c2c,0
9a82ca36913091fc2b74505e7d755ae4587abd52ca0a7a82600ed9b89c3c7b9b,0
9aa35183d06ad0d42b9208969eab7c6ac7f274bfc2c8a1b6500deeefec95e591,0
9abc3777858cb1cc1749d991bb5a9f2f4090511d8e78197692ae60e7bb6e17db,1
9ad1b5f0e7fd8728df21633a2465644fe402f15fc09ad7e95626d1f3b0f07b43,0
9b0dfa8ee0d357f22500dab273d623d3f2ed1e8ffa673fbb8db4e3889c506ec3,1
9b0ebbb866e4b2e02872ee465e6b7bf54c677a301faa04259e8e76695aa6e140,1
9b3149c4385662cae94f87fa8b8b43596d329072ce7030ec53f9097c8fefa36c,0
9b5804ac419613d5fa843b239adc514b0322a3c22b6a425e15e55de90d2d4920,0
9b7ffee98ef68d91c2f721088fd0ea45f5eceff664314859002bd9c967f4e4bd,0
9b9d34358ce148576e149ec10bf649682f6a2db493beb32b3c5711812eb0279a,1
9bc33c146ca37ff819f8f02ed92b2493db30fdea7f64dc07989fcf888557c2ae,1
9bd8a718b811c31ee5a725568d263079ad7d95c71100d90cc9d4858d4a216cd2,1
9bdf37e935c33708e7d7b455de4e4c790389587ba2f5e36678f31558ab68cb20,0
9bed091cf22a1c3e4904188b7493019c5e08a00246957a7128f78663bdff36c7,0
9c1eb9da82d40b1abbd9560a31fd44c357a8dc3f3ce872d9d6a1eece4f631ea5,1
9c27f27f7706cd352990a92d3cf549498446194fc5bc52ff0067e7e938d1f297,0
9c4370423949a2f70aa9dec1799ec29bb98d422506abc008c457544bbf8860b2,0
9c93f1db5e2dee7cd5bca780c06826be6b27b0d959c8207cfc992b425cf92182,0
9c96eddadf1a020f3d26cbe1426f0308d3ac49c58d4196d8402956b2201c0f91,0
9c983936f72f0d518c1c8bd714a9ea7f965e48890d6e0c78d68a2ba07b683675,0
9cac9029dcc6015345633df95fa4e74db1599772e266c985c4afb39084c23247,1
9cf92f60cf380b3bb4118d9073594fbbdb6714756548a47c7664bce11ae54e7d,0
9d59bfae9b903640376e0c74d92a953eba58faccd8a4411d7e089246563a0da8,0
9dc8bc6cb4fc9a58f7193226b3c609b624984d056e7313c6622ab0a39a99a350,1
9ddba8035de19660a86e85d68dc30816bd8fe0c4039ed87acd45c1c0c9dc02ec,0
9de775aec5ca917735d31609cf576e4a95d14eee867451b7e8af9298fbd72e32,1
9e101b3753b8e34972b6dae3d3e933d2d2397846f531900aae467a119f02da53,0
9e200bf197aaf7dad1ce8282f9afcbbf2ab085bcf389a9100bf26818d875b53f,0
9e218053dd602aafab45da44c1059d8ed83021ed3b260d5ca28ebc02b2b71849,0
9f003e3a8e4d539a0b69acfdf5f032c2c75d34c76514bd82752d8042cfc3637e,1
9f6705af5685a5bae8d69fe25fde77fac3e75331389ba0e9d38826defecb9343,1
9f871515ae7f89f034a0595b9c457b2ea937c48c27d24863198512ddff996a8b,1
9f8da95e4c79cec3bbed5e020d5d132763737a9b1ada98ef0127ebdcaa2acf5a,0
9fc71ff3a71aa5c666a3ffbfacefb3a67e7f55cfb67562551a2931540f3bba19,0
9fe1af7341b5a28a9eb071928052eadd537505474b3ddca46f23994bc28e2bcf,0
a04d37a824d21653d62dd9d19e9c8556fb9e57305a5d344e1f9bbfcc6b041c1c,1
a079fb19d64815402850efc8be6b58900dec86b0cd9129def8531aa969693f61,1
a08ddf6a7574779d93d1efaa17f4e392287ec3dfaf796786cbe22bd92eaa860e,1
a0ab5819276a87e4063b93575b35210defc952dd7542291f6c15e5c142ae23f8,0
a0eed8d10f30e79373a5f8b0ed2dfc30d61bb970bf917a53aa484e542716945a,1
a109273cfc694fee819495570e7e884656657710d52808bb3f815f9109a6338f,0
a11339fb050910c64364e8d984cbd0677c960d0b2d7b5bdf6ff8acf19242062d,0
a13527358560ac8aedfdd1041e5b6b3f185adccac7c9cf6c5758b0880dbbb77a,0
a18264cbe1439705a44344c9878a2ab1c17442a562b86c72cd47aef066d5e370,0
a1c10377021ce678d3adb9c2fbb4f5f6d93b78854cf69fa9d1720605ef8c8e24,0
a1d1174e8fd1326f1a98e65fbdcfc9ca7d6334174ad15a5bf263085eff42d788,0
a1da6ed5cfc8f59506a3c1f979171f31851a6b41675fbc4753c408c80653b8f1,0
a1e3b01e7acb250d7dfa6b34ecb6c3da0df4803a29f79d60dbd62cdabbc59d68,0
a1e6026d581b6a7118dc6aa3c5741015101206b74d8977d6b543a81636beedfd,0
a2697246387ff4fa97a0a381fcacefcdcf092097a7f5a2d247cc24fdd36271a1,0
a26fe39e52bc3c78745c06c76c4a8b0d1c972f28eeb3a157871091e80681b36f,0
a2bb5c3fffc5e0dad02495c94368ebb6e6620db243d967bf8c9f353844954fa8,1
a3325189babfdf49c921a16cf4a801be560db6b5c3a8454b2aa2ee362d8f2e16,1
a34422bcf9d80eaf3f0fb949c8bb50d838b197a3d2a3457caabc33933e771439,0
a35662a77b8589acc325eb7731b4c5f33854d5eb3e30f46fb72afd01767200f3,0
a37567d36024bbb1aafb4543aa3d7310c0965a022f8de77ea1b7bb3742be8e9b,1
a3828385e54f2a84ad87ec63a4eaa1aab51ead9967fea76ed14d64fc7c372ec7,1
a38a63d1cbf05385d4625388343ad9d7d06cc2d703053c8ab5e4683de811a21a,0
a39df23eacee3a9517e9bdc892ebda7b171b1871b6eed53edca8402b594bdad9,1
a3a9812869e9c4ea12f6b403a38eb73adf285e86d4a91cc86570eb77a0ab7ed3,0
a3e930abcc4c8ae56aac43afc6c93d7e4152948401df781e540e798b0b3cd961,1
a439ab6915bb1f889df45e1d71e210e609aa9f9f1d9434bdcdf954c67171ebee,1
a43afaa6fa9f5dfb01e172cc5fbe732b4e2885edbfdea131618acc707b4f3cf5,0
a464a9d567faa359ffa23fe3f7466728d915f410ec2a6ea5ec0a0c1339a72819,0
a47697c8625b963f0752785635485d82e9a94fdba4e39d9f32c76b1566f8256f,0
a494e81cea99d9c3993469fa2628da84118af0ad96df6f7628652bd092fb2c92,0
a4bd25d96f57aec67f1cdcf470a3fae9d8d29c64c4cf720227a089730c0ee5e5,1
a4e1b3bb2407b75546f9c25f1a25354b5b79a204b82854b4ab358553535653d8,0
a4f6124e6db07b912c3b7650455f4d2fa6a9a946cd687570155f3bae85f07db9,1
a52ac792f5e88574f0a4f748c130836322546fe4304f034520ed8057e6e8eeda,1
a52ff6475d070e29ddaadbc0e76ad1904c57e46d32451de2fbeb8c91d88b926f,0
a535fde1a2f68ed516be67f750c0f7ee321c8b988272f6ee42856f1b5cf39b84,0
a55d12a9ea0c9081cc9b3536a0b11d016c02c37923e6807b95126410b4abb6d2,1
a571182629cf3a54f554451960a442b02d2de8b05863f091a407be25e0ad1855,1
a57fabce56aa83ca88db61158333e998c86b57a7df184cb37273c41510839079,0
a5cb6097b99a5efdc3e611ea46b5e16d4350ad30de2b50de4848b88507880c2b,0
a5ddbfb0eaeb359b61d9262a3293f92d62bb35ca1995b0871ef6d2e6211666f6,0
a60c1e83bfb19d57fe5db373e71e72a1b0d369de5ae3c0304e6490242ed565dc,1
a65721d9564a4ce8d733134aa6cd329b38b37f7bae54283aa1f0f9bf2976f3a9,0
a673ace96923dac24796e3e905ffa1f00ba60ad13002339082d7d51932fe21dc,0
a6b0f5cb3e4f05d382f3581983f93b6b11de4435efbb9dca84647dc14147f7f6,0
a6b3472cd3f8591de63e8eb43498633c03bbb3aeb443a07d67580441fe2c383c,1
a6d72e55cf028bf532576ac2a8cb1dc667cc82cf14a8238d8e6ea874fe7df9e1,0
a71ed31eda3e67269ff9c7e4658b33df5dd0c1255099f6e7b191e1b8e4cdc49d,1
a736b514ae9dc8465f57144c4388641fef9265423eac2c4c63e5befcb95a9785,1
a7468dce9fecd41be15e4568d698b51a50ed2f175a5e2c14109a8f2204c5e651,0
a7533a4313d13a958586c8d4ea19d82756cd0b85ccfbf5e27b358bcf7d2b6fbc,1
a7e3680e2d9268fee53ac514f3198303c8d09dcb38da40362ee97b6fbed72c24,1
a7f8b68c7f27166af77c392bc3c22fb214082da488f8d7ef737f173564e38c9d,0
a87280990e8393dcb65a62dbe1496b6faed64eaa6e4a54b83e85005cf24f44f2,1
a89905de562937841cd75ae06e591f47b7ba7a05d229467bf3b871fa5eb209eb,1
a90c01ab3f7fc9ebb797c626992ad147f69cb91358731fea99e2bae42eaa4a1d,0
a92d14981e5b0c553c5332bffc35b4308b222d1625dfde9b0f29f09eaf22f566,0
a92edbd8e69adde27a19d03ad3bd9ca4d333b0866b74e5f9a1033fc869fd7803,1
a95d51e38f4e7e54acbfe30aaf182a027c04f405d58959b23934281854d993fa,1
a990df331fbdfaf3a46a5fb331ae7c9c89da460983686c8aa4ff91827db691f8,1
a9a8806380b8cf68701129a3e8a15f7dbd9dacee440444c48084adc7c1889e4c,0
a9c2d3ee5ad0a067a279d6d74a8cfc0a84e4232192b4c8c3e6c1954b2ef760bc,0
a9f5d250aac5ba22eacdd07ab41063b1f239a5bc680df93a2b4565afb6fcf915,0
a9fbfe10ec6fb8f66269a6499ea7cd7e644424db6a00474843bec90d74109a45,0
aa0b2c76f1f1dcb256134d2c2995ac11f31a9d509230c7884231be9fdfd17488,0
aa0c40c5b1639e64828fe98bb295ae18c10729388cad8471ec5b2005ffbc8e94,0
aa27a0042f6847e75f4cbb57265f29ec416467041eff0023f609f76aea70eba1,0
aa384bc18f7e4c7d745a07a25702818b21fddb1149d24f5808e90202d4c7da6b,1
aa8160802cf8595015994d70c01942bccf36215b69d7d577f42b992459aa0bf3,0
aaf96776f5ba811c9e16bbfdb469840d262dc839bc0c633ca2de20e25c60019a,1
aaff080076a28ffb3f466fa9ae53ef3e4eb367a76994398834533f7e68ee0d7b,0
ab140461a3aa5adeb57812bed2418adca33561c6487a18626661ce7b465cb189,1
ab21bc9bcd2359b76e3526452a3b0ec78b4fea2b64593b2cbcffec2a5fbe599e,1
ab2bcd2b7ff364217771b546c11fbb6ff52a7d8d4ea8aa5d96c8b155d4cddcef,0
ab9dba4bee412579df824ab9721f3c8b8b9ab3faff5e23e69c22ff8c79edb7ed,0
abcd944360dac99fd08629fd541ab19cfb8d4b9779f0f58c21d77adc170eaaac,0
abdd3d94026d77ed4177b9aa505fc26605746c76a723739e84bf08360d946871,0
ac1aa5aaa15a613c18ad1e9f4753fab87ad144b87973af1e34bd2aa80cdc3f87,0
ac246ce2a941c457ffb49b24459a932bc50ea047589d939c9e6ed68bfa703b14,0
ac6c3fcceeb2adcde95cab77f074548609935882b2aa4eb96c100dadd7854381,0
ac7131e1ea26a0d56ae463d6164c89920fa5abe69edcccc8a5cda5ba2a544aab,1
ac92de73f523792e01b4b3724c64079f1e9ae2035e41bd8522c856896cedaf20,1
ad28158a44e7f166f9005b19b9b1e26f1976b2450d1dc05215f35068c72f9bb1,0
ad48e7b952747a958f2e46a23ad08da1cf17efb6753d19b1e324db03f3931a24,1
ad78b6df4b5588d9277afc164f8a4fc91df2f89e063ea589bd48359d70d8ada9,1
ad9ef1be5c01d5f1caf9af207798b50bf9ba6d255e2a4edc5969ba34cf0a36eb,0
adfbb788d038d4fe260563efd1e17e0e349fa0c3de863bf1ff10798ccb17aa2b,0
adfffbff62afc8f6fe1d93c5a4d3d965d80a8dcb7cdddb6c3844b130906cc860,1
ae1fd70c7b245a63428271a4ffc43183d26936dbc619da1b05ee9c7ae396cfbd,1
ae2ede1638599927bb9a4342d11c080cc4372ac4c0c27d744661f2defbc25388,1
ae556a446edfdd180fef7bf2ab07018a51abe0f7f36561c80a547c7a7aaff0f4,1
ae82fafd3a10be4350bb6155eb8980c0c09ef69d1f305eedb138c7da050ef3ab,0
af0a778707b26d209da49b50356da0f5fbf6b317db5603361a3815071ac8005b,0
af1fd486aa38ccd95a261d1cdc0ab69127cfe3f5e960144d2cebf93f734a970c,1
af37a45dfbe7fe85f0971d645af01d3ecc13127e0e096716cb6ca26125dcfeec,0
af57ab2b7f105a648e1b388bcff71aee6099d5ef4e8d11c8dddda23fb4968ce7,1
af82109249a69917dc562bbda5b190bc37cd1a85b61111e943f6abde8f45aef5,0
af8d237c0aae187ef55554dada6da6c94ec467270196a88c8daa5c9514d825d4,0
afe4653c50c08b78aec6541e047683e21c12219708e14873914f56f7b6bc532a,0
b0093ed66f7ea6b0b27c49e446036123e3b4dae4f0f999aabfbc35741448004b,0
b02068b6fe69e72db023b5635ea96bd105ae4be9c5cc8d2695d9aa7a62509192,1
b03a8289fa85e45ea2bb92a9611aefe64d5b673927babbc6d2e8422b48d650ff,1
b05b88ebf1a19270075a5119ab3002bf95f6b2db7a8e70b55ae916848c6c95ce,1
b05d71f80be3cb2ec5f79a7cd26ee0e7842486c54a505a14a5546feceb072af2,1
b0b3ba62b1de91468af84866da57e34582e7e8ac86e383d542cef5864d3e6105,1
b0c6e9fa0c2139b7ea4e775695c1b88de21d280f5828841aa74706ba768dd8a0,1
b0cd03f7b5443e29e288933e833e1de898c76aa780e988934af5055ec6de525d,1
b118be03627fdbf1323b32bde1e7784a4c4fcdf21ce0c2d9b9931ab3a4fdce16,1
b174a063cc282e9cac539ca094139cbb3914745a02c24e69e49374ce41f96ac5,1
b180a6ef34ca53eba6f7b7dc4389b53df1b9243dd03d6b0b5b57e2f81c6f92f4,1
b190f35b573307b19eadfb37f157b08e5dac9a5eda3720a17fcdcb9a5d06020f,1
b1c041975d80cca43476c541d39726ecbd8690a4a829946fa2b8eda88c236d0b,0
b1df0a655c66c7cc14fa0c836d1313df887be59f90067f86f3165ec6fc77d372,1
b1f5e63e50154a0ce362dcad3f8ba9dbb4cd9e167da8e4948790ed8d322e1e8c,0
b2333b772504843ead14c081c9f51eb2b08e2717b020cc8e15d58b0a0501bfe2,0
b2433a0fa4b35e85e4d5c0066bdf178278ab4ede0ca9f4606842d6ecd044c8ad,0
b251504db23a28cd4e42d2a82ecb297c80a5b389cd01b42989a566f54ecb270c,0
b25b0680c3f317387ef11beae75cdf09a71327e9c48c44f2ac7a8ed1c496758d,0
b26052a02a44837672551811ffcc060614153a3c39ee9c166e02b2d4a3c13614,1
b296e5116353392abd73eeafc62560e3f93238535a91177b2cbb36b9432b2859,1
b2ae6403cf7d740b84bf30caca10e901ae5a6bd147c4a8fcbf53a2e91e5179be,0
b2bab29ad91854004cf1bb45d2d4b390235fc5e300e9fd8d45c084cdf3cf8885,0
b2c614dae74493af379a12b0f3334bb3b6440052739b7588cc0ead685fa71c66,1
b2d2d4b7e27624c2a8883ca71c42c9d6cdd940f2da0394c8ce90038d1153fa7b,0
b3815e600e3c3b70b89bd3b95f8c939ff0c30d6d362a179afe32143d6de327be,1
b38ae9a7e07b5545ba70d33b5adf371f179111dd3a8946e935f970f73df705cb,0
b38f0d79d2f4418e69b21232ee425cce12f1fb2ff405f1cf54f98b23304d54a5,0
b38f62359b80c3638d572840fdd9d78855231442a3e2732738299d5531952667,1
b39b256767030b49aec088ce3e986f9fdb720a8ab22801d7893c2adae91a4a8e,0
b3af8e22c4a0c903f36039c8efbe93f9d557658ab9936851c1eea1f021f5be56,1
b3da4df8d893892c5a61c547ff87b59b52ecef39bac6ab02ffb0ad001d3cd3a5,0
b3f154bdd2a0b6a3330797b64d84c4cbe9bd217dd7e55055479512ed2d6b7028,0
b3f311580d2c5c8931322cc3c541ec06921cfbb0df1a947fe2a7c61ee68f6dfc,0
b43926ab768f9d99306650fd5b7a8be899c8b5e48977dc70fd17eebee20a6895,0
b4457adca96774a6dcf3843b7402631accdedcce89edd526314234c5b1d8e840,1
b46a9f92e5ff9cf693ee5c8eadb8520ddde8a9dc13fce6fe1cc3974cb9a1b979,1
b48125bce1a330802dd8dee7919544e25e671c2271e8d828ff667aebc987299b,0
b4928678ffc1184acea0e15eddc455845dc13a6bfa5e4aa0a321a8319d413ce6,0
b4ca22eeea6fe88739dde20e5a5f665f80933d80077adae5cf66597a9be33776,1
b4d9043a3af0fc19669fd5144657dca7a041420ca5e9f2ceec0ddca746f06d6c,1
b4dd9fb09640f5e7a643b55a98e5f4fd2d96167b7b408cddf95cd147176d87fb,0
b4f9748227970f8d7c5d7359a0ca459d00c13e8e770917d0b3c12f188b263ce1,1
b505d75f2ead93db233f3c114c2e506436bc2a0bd6d71e62705a74d17553f74a,1
b56530c74616192b1b6ccb4d3d115619e498b0e84347d6181c47a364e308b7c6,0
b56c343c9e803e9c16ce14b89bf899764587bfd8d8463cc08a08557aabbd0c13,1
b58fe3c222884374a910f3ef6a765cea71b205ef38762374d3c3ea5d82e6c1d3,0
b59177dfef65eab8a9709c4fdc9376834d4a97ed849a1e41cc8680ddff621d33,0
b59b66a866315836a0280d8745d73ce308700ed8a8583f592f8771f6a917ec78,0
b59ca9ae2b70e44b5440a950baf8d1815ae95b768d0dd7feec577aa423242761,0
b60bc67b7c46c5d1aae2384773f2ba4f7d69cf516458b9f4b88c3f18ac52ca06,0
b660c78cb7864d7e0318b2cd4e9e9769b58ea568800617327c7a1cf72877dfca,0
b67c15e5736af52cb7c7553a1758119c91c3fe61010e71fc460e48deef1f99f7,1
b72b158f4a89b35d127b79f6ee9b128787953ea32264ca847661e5a623172460,0
b73ebb99699606e888bf4bbcc54d77cc7420be6a46ff8af701e1aee5dcfb21e7,1
b76365f616c6ef312872946daa61d0e80e20156166dee3653dc55c6f6a41238d,1
b787a4f91c78fe20ff58200faa753c1934963cd2d13f608f2e8f5ca20331fc9a,0
b7b1e266b521590fea4f36fcb0de95b08a917dca27d38a38ffb35cc7f3991008,0
b7b8c0ab3936289d188d94ce86725b15d3cd625b05f6169b8f8f5d9dfc147bbb,0
b80407f73bf7eb2ede3677765a934532353f5bd1e572e462f7c2ceb61da57cd3,1
b8156ebaa1cbbc5a02c12f411c5918c47d33d08091a9f2c5cb45b22604186048,1
b8853f0e473a3276c60d5472682122d5b052dfd05e91186161461a6b52a92e44,1
b8af78b4915d6fa96c8ccca5fecce914aa48c797952b15695a500f601ed48242,0
b8dca42c291b13a198f9de77b0caa5555818eed730e6bb28f7133e0861f83507,0
b9923db35afb0e24a7f3161cc3c9af1ba453a8bfcfd2d23c1df1ac7b42374b1c,0
b9ba678b16d4cdba62928d8eca3b4062deda4ea6dbd68fc2ec1daf5f0b264700,0
b9e5636571344d9e73a16d1a20ce2268ce0141c81fc3021e45b8397f8a09ce6e,1
b9e7034763c1743c9e29d771d7c0778442d113bafe3afc98b0d7cdd64ee17d48,0
b9ed5f4e134de30f276023c0fee1c21d3d6045ddbc1e1282abce809efea61789,0
ba193518363cd0ea53acabce3edc016d6ed3aa7982dfd1eafaedf39b354921ae,1
ba3eb03de3c07e676ac564cf120d2be954e4e16057f7e3dc855c003409b60760,0
ba44a9201b97ee50eed8b5c6011b9b9e5ddd310e92bd4d6aad5e19ed71dff25d,1
ba9e9207a4576a313a12b12c39b421e180eafc3c5276b13093ff808429922427,0
bb2446aa2fc24b58a14f960d67a5b3451790526ba2bee6df436fcf75de03393c,1
bb2a053c41a388d2690268c7d814080a52f47c9232396c9aa9238ead091afab4,0
bb63bc854dba71ce06c7cadc119ca5f06d44ccbd483a94d977d0c15741b2541f,0
bbae72ec8f0512614934730f97b85de789b9c90a2ecd1c7fd8a06621b3a5533f,1
bc0754961949811ca8d3c1307ffce1448d5ad529a02a28122d4ce6464038b8f3,0
bc18e7516bc7c2218c2b553a657604244010747c4c1c0e16c28b9075ddcadfe9,0
bc402eacc82c5abb2969cd65194361986ad990b9be22bed8046987210540fd0e,0
bc56cb5e8d7f6906ae197569ff2411f9eb58c520f7f1d114a0e51c89562c8de6,0
bc78024a598db51f948222c7bb8f2c7eb7de7850f9ea55e481ac83e55860d824,0
bcb3bfdd5daeeab62a1cac29ebb550cb3ec45827006631e53625737b77cef128,0
bcce7f911e70fbf11cd2c039f15cea6b9ec35f951a5ab87bc0d1ab6d150a63f3,1
bce14efe626e1672cf0a05de7ffa02d46416413c4872981953d3343d3d00ac80,0
bd342d51018681575b0052890582345ee5419c64f4450e72dee65612494bf0cc,1
bd5dc653b705f7c14ae7d9fc5c99072813861001962749d241f8e6da9a06a9ec,0
bd720e6cc300d638f80f96fe732e6bcfb85e1a40f3dc747093126816ebf052de,1
bd75c01bbb8b7a06890a559c737fa376ab35b341011cf6c6ab2affaaa655a073,0
bd8a380199afb9cd9f833a50bf95b78229044a5dd50b4220f550650a49b33602,1
bd8b7a7044017125969cb8ae47a95ff39ce59e6d633ff9336e2f2646fcbd4c42,1
bdc151b7ef5876b86481782f28fcc442daa320fd30eb34f1fd9d41fe9429929b,0
bdc8834a7bb15902dddb9760f00789c56c06ea52f5cb288176a7b33aa9704431,0
bde769ac5bbefa3cd42809a333445739a1d41f74b8fcdf2c446031586bbf56e1,0
bdf4a8347406e3a94d6858bbdd0dca642c4f60bc2b97dd06eaf18db9e4f1ccbe,0
be24a2c0a507ba10269a13e679b2dd7c3d756fcb070d6cde77520a7b4fb3e412,1
be39ccac3bb081503c06ffa9ff043ff4739c34cffba405d81d935038bda4fd5c,1
be4b704bb06ed982295aba16aef5243ef8e0f7ea83d5b8028e0c292dfeeb9947,1
be5a1d3f85e6e7db85e7d3c827e06c34e0230670c1a42b9bb03b561cca1de552,0
bea926431cf6f73e4f472ac5e8420d54f04c5a42b62b1e3e18f2997ae6c97499,0
bef94438d9baa06edd40ab031ae2e4b7d32125960731f77be16e2eb575700a1b,0
befbe0d5af34b1a206b6a16325e48a3ffc64098d1a8f77e6e737fdb83c54b88f,0
bf068a7000cbe6d6e737a16409bc7627fd0690e345ca31846fb72ecafa852a1e,1
bf7d29658924961b548a2407b3fc092df9f293f80b2260e8a45ffe812bdd3e6e,0
bfd23ec1496116a4b5e365ddac9a4f6435e6f74bbdac6d14e47e3ad604439e34,1
bffcd34950a1c92cb5928257b849a65c563f14771ebc9d9592d013b596a60669,0
c03ec54199adcca6b51bb405edaae3254edb7813b7dbc95edd6e64b1918f4978,1
c10a9181b6dff716ab91c61928ad2aa5541f9796c53908ea1f9f2b60161f5c6e,0
c122bda687a1a27cbc46d65378fbc2709823f4b3d132d6ab903b52c25fd670de,1
c1654bd3acd53e50abdfa1f5e8c8652a1a9e4612aea0afb396dd43d1bcbd89db,0
c180e2715b6418bfcd943670655c17dbbffa1088906d9b486dfd021b2dcfe951,1
c18245314be4ceb73584888ff4272d1a6d6dd71ae7f69fe3328f7193c182e274,1
c1835d6e786696d99d31659d0cec7f6e801864cf511912ee5610daccb8a912f3,1
c18381556379399758b1dd24f0a70c45d462e71a0ae4e2b338b2df60ed9ede80,0
c1b2fc37263237a3aaeba815dd4e96f204a00871b294e9f831dbae138f67b034,0
c1c05f9f54b560e7e8252860027220fca16a4eb8fcf77173711f4e6aa592d713,0
c1ded2205c7778c2a9ec58ffece3650747489a716d0be8d2e618245ea5e04890,1
c1e83bdc10741be903c180253cab1186c5190a60e9faea7caace76c0e68fd679,1
c1f8dc42d294f3baf1ff3a5136bb2e509d8613e5bb0f3ae488dac5a8b986ffc4,1
c1ffd0178a3e3a2398dade4cef12996792ba26a3619d47f5aefc3cf27e7ad141,1
c21fed6e8c23184c978a25785b96d09c72c85d7128751ec9b1ff18e6c8a2c8ba,0
c23d487c8d4b0d9224b97bbd602054c4e3e58053dbdc22a0559caf87e7efd300,0
c25514d64f0dc588d87de8d8f10c4b892bf21799dc41b106fbdbb7edbcd0a169,1
c2b8090005b50bfaabda8e89f81a696940a7b1b7a549984ec499f91f08d99c84,0
c2c9dfb281a56fbcf0ec6da0348c03a49b0d66d8166c747153f97e88e9d78f46,0
c2d7bfcf723deca79a1778643ec95b216aeee38f4c821cd316946aa9e5bdbf47,0
c363b6c5e46c86bfcd53d71b51b944c99011e765ec64fed7d6d67d2be6aa7e2d,1
c3aa6cacc7cecd4d5e2df345d60d42a2045cc28d8851a5bd832a31d7ed12a288,0
c3b68ab98a2d33d2ea48a182596ece3d287cfb85ddcf64f27dd271bcaf3c4cd8,0
c3e936429a331fc39758ea7b975dfd680018aaffb6942c88dda4fd50ee83d670,1
c3f3ea4aa6e8fec3bcff084e62cabfd73871c8ccbab253e4344cfa5ca41b8330,0
c40677e687317401e150ad9f69ca6f39e6a3a8f6d838907a82173bf80628580c,0
c44c1343b4138fd8d4ff295bf754078fe6b3982c9c083660e2cd5265c6fd72fc,1
c498c7b3e54d52e93c837ddecea628f67042c741a6cd5c7628ba10c2cc0d3820,1
c49c3079ebb22e45315f0d39cd4fa3aabb5b3431251e9516c12559d47c7b9912,0
c4df8d27717faa136de067c6968398ee8ca2b25bbfe5e1a2a6651ca7c5b39e3e,1
c4e5e631e3452c297767e7b5472f5aadf71b92aebd54b72def793ea25ccabab0,1
c4f7b74145d5bac1db1639db5a110b35c2fce102ed03b7d0523f07512dc5053f,1
c51c9578033753ba9520fbb9af524fd3195947b7fcc2be520eb2d1dd69b23288,1
c51d7cf919004faa568eaf85c16e6e1644308ce0d2e2019d8f42b3a1d0b8ee61,0
c5289967b28c60e4387f27ff5d7970a8df8c3b9bf1ef568bad610a75dd2b536a,1
c555f4e64d2eeeaf1f87dcd6aaa2440025be894ac662e33e5b25b4afbd823f81,0
c597cce3e26d8f061bf5cd1ca6f60cda116b8deed0e9f8e400808cc2cd1acdef,0
c59c21784f97adf489740f432502491d74576b13bcfe1221d1574ea570cdb8cd,0
c5b532232fe4ba0f11dc7a08635a2bcfec5d77d49b86557a15fea029e572da19,0
c5b8accf0af476e7eb057ab13b8a3aea24337fa269083ee719a24458bc9335ee,0
c5d132260bceafbe8501ca62153b295a5f0d59a14c2585c17d837bb60312b146,1
c5d9e0be42b9feeb9987e2b3add2781ed104832e53fec572ebadf01e90efceeb,1
c5e387a8c5eadaee2c0fb2c854827d2e335e338befaa27b8fdae45128405ad96,0
c6244fb92a19db4c35552a97b1b071f7dafa89d33bd93bb0b982ab22a8873b7d,0
c65b768b4ebec18422fc4796ecd7fde9b7bf03ef3b71b17f22b56d121e06fab1,1
c6b2bb495aa5185a683bc8830cfca9148164dc9cef23b71b4772a8606d91fe6a,1
c7227cb4f2c3b0a75afec4e65aa97a7bc7ccce379cacfb1733c02208b56d9541,0
c76baf9d912126c4641fd2315a34747339aa810df41cb1e36f52efba4358a7d1,1
c782c2b947566b55d9712ab2654d52dbcf04ae68391f24b3d69b804884b76907,0
c793e41c1565e3656398a704f11f115754ba68a67c7297f014078d39ed918ad3,1
c79cfb83427b790e3fb1723612b8e9d55bb651434fb03256ce2d2874a2b7b819,1
c7d068b7e98e74616acdca1ce1f0ceed4b8e111dfdf47180ccddd06a4ef14351,0
c8971cd4b560c7861aacf404a16893c83e16b14741af3db5d78f4a4c528819fa,1
c8e16cf2b7f4007552f1e97499e38dbbfb3708db570a50552ef7fb8f0717b133,0
c8f09db25203d8cdde1295476d29e5dc07a1eef544339c38c1e9be86f49c721c,1
c9661709387ee155049bd7928f6af98909c1dde18512529c1078f3d5a369959f,0
c9798f56191b2a8effaa54b8b241badffa59751fd5bc943f4f6f7551c9e45225,0
c97d2436adc228a2a71764529fffbb268c3bbea733abd9b2b39562b007f69d18,1
c99ed448368f123b2a5ceb7439fd1e40f063dd926ba2a97c70a6d3fe0cb6024d,0
c99f984f4bd56c1ef768b1b5cfe54d99f908837d3cff0f7cbae64ef533fb00c3,0
c9a24a5b905e619313967aaf961b1160332c0e8477b89243675fdf6924a12de6,1
ca044876a2e137af36d149219332a60b5e5d13a7b6d133c52b1ff7883635d3d8,0
ca60bdb6e63404b92f7d76b1e26d055ed3b849cfb40488113d81633b7dd8829a,1
ca7acfe7c730ba039e8b67cdc5b9a3a0bede94a0c4597942787cc3df421316cf,0
caa82211c57d1c9143c947a5028869a13d430d794f786e2791d236127259d61c,1
caaad5c6ac34c8ca1456c7881ef48519dc997684cc771e679a18e865be39389c,0
caadd044e32de91554bb3a36450910c3f67bba1a1b2f176fe183affa110814b6,1
caef887706517920f732d00809d19ba842f4ff6278c42adfc47e71fcea2d5017,1
caff22e9926a830e82e2e1dffcc22497c78cd3b720ab0ac84a7bbbc5b30362ec,0
cb1aae720ca4a90fd5fac945a0da095d3da00ec8fe8123130f8d8704e6f1f3a9,1
cb1ab814d8ea8452f0016115246272edb60b908d77a11b10684344277857236e,1
cb1bdd3cff848eae368cb7e820f7b70258721988c1168e796a4203a028e8144d,0
cb6920ea74843cba5f21dd573bce10835b1380cf7e24c3c05d775fbf70978586,0
cb744b13cf94cd211626e2624a8fc9067723d5ffdb0a0266607744b07c25936a,1
cb7513086d59f80ee58ade1781e4a75d9f7261245c21df30c61ee94d557a5529,1
cb9472c34adc7e5a2c442ee16d865bfdcaba8991c73aa067206a732dde2e0ba6,0
cbab750a3d4f2c85e749a9963b91a13eb90e69f1ede78d6feea79b47928be3f4,0
cc068de6e62e17288130d31122830eeda3276d56dd3dac2c40ed588d7da22d7f,1
cc1422be3ecb6440ec0eb66a0d104eee81196b80b285e4dcef0bca9ba04d875a,0
cc983e329dd0c44124f03b310815b7e330be15816e03c1ff2604a2a1e0ca9232,1
ccba813d89edc4690f584d6803fa51e4fac449ff3aec390715418c8d3bf1ef39,0
cd345796da76173ed8957e86147101a8b619d3bdd0938714947917b341634dea,1
cd3de2d32f926acf2ccedd515c8ffa3c09ee646d14c3f9e3ab5ae957bcc560ec,0
cd40fee787b0bac218a69900019d05364738d3657400efa24d3509c08b49cfa9,0
cd54cff015c07162feef740180d11b4551eb29e32f0e7d3443b9e02e7ba5cd9f,1
cd551cb43a1a3d28df643b6e1bc41730bffdf7d1aa87c96d86fe6123383f3bb9,1
cd73cccd86ad6850900f9c6ff295a7f99ffb097ab8181067ff788a2dc31c0d33,1
cd88f443a736bf23c243ac1fb789c1ecdad54e31d67af74f70914e3f2a36068d,1
cd8927ee96e68412fd1d725902fdeb618e7d0638f3ff72c782449aadda486522,1
cd8bfaace6b5090904d6aa7dcd1172b68d20580f4e0dd4a1c80046f0abd0ab05,0
cdc709ca6f3bee55db2554c99763b0937dbb784e0cea86d570356cb350a0a792,1
cdd6a1076f637ebdb3b3f2bfaf88592f7824e102ea9db87f183c6a8b40d786ca,0
ce3eb2cb7feee8f767e14d706f13a56788afdc4d1093a6a1e6f3109f474dd784,0
ce5f4d77db5c2ce5873ae0aa446785d923e280e4b010c89cd3e17bd55b037cde,0
cee3ce8e3c480c18be2b441b848a4218118629b50d763a8d6be6707faee0421c,1
ceeae727870a03e3412f6a28d14da403fa3801b3a861695d3a501d864adc81f5,0
cef9d94ea2cf057fddc6efd25280ffce6e9082bbd760a1e86190c6f811692b0b,1
cf2dc9af3cd1462e9ba01b9968ea07f4f798a6d75c030785ec9c46f92600f190,0
cf92478078f1330438cdb8f66e51342c8e00de5856b554123c82cb451f0bd11b,0
cfbc39c0781a81e47309d71fd38148ad744d92fda95d4d1281a91c023165ffef,1
d05c13f7b7523127ff91bcc2d83b631989abe3b5d3b0f177dd477b14cc2d35bf,0
d06d2776adf4bae8fef40992207ed55a2e9ea96be9ef3e4eb1a90995200f2c9e,0
d0791f6e898d05e96e0e3428e4b57362208f8eecac8ab84cf22a660017e53c0c,0
d07c9db480561ffa401fbebfe3dc71bd278f4c82b39aae92ec5bc23e0a9d9f24,0
d0b00c45fca2621fef02d4f1e001e2a58c977f3260dac0c34294edd9efc97247,1
d0de052509aebd9f6ec6bc538377b63942862581a68a2867ba89d6bca8ba2f02,0
d105691f095ca25d2ffec611bf411508e1e1e24131991e5d5042f51bf6bb03ac,1
d127ec69b2dbb69182afca22d35a024268370335b425903e2b68b4bf3f0fd45b,0
d15fafceb0c876c844a9ae0c560ea9ba108b6a55da8f2950f0d080ac4c08e438,1
d1b093318afe18e4ce45177062e16ccbc98ea12b37cd43d7fdbcfe2cdc004188,0
d20f0c5b63a78ba00c3907ff68722aacd4665ffba630b2baa7ce957b5717afc5,1
d2119b09c9c4a115e674196b88fe8274e17b4d9c10c443d69adec1f0f6cebf50,0
d23307294f46a1db71389268653d0a1f071feb32d42694c69a23488bdcd8c70f,1
d2a85f89e2e53f63f75424076af123f31ab39668bb5f8860a029cfac962dc6ea,0
d2b785b9c45788912ecd3a9b60aec5561af50203464888fa3ca5ca1eac3715cf,0
d2d30bb92096ce3a51b7197f4b1143dcf3fcd44c0e9377dc1fd1d9b555faced2,1
d2f2fc9cbf0662c7d40153f45fb658a5f376fd15ac10467183006b0ba9b44712,0
d2f372392fccf6230df95ec7a3f286948dc416ad195321b7c0b869c325e39b82,0
d327e767c76391193fb9629eb41b09ddaa3854d7a204cefcb1dd14133e584391,0
d37b557552da4fab7cceef27298b06940f0f981223a496a79bb3c2b58bb56fe2,1
d38c0f656ba72f5bee94012374e829cc3a64e2d60b65afbb6bc5006d31f6e800,0
d397e77a71ff3a1737a2ff03cf3d3a9156aac23bacbc03ac054b2e0853d74da9,1
d3affa020bf8fc15c8fa8447de2433df3e420655ee7ee7e131eb6429680b8b39,0
d3b32a0809289448a57b2636e925d0e8a004e47499727b34cfc45e8751334467,1
d3d0d919c6228dbeb71293a493b23aa1879e5eb4c115f4a90834ae7a8e50cad7,1
d3f08fa1788e0fbeb58eedf5169c4a5db8440d9714fd7f9afb79fd241f64956e,1
d445644d166256877a7b2cc4e3cf2b7ef7fe98e7a5c0847e5ed4cd3448a7fb5f,0
d44e45ae6f23f78f8b4ab79299e65c8eadf6f90c99504c683873dff2a3ffc441,0
d4a071f2a3d7a49cc82cf041af3df0f2b6d594ad6fae9905a0f82691fa112206,1
d4f910f84153fc50fde319768bc8d5a3f63d70ed578425e83ee11e80a30f511c,1
d53635c48e0cad7793f4c02db0a0b4cf38032481873eba995975f450fa1a5669,0
d53a07efe3cc908460ad83096b16f0773df2063ea63fb48935301d87c5c67ad6,0
d54cb13c3a3864fafc138400e24c14d6bbe5b6c768730c0f7f738c916d8f9ff0,1
d54cef6f4bec42f7c0ca2272f82320da3d1c647702d2c247c0a5e59b53dd0f59,0
d5844d4229dbb3e919fcd171099b3fa8981956b887d6699adbae8b0d37acbd68,0
d652392b3af6c051133f97b836263de30737621781993120518b5249f9a2494f,0
d652dbf99d478c73e8856ffc3c8308d04fc298bcfbbd0df32e3b775483d62a45,1
d660e36d5aba1edb141d577d4ed585d43b7660a20d3343133cd73217ca78e45b,0
d662c96d0db7222ce6e84e117430dc2e10479a75900a1915a9b2f083897e939a,0
d67be77d72b50ad4b4dd207de2d8c2b2a4fea31101861aaa4ce02879edf3dba9,1
d6fc97df1525efc9503456638acdb28cb6fddc0790182df3f4a93f29a084075b,1
d737e521403e79ce40838f9559e44bd9ed17a2f49903c90226127a64a9a88887,0
d7539bda026ff45efd04d11e59003a8429f1cdadc3e2916c9b68a193b62bac26,0
d769f8974c209894d52c4f88ddc0470d06f73be71805816affeb9d4919731982,0
d79921c2f2b6efe112752985cfa52f0c6aec63391b0ce31e1682a0604c256cfd,1
d7af66c2f0572cc8c867928285b484527f24decbf253e56115e4075eade17f29,0
d7d3691c3005583805e06ec5097bfbf9667af0321cdbe7a5b9bfa2c7aeb8fd89,0
d7ffe3688fa8c885ffa119989c00298603fd0bdaa1247d572e25048a66523c00,0
d831a7225ec8ecf5663b46c81523f5ff74b42f544b5e3050219c36376304b8e2,0
d84448dc35850cdff7656ed66bfcff53d682953186b371d1280a1dcb773c34f6,0
d86cdde3f996dd14946176ae7e384748cb2018337d65c451b01fb37382f6c675,1
d86e637983563c54e573321a9c31dcdf442785e6018f8148a059c1c97b2cf4ee,0
d87884bfc94d7e0851f9d1231ef298a62dc38d15f8c9ae23d06d316c86ad2e63,0
d886f11a5cbedd9a71652512e421c4a454c9b08ce67ccdc7b177252af9a7b194,0
d8e4ca6dd28ff9c9512b76f1abda2f6930c466efa045deca12f6fc3a6024d902,0
d8eb7172757c4c767cf710b716c9347b53a365a28f3c0e63c632a86c0e3698c6,0
d922ace7412eec6737fce07a9f871dc8d7965d0f0ba7485c8fe00fcdb1dad0be,0
d980f1278c4f2b261ab72aae79fd9f6d502c22bb718a08330d76ab264a6f5b5b,0
d98b4dacb8d13929436ac24a430b0926261ebeab82537741a08d428cfb81f32b,1
d9c5615de7f5f384870c99b27c0fa70ef68175841ba48c3c02874a9ee95263f2,1
d9fd534e3fc08061746c56cf46d3064a357b37a370eefbea6ecbb46b1d7101cc,1
da4bab0d448c924d5ad998470117b49ebe998b41961334822a7b9aade6b70eb8,0
da96c09bd3c59f82e8478f88c0fb4ac36da7e3afa711cd4f65f38ea309152602,1
dac31085a04a51860c61ff50f5fc1e6465f3d06c639c113226a58b42bbb355b3,0
dacf9b9d31c6ca776863462dc7a7c18cd27f11a7c65209bfebe27af1fce74196,0
dafd622a3f8282db97e5dbe336c8f2d8a0dc9e99f07fd4dce79faf8871d78416,1
db28ab89d53634fca4832e85f9e1092e1ea43f1f5b670e3de602d45ff756406d,0
db2e63252b7b94b9b8dc6d61fe35a486ab1f3d3759ea5994724c42b3c62c9534,0
db515e0404864b3ac7d2b86bed7e378e8e85552e6998dec1f12711c62dc28bca,1
db5264cbc857ede58d08d1eba491992d18c86a24473fb0d365d49ed8fc58b31d,1
db5f0332b0fa3d825ff5bc73b37cf0a022966473ec9457004b46099ce1bf13d5,0
db8a789f1c407aac5efc8a8c8b154ae110018a5150ff55fb0b4bc05bc753a652,1
dbe753767dc41909c8a3e0dc7441c4af6ccd12e8651b8ff30021154e8d76898e,0
dbec17af65dd3a3d902f022c1f880cf122c31aa0d40fd551fad3e43ea29f28ed,1
dbf1f2382e78a3e2d9f047ee3eed7bbd9d2272bf7580a63a840eee0bbd20c1db,0
dbfdce75fe7186ce09c5c4978d93b6806b44501e22bc9b8f80db4080a31bc8eb,1
dc0ee7de99617fedeb917a77404ba9db9d9a5ac727a9fa4e967024ff95a5e94b,0
dc3a028cfa01bee104b6f32f5e05a91efa1c3099b17b5f060518882b6a5b5b93,0
dc921dd297b7a7d55274333b2ede82562109c92bdb807daf886eb81750a164f7,0
dcb09da7f9649b249371f201a2bee0a4c0109b5d0fcd5e139e74f4ccf4f72f4c,0
dcd8cacad6ce8482e894f9ae208a3f56b557230f039661bf6b7f256e06c98812,1
dcdf675e04220717df5639b36c84b5a165aba7ebf95e4d0b3c06586d2f16333b,1
dcece9708c4f38c10a7914ec61e0b9d46c52ee129136fb71e1a2777ae94d1e63,0
dcfd21eebbd1ff516409f73d255ec997eb092043c9999bd1451804fe56c42b47,1
dd0a2b9f3383c904cbcc3ef8c52957fdbee222478ec156eed459cdecfac160d9,1
dd1e98e05610c004289bc717d37cd474ba9cc3ef5feb10d741356d96ad3e8d44,0
dd353960c922a8545c5afdb12e7b02b5e81a43bb6ed7c042a8e20c9760d82208,1
dd4cc9683485fe1ee652708c4aca29b8744fb1b8fc9590999f64c9b113d7e921,0
dd581491e979fbf4116a88ce747ac1dc6da879c5581de783ff5028c90d660bab,1
dd86b0897505dda4950fcea85c0b94e16f4daea593ba2b55147c901014c72fca,0
dd885564054466388cf21d4d692b7eb864ecb9e6fa3925584ee700fcfa3b0ce6,0
ddb9029777319c0684ffbdc10a20edf0491235108dda25d21ab451cc381c1527,0
ddcaaf2b53cc5e337b950c6bb48b8dccd447fa2b83bc20228596731f5fd7a629,1
ddeb92085f06e6d32c3bb3bde626d37371e670a4e05afa399f4b5767afbd4c66,0
ddf1abfd273e4369788a735d997943db6cce394cf5baf7e066be7e4b56147b9d,0
ddfc23908acb941fcb920c73d318695e31db008f71bae688df96d357d5c04e6d,0
de2439c0f9ee8433870b41ad4f70a8f06269fe5fca6b9c074a726836e9cc103b,0
de2bdd81411d036b609eeab2ff7d472ef447cd2ffd1b07a3884bcf11074a01cf,0
de7e78ff95331bd4e565fa0f3b692d6cf6cb65717d91a8a64bebcd7313232289,0
de89fa3a93047b7137570810f2d13d8469ebc630415f3e10ee346045a48bcb65,0
de96c93ec216f74cd05af693dd8e043821b3cfc4415147b85928c1d3fc072033,1
de9980431b40e0fba666566403f0692c6c22e459ea8075e49cb5c2eae306dcb5,1
ded03a17c9e37fba08bb603746d7a7b0c9ac519eb973413a88d9551d2f8ece6e,1
defc6bf5ed6c6024b638233628435ada04d8d008af1f1f3ba1d56ce03629ee18,1
df21243b79c8ca3a70ed2a27a25542f55d818f14f8c7956fb5f6b21d22e2f5a9,0
df85d505c1bfe712b6ccef80664f95a54205c39efc32098f1e55fa86e4974cc3,1
dfa8f8aeec812d313033120dcecce4a6afc8807eb5f722a551e8ff0e65f5b36c,1
dffbc9080814579db204f0a9f7807fcaeb044a8753b74b99efcca2b6b67b57a3,0
e0212fbf16c1d1339db57450125e75a42a8b03cf1cc21f50e6ba5a38dd2f01fb,0
e024e040f2d58f3b088e49d61597262f02e2b7b52fc1dcf3d926f382d6c4382b,0
e0611b1bbe2e1aa9c3d461a2dc96a7c454ecde3aa21786fe73b4584e145b135d,0
e06739a00c1ae6155e8a4fb2c9571f7b4ab4a0b6e8d427eefc621eb661e2a2a6,1
e07dc601bf7354c93fab5b850d25f754f6c3d9d03d9d036c0ed3543186b8732d,0
e08e8fdef44ad98e0d12c60d1e357171d6252ba184773a0148227abd269caf32,0
e09434f951367b503cd1396bdeb246ee1f3bbd5c70c8c6de4362ef46238f6815,0
e095d1f9bb75aee7d49fa4dbff2815e7ea8beaf8f8e90ccb06e14b604ca81c82,0
e0a1a8489e861588e04d207fa872fabc579076d22ce72fcb9dcba2775f1df229,0
e0aa2a2705981a7e75cb671c3c1ba168bc8dc997dc64217f70d676bd6247794a,1
e110547357ce423de66be20df863b27eb8bd7dc7e33e385a770033b0cbf6830f,1
e12d78cbc6b86500f25b0ff540cc9cdc4899057fb8e348374be1fa4fba841904,0
e1305ce1c4ad1f33605c638d780002825622e45389f0e0f7bcd03526be181644,0
e14182fadd052dfc5042e1ef10f749f2f27aeb1197bb96c72cbe070afd4b9594,1
e1ba6fd07acd929f1539384e61cb8792531f3ba6e7817c32bac8795fd86f07b1,1
e1f609016f864c6f3a5170f98f8cf6d494a2a9d49cc6e9a89116da0f5e0939f5,1
e1f8dcd648ca32668b2329bd9c2ba2be5f3315542afa3ffda554288dbde89044,1
e22df5b6d1d855683462c9593e0f2c6b4298c3a26a9c4867857c4116d70ec426,1
e25a907f63a6e88240d9e2b7cd818d3cdcc94bfb782a676816ffe6d5c1875231,1
e28136e491901912a487ec4981d10082ef115131c2bda330b0ca05f651a23823,1
e2840d4c8564423bfe833acf352cf596429020c4b691add174a140a7771908f1,1
e29014f2f270f2c074976ef84cc0736e5bbde677769650486b669409da861ef6,1
e2c8099b3359f22666c19e8b5ac5e0ef08b075dfe2d5b2e2a4099d5bb9269161,0
e2e5aa7247f549f460318161ac1b3af3820c4ce1a67e195dce3a3f9a1f296c02,1
e2f08b91eb2fedfb137f653acd8dea24416dadccc39d9197ae7704014ae8f1b2,0
e2f0d3c3af8d22d5567333514728ad238c0c3c33bb1892e531c872f01e9fd446,0
e2f1b06eb37e227955a33e007e563c92bc56d20a17d1c6d00fa0643d86be3621,1
e3134cb89e460f6aa13975383d6950afdee271afc07ab6b4b084f0a158509317,1
e31f7b0f6731db81ae28c0a2a1e558ee6ba60fad2f9df7c61908903542edd85c,1
e3582dbdcd2c3a65a35e5ac734f41a7bb65977558912f8c20b135dfd5eca6cfa,0
e36995ff0843c2dfdd4dda37f16f927f6a78a6561e3f3d0a4299f39e979b0d38,0
e3954f1b54d1ab367ae211a400329e4c902eba8e5ae75a70237ef2c43de1d3ee,1
e39d8428d7fab54536ff24ba1606c11eef1032fedba7a45e064896ce58f8611d,0
e3c346b7b7f139ca88f6c10815fa3eff526696c663ffe687e09880e9b6b4698a,0
e3e9070566945d3ed982a18bb90ef4ee9de7f8690fb6da35efe07ac56bc8004a,0
e3f50db22cef82b3254c0cd51663f39b2ef5a8141c847cd4fde3c77c489c02f0,0
e44d781b5df2fb665931bb44562e99c913f6955b50763dea0e6034ba7d0d6a9f,0
e45b5412af0b021b0713aa93baf0772c7018b9001e17f211a27987c3394bd32c,1
e45b8664a443742205fe86ead9ead5542147107108cdb9434dc9ee06b77a971d,0
e465db7dddd6d68e84d9c83071e9ce506f05a03c6cd7eeb99e773476b461722f,0
e4777cb1665a886b5a4c8033f751cedf9f86e203bf6cd9fdc8861232b837826b,1
e486b3902a89c3685444a724719fa26b668657d5a697294588b78f2f18df509b,1
e49d1210fe38e85309967197f335e50c111b6f5b54eb549dadeaf89bf7520e86,0
e4fd0a74d55cfceb1e38c65cab9c97a6e8ce746a0532fc488d2ebac2383e0195,1
e50fdf47cb3ca493602e000f1eac1907c39ac112965de065b641d9ef736cac57,0
e510f25ca85b169e6bf8cf9b6a8df2b862d6ee0e38f8d9608a183751d32e565a,0
e5356a58ec17921ea204663dda77696798920d12785b118bc32713df1679ae2a,0
e5481fd0ea03c03914b04238a544ea820cb48cdf02828c3bcc64c5902801cc94,0
e54fd85755d15fd745951e5aaab65ca4aac04e6a2ef2ace0ab83df0d37c9cb51,1
e56aba1bb1e600f920c7102ea3501e389471d80b8842335ef77a9fe5d767caa9,1
e58023e3dc8c3bb5ee9f39f5152bca728daa7abd764ddb08f999d9e31af62de1,1
e59053f0f03d69db49ecf5eb2adca1f97287e0c94795f08f4ea5065d29929b2c,0
e5c7b98fae3f8f40f34d39ed6fa38e675aa2aa2d67e9234052a2cd306d6fe316,0
e5e5e289f25fc0aa464f45e5c0a832db44c58e660ddb9337c814d014e587c1c0,0
e5e7aa9d669a183abec59dd6292d0633c3df3c2d5dea5501c2df541186259f13,1
e5ed18d68f1a67efd9238a5460b9463e7d704a7d45dc66a10d8a67c954983166,0
e5f442e2a1534afd2d77985bafd6d084185e57d3454246d03060dc7845caf83a,1
e5facb456b905e225081773dcbb2af39e2a708e75f2fda6257c6ab9964eba595,0
e61eb92bcfbb1fd22ccd513260438e7429df01eb1feb0fbb3c898afedb5830b8,1
e62677875f6b2e3f5b5771719dea01a624ccf7ba598242d6fa0cbe2a2028d80f,1
e66c70d5afea16d85c6af9910ea69a67ad41fbfed5b3c6fd780376e006341d4d,1
e6760bc898b6bf424bbaa70f28579d70395866a0dac49f2ddcbe63c5af2fcf62,1
e68b5273ac3d757cf34977d2eb24ec90b28498c7156238de860d83db9f959ea5,1
e6915cab753f427185ac19aaba7fb65910f551a5c1f216d1b8a4a9fa3426f96c,0
e692bbf769cd6c0ef35f03d1309aa279a4f5f3157ef8a5242981115fc6e0dcdd,0
e6a2041bb80340eec2397593dfd43481607cab7bd321e5ddad65a91b0ffe413d,1
e6ceb8de469074bfa9bbfcdcb65b7196efbf9ab9eddb07eb29584b3d5ae721f5,0
e6f8c15b181905a246483a0563d71e09df2f92bc7c7c84b47cfc2494ebc464e5,0
e71801f17e347507179c57519f8100faa52078c92c4a5156678043189ca48e3a,0
e7349d562cf708fc17432d2700852d7af15714f4fdcf0e26c8e8ee7410785d89,0
e75b27f0ced00ca8ea9a28af42ec7470225556ad144c9db0bbc05878f8ae79c0,0
e77f25b0967f5b77bf5fcd75a6ae74a30f4427681a8f3f0ad5a39abe99d00400,1
e7d50393091d1d81067d772bfe90fc20ef00f4dac818b727485765557849fa54,1
e80e2ce5f13f6eb18f7f6fc29b3597d02f99f704919fd61ef13821134984710e,1
e812518a325835046106c433c7ce1ab586ff26252d18149599a5e70e26348d8d,0
e8132ae068dcca803a06c2fd14d6c94ecda023ddb0a11803f24f87ee4e405749,1
e82b19cdff9cdee4069a730d24d1fd9fa5edeffdb6ad75cb3fc670322ffab462,1
e82e804ecd6bef4c1a57d52d10d97a0561967ebf3c4b2ebed723a473d73a8d1e,0
e83fee435bc8d3a528664b6425927d0d3ea1002128eeee5571fe1d7fddb6fa4d,1
e84fe94186985a8c73347d04108235d8243c46d0221da0e0611ab67ce84ed3fd,1
e8746604058f7eb66994e7ce13fcc16a0203c082a5907b910166fd69a9cc3248,0
e88e1cd9a262603aca4c6fbe5c6b6064f9eb7f5cb339184767bec3a2d8198c0f,0
e8d2230d5653ca10739571fee73ce2dc8301a51c08ebc66e2e0502bddcd6cee0,0
e9094696b211df1e96881de04087f1544413840fb8f3849f06d983d4686bc293,0
e92fb00c42808f2746bdc2c3f792b24c86bef8260ca5001b5f0c6b9de3b3bc1c,0
e93dd197e8fc22adfef83215fe0cb049869bbb307b3ae57f7684ae467edcbb3e,0
e9668911b00ea02a39a6a1dd9e4c07c5afa6dffb26ebd675978af750468410ea,0
e9b7dd14b8924ce7b05185f3759f7f4f397a4f86dbffa7818c87f822a6ad9932,0
e9d37f2c98ad29ab45b0ce0741d29bfb7b0734217e8d740fac25b2f0665142bb,1
ea2fdf14cb8fc7cec92adceb2aba5bb8de9fb9632a7323cd941dd697b42f39fb,1
ea3e386bb17d4afc0e559adba177c99767c8737fb9eb9939a1e0d09a086bffc7,0
eab6f7ea5c5a77128df11d0420c156159a276599fea624bb7bf24b8b45e6c64d,1
ead12cde7adaf15406dc683a139d30326945f102f34523fb17180b86d3c8f059,1
eae6e7ad8e2e875603d6212d3c79f1b6be45f13b4eb6772e358e9646c3f47414,0
eb37a262d8d4e5fd6cbbfa0d61b830fe1c6e339f085993b89cc77829cdbdf8bb,0
eb6ea23b7f5122aa1c478a75ba57ca0175ab0e06a68cf533c27eecc51014eb4b,1
eb70a990021972148d034773e4aea24a367ffdbdc73f0bf2b9d7710ceb7063a1,1
eb84d1bcf0584601d4b2b1f3b2d92f02ee6a2402f5821396ad03037d31fb705d,0
ebd62e9015cd139d3137d0ac5d78caa4604a68f40505bf9089ca9ca07611f1ad,1
ebe1e9cff63df5a41c2cbe6cc78747c164df33f653b3660fa38c77cb0382d83c,1
ebe815d2f38576df262ddf10c5884a973cc1f73e793324b2ecdc805a8b9490b2,1
ec0b5d3d1628a191abc8329b3d609e01429a813ebe6b708e15176ea61c291689,0
ec0bd9dfa4898b27b9e0931ae9f7090e87bca0dde1b802af8a55342954d4b463,0
ec5c9f2d1e88cac574e71ca51152f8293bd0fce1b98ef694554b0562a0b74c01,0
ec823bac4c74a5a0089d56e24612a16f927f5dc90535fc12ca588ee08b59089f,0
ec8e1bbae2ea835fe65849ad8e79f380bf22db6f285886ad3accb2e391b91735,1
ecab862174ce3f98d2fa034412cbdced8ca9b1c3799314403ce78d248891edc2,0
ecb2ca75a49d49f0870c2e9f79203995a2870663fe9d13fb3e14f1456cac16b2,1
eccf9a2754a6e95b998af31a7a05dc6164c4923103707e2e66f1178e29f35e45,0
ecf01b1c3f94971810b0e5f9ab9328af83f56449a178ed4baadfb89b58501a5e,0
ed116e663c41da976709ae6dd262146842b52b5c630162e19d1bbea413f2c07e,1
ed3beb2e1a8ab844aa0ae484ab996c208a2e912af67f5c48f223c5d20e8ad5fd,0
ed54dd798c1d94c266488ead8ac5806f364fc6da6b18d368ff74b9010344585e,0
ed9aebb1d8479f0c1fc71ea1ef4881e9b732c2ca8edac4ab550c1dc76c86d733,0
edd2e51d3fc25816e02ec9f253905c2765ff7d4d3ddcbf8b4cbce7ae430ed571,1
ee01afaf39f6ecce2f0c2d5ec9eb8f365e0f6d6e41324112afded7c08eaabc4d,0
ee4b14119bafab7d1511c4138f384cbdd26cef0c312ed006e3e4e21d70dc7a82,1
ee6af0fca7f1fd35c9ba342aea95214d79b202c4ad4508d6c3d31d0e25c24571,0
ee6c100a198319367ed338684342cd6fbb5aa8266683674d9a70bdc07712483f,0
ee7153516e1dfeb9e08e9b9a91ae5328fb7db7e414bad72e8023dbbb2dcb2ce8,0
ee7843d76162c777288e78b81c412867bdf20fa4cf41d2348bf75853386ce3c7,0
ee9d3ec39147f591d2ee9161b572f6b2e11c2abca42702d09479f0790a09574c,1
eeaa562dcc0d8e833f10ddf16ac5dd59887b0fea29171d0ebcdcdbed4537d047,1
eedb7456b081bd3c3115b6a553b9ee568525faf909b2472a059e668d0e076179,0
ef01ccb1159eaa96b494474a32c0184ca5df137de606d8036d75b8e23338eef8,0
ef0c617365fc0b1cb7e15b34b6b6ef5086027f70bbaf89acb9c18c0061d112ac,1
ef29c1a4f21cf8293e839e4ec468a419d3916ec663e053e11f047fab75dfa225,0
ef6150f0de11076173b623fc86bc30b2caed04c854175c1726c2d9f78ac11e97,1
efaea32d4bcf7bf73febbf85390234b29cab23b9b5180f08f4eaade937a67b2a,1
efc63e3e4576217d9b10dc0ab737b9f3068bf1009d8fa964815273c455f471c9,1
efd20fca7bfaa6ef7ac80bb462343586d33d9eb11e5beefb3d80366ba20b85c6,0
efdcd848fda14a9330eea4647f415f9c8e85417c1a75598a297549ae72c40823,0
efde0a881ebb135b6e5d686e402cf15860949c526fb6b3c5783c256fbaa9d61f,0
f001045df7adc9be470874bbf4adf99a06c0ce8e6d29c1a26ae5799317a0f6b8,0
f03c3cc5af1f7349ac4144d66eadd1c77f3b3559795f57e9fd991afbed9b5455,1
f05edbd8a01aeb3eea63507bcda77f836a05b5483cff2365f72bcc0886a00147,0
f09377638be3dc24328945f3911eb051c7ff0e6206cf05a6981e3ac33ae6924d,1
f0c94f8d61006c4f7b6297b3b192822b82ad4ac9bf65e77338f4e54f3b66ac2e,1
f0d48c8c3b6da64f5412a79c810ddc4690f3e9091298e3eed6ae3efca755395d,0
f0d536d253d40a8d57cf1488a75de303357d393b18b3cd29f06491e0789447b0,0
f0e3da55c954f3071f6be96b8758cfceda8f544ca7f838c6d660b1afb831fede,1
f0e63b98948001f8b45b27d666495a7632c844907c93001c635ce2ab9f6d54c5,0
f113ec9c6a75a35d5168134d1de81f57d9b2dbd5d9e5609b83f5eaeaee46bc80,1
f140e04a64d9548ddfc8da0c83f800093c5976ea273de1720a62b4c253b356ad,0
f14aa251ca9e17d7409caea95d35e02a4607808faf075db3955f3a567c1e5349,1
f1a6515c5d39b41ac2eeb39bdf52565bb0b591368bf55179729b3ff2a6a8f486,1
f1ba91cb05bc3c9cde1060f1b609f2dc94e733da2907c402dbf9fc353395972e,0
f1bef54b2f3373445d38cdc0f0fb62041186b11ddda4a6c00f3c8b00caa4e5c1,1
f1dbb35987141bb537cdf8d3640fa01615fcd120281e88c9c55efea3b52cc296,1
f208e62032b5426f3c9edff9e60333d606b08ea0f387ae90ec872ada4018e19a,1
f226b54fc9f5573ea9193fcab1bc45b73238455f9b2c21c7066bb2c863b05da0,0
f282decea3bd5ebdeecfe87016163a40125116acfecf7feb57b168562867e166,0
f2b697a8a56b336c8c841539ebf01e11ecac6d041a9010a4282f0639eca04d75,1
f2cb65c2f89f2441de29f377d47884831f9b9eb94a54021f47ae2a4f3429b0e3,1
f2fba8c08fd4593eaca11d31556fd73db5e2537e1937d030e0e0111ecfd94723,1
f32b2763589347ba60bc1cb60254d0073ffe8fa536ab052c98a8c2cbb5f79390,0
f34361f206c6916836eada8d3d4822cb18b254b95da86744d83d07c433b54631,0
f357058d6ca1571359cc5d65b5619eb441e226a63b3925c4b37af6fb14e24ae8,0
f37712c152fbc0e901be4ab6e72c320993eaf6abdebf7fa1a857ea7c0705be17,1
f39a59e42b397ed0d7a58c984c787e10cabffc2aa1c768d6e4f41a8d4be93962,0
f3b9d4e47772eaab0c0a06388a1a8616f0ffa194ae07f784a1bbe8908c4bcbb7,1
f3d0b00586dbb36bdb327bd7125a64244487f8da4f89f95a774cc4431184ca42,0
f40c87546e1f7aca62df2d40502eb106c5b703c3037ee29fbaf980c163a7eaec,1
f40d304ef84b67bc308f260c1bbd7fb57daa617886dd78b93b6b234839af0dc4,0
f43b58433af116fe6bee11a5554687aeb99ee94986a95217edbb6691ae86f891,0
f450d9f5c19d1124cba25b9b13ae54acfd210ed4a18dfa9c4b048b7788cc7e43,1
f461c6f4f7c6a7dab918c7d46534642382428b35e012d22baf118a92e56c1e42,1
f472e659067adf98e0775c681c9b1b6fa5e7efee8a95b4b6e8d327c01be2a48d,1
f48ea18a1a3c78aef048606cb263a072dc678e51ec8d5d3da26868e772cf06be,0
f4901ee62b556c6c3cb5fa7cd9a24ef7ba852c83c8232c316922935d2adf593b,1
f4f5a2509d161abef54e371dc8d7c6ffb21c1b63956c2e8c06697701f8ea1d63,0
f5323eba45426c5052a7c0f4ac3b88f5b5e858ce4832f6e05185bfea7ade8900,0
f56cbbfb6611752e1b01a24052737cbca0f8f26f759b797d6187028841abf0a1,1
f586dbbf8ad24d9473dd33c6b9555a6770036d41c58ee88d3045828ebc41743b,0
f594889b562a12a22b317cbcb12c73c398dd3855c0f23c705c79d2218d828095,1
f5b0fe6fbcdc4d83c177b982946b0772b0e2da392d09a40792904f01a564bc1f,1
f5f4a2ff87020ee0701dad224c863d05405a4e3122d7797adcd1f00f603baf7c,1
f61911d20ce2d46d93a0060975a53226edc1bfc8a78e22744f68b293d93eca0d,1
f631a883623ad0f0326cf72c063c510ef2ce8724203f3e1c573ccaedff573d6e,1
f6703a4e140868e8ad91014755195bc694fb38040b4e59e1fc0a117e1127e6f3,0
f69215a9fe80c4b9be8dfb2d6739304b6c765888ee13f6d207882d4ac743b443,0
f6a6f1651489734584fbb6b76fa07666d03fc95eb7823433f59775e7f372eecd,1
f6ae0e7e5184d4e8a351200fd336e9909c63ac00eb89d16d5b7d9d7991b61ec3,0
f6c4b1ebce94ec01f9af958196d47bef7a047f18c6251a5a602f964d015530e4,0
f6e8193c255c5fb00fa8569a30d2c01cb44746b00378c7f57582d195f71b529c,1
f71f749cecac1eac6a06bcc0f3d50f053f5e312299059f84ab40ab7f2c94e5ee,1
f738fe05804c8590d1ebe563bcdb29cfefb848845c770041784d0f7cf1dd6f4a,0
f75c67d1ea37c2479c24df2d78d761460784b929f21ca062ca7dca9e0219b80b,1
f76894bd527c6481d85481870b90dd5e4075ab81831552f2b94398633810d189,0
f77b26de813c916a5876d9eb8978481089c0f904932ecadda9a41bafe31e5296,1
f780f0539c6875dbf5e6e915c3066af588af70076e3589f14a19f79f5e22bf37,0
f7849b7dd7b7f6f1c9869e47ad5500529c889a26dcccca6826069cf7b4d22cfd,1
f79a1f6c6e0a4c4c2d5909a1e6f15e8509f94fbab6def66e92f62a422009f836,0
f7ac75cbc11c7939726a2649c099421e1b36a23c8467cd8627329102a58c0ee3,1
f7e60a3c0d4797a0975367062a592a7d698aa410b182b67ad0611f74a07d0c1c,1
f7ff555db4ab40abe17d5b933379e684d87eaabcc9a6caeb3ef91432e1dd761d,1
f81b65a3c1fe28b0ac291b2bbdaaf89c963b400b64b9508a18dd5ac456df6b8e,0
f827ba1de27fcd7795c4206612d41d6efb6814cee734c39380b8373ccddbcc99,0
f83c5fa89083b3a71336bd77f0c38794b9a8f78836e9539105145eb1d1e13ee2,0
f88ffe1dcd584cbf781900beee74e37a8db2f7b5346a7189ef5c10bd72a2a804,1
f8d1db3ecf1de0a5e61e9e75869483cdcd1525c8fb521b9c39057a3a1acd2693,0
f939fea9aa5358f220bfb0bb1f1ca7cf7b25a280a043117fbea845e37dd21758,0
f9552b5329d44d802ebdc9a22a2937363f13759594553c7a2677f2a986bcbbbf,0
f96693cc8403d3f0496b455d34da447e11788f6c9c0537feb477ec683cd82e60,1
f96968ece605165c645cd8dd003db051e242d94aec06f38f97197926cd8b552c,1
f980cb73b111953529686f4675988cd6d01c26e101a94786e3b920dcad8f1891,0
f9dd9acff90a6c992452d5acedd2ee1be25f7d5b8f62c1fa1cb5db31a213ea34,0
f9e4012a85a8e67720294b283cd745127c6521871b08d0002f56664b199a1101,1
f9ec55061f4e1ebb7bf23cd22f0b54b1b252ba151a9254a4515371c2be794c43,1
fa3d958c32ce81a6b152a6cebe592e079fe97c36855d975f4bb3cccad5323cf0,0
fa72ab520915c474493f8ea24e08cde1f7b4243392289c21b10f094660517cdb,0
fa8211cb023bac9c0113a83f0e4a9ed11bf6cea34b315ef197a376f742f304da,0
fad37bbade1361eded6b30d476493a6c3ba0edc5482df8d11c9fd8f106753124,0
fadc9e08a3fbc285d55e6e1a61b36264ad66c6110ec6969259361186a1d6d155,1
fb549e9f433ebac5e5b963231ed42c3edf0e1c7802af79e651d671a478f11fef,0
fb5832ba471584547a26927af40f6846d872b0df7085cff78a7ad3612f756eab,0
fba7a6438b7551123c0c1302daa6d1c9ecb909b7298d95edd0f51ffb94bb2250,0
fbacca6f8d2bbbc3d8fd77406d9473e51a14ff8ba09c4d82185909fcf9ce9e0b,0
fbb85235834b033c226d6ecc737115154f5c61cfa8fa900bac70238247b84e6d,0
fc198cfbe84c5d413672f17bd8d93537f8e83c5a980251d21584a490f743473d,0
fc27ea5c8cd7b06689de8042663f9244d8d4f4c985a60382526fd7817fe12959,1
fc30f4bc88eac79fee4fd6f1fc4f21b7cc0ce080f70fd84c28c10cf3ef7cc1ed,0
fc451f631b3d43ed6ce7dd929d8524e7745d967dbe13ca3882f39f66af2cfacd,1
fc4f7a40987effc132e67f4e5ae2dff97a7471a9c53624438445f97e54aa893e,1
fc544c04cca85e9aa32aca6bd2f1348a5870e702a85a0b82345751ee79933d2f,0
fc79cff88f86c50dc2eb9f7e15a2707d8568052cdbab5a5b0f88d353e464c05c,0
fcce50a175d2cb8dd1db47a6f3994924803e88b5590b90f236e613b43cce36e3,0
fcd47e4a0b32f9ae4d321afc9c06f4e8329a3dd0191b28285328c94af98f64cf,1
fcd4fadf0cc49c68082140c937f4ff1b65c21bb92b4c667bfb8357f2e147397e,0
fd0574ec61a5b0696bfa026757c773a4f7cb32ad3f544078d1352511f39474ac,0
fd0903d8bc4e2e757efb2a18a42d79d79faece5081f47a54bf858ed8e5d3688e,0
fd1995cb00cd8c2a2125f043731e33a03dfb721162ece8dee744b817fe32459d,1
fd19ffcdd2271eba5d661d70677eacae1956d3b9d6415a96bf2d1dce8bd7ed61,1
fd5d483203e51e0d11844358bdb21bc6148260b48094b3be43f83be1efb54886,1
fd8c91f40ec3a0a228a71a49d5966e57e15b2cda5bad521bec739d7397338fa2,1
fd940e8b9cc24dd731ca81d4ab4cb2389fe871cbcf7d3660130d7015360e6de6,0
fda4a0990851e5f65708904015ca5b7fbcf267dec37d49a7e7bcb2a04d19022a,0
fdcde8fb0178a8a4b636951e42d8f24644f53cdc4baf92722b1a3b855d8f03c8,0
fdd0a1b60a5a4ef7c971320b8a331e46bb12e2d519c89003fb8b0648bb21d606,0
fdf06ac0d0c225021e0127c19da832269be0393ecd37e4ba95ff61b506654750,1
fe1bbd9fc9db47161c7f5fd7ecf9646b2a907a464be16d05008b6dd0986ac4df,0
fe3bb6169fa26c3cd752adf0e283dcf7208768f1978d088d61736e2c565d55fe,0
fe48984df96037c3938674a783be728f80c5ca816999ec1d3cde706691b0bf48,0
fe6bb87bb0cc0c2641826ece8ed1ca9fc4078af44191f74998c4376b7218bf2a,0
fe8454993672f54566499a1180d8a3c56066d89ae8ffc6fc2208a393c9b1ead4,1
fea1100fcbbfb30e66415e09e48e19bc074acc49ee69f8a00956fdafee0b87be,0
feb8f3e185aab959a3b4e500089d97879f48a79fc3435554db2d6328b1620eb3,0
fed50dc6ff849c5a0290eb4fda04229cb03429e1b6b054f442e574cb680f42ff,1
fef82eb0f038b44701bd6094ceaf094859144493b0753f6c69f3e918a641238a,0
ff0cbb79bd451564c49e476cc416fb69a9a651072dfb7e68aea6280e2f7503b1,0
ff1b106856345e665c6f4d0a5c9d58f53da7e78976a212c708fa321ba4df5e0c,0
ff242b27f73a322746731470ebb281904c13b9957f35812f84471d1777e1422d,0
ff480959ca1e21ce959f07784c228844f6e8c1e6ec8933b695891b2d6a4f22e2,0
ff4a9f1d5c168f358cc21c19b0d8bccab5d494279c7f01e274c683e5130a165d,0
ff4fd789e694b0fc29748ba5250c2868afab1219399d3b14b64e36288500a940,1
ff6729dbff87ae8b337b3ec2cd7c94d11a96347274896788fab5bff4e87f0e99,0
ff819d455537420ff765533260aa031326e29f4c9fa9f650410e84ff9ebd0044,1
ff9a3dddc40fdbc656d916556c5bcf59f50a72d75b0b2aa6c2a7a0f07c2c46fc,0
ffb5031ac562419c228e164e927a0321b51d86e0721437c61d5d703b9efe258d,1
ffbf2f173d9bef1e8590bd1925e01e791aedb0027f621f79957bfa1d0c8d92cc,1
ffcf14fe055a71c4a3c591fd431721c906165d74fa4efbbcdba5dcf829143eec,1
ffdf8539789b528be638e95ae16c0581fc3cc5103c9f2432f338a170bec0ad85,0
ffefcaac6a8fb6750445e0d46fcc08c597ff471920101b2f7058a73a3ff0e866,1
fff1af0c1e4d3412555f048b15be54d7757cb7b2d06af58b7d2692f64bf7138e,1
