sha256,label
002985f230edf34069658e686951f5f3f4566e5fdc6031e071a3ec86e68e35be,1
00372683e130b46f21394e0484e23a4b273da13931ae3a64376f515bec7fffcb,1
004eedef6426e6530a6d5a7cc12a3a18eb0b9ba2c26785fa9215cd0b19ee802f,1
0056ae875d9b41e8c3ec81d634c6e440037de533cbb6fbaef614b30852d47c70,0
00d1d1ed3cbaa097f98560f4b0074067fbd80dfd0278ac8009aa4daaf04676fc,0
00e2bbc6879ba1381a94d3e7a70ed7f5c92e4af8e2b519540329c825cfe32da8,1
00f51d6eecb0d8d3c0add0d23bb1ccdfae0df06e0421cbd5a48e53aef2ce3d5f,0
0113f81311f5a9c2531fbfd3443b735a38fe291d520e94ad15a52ef5cc843d47,0
01143eaff0c98c471bea6705e67e7a518c9083f0170d86e2713908b35dcbeb46,0
017457a304c3806b80ff2bb6e0a7c3c123b5bdc524baaa1b35cff3c8973fa650,1
017c02ab5cb0008d4f3d6363f79e1c4663f8e636d0b2ad82def08162018ff528,0
01cea2fc7020c812a93de40fecf369b17d6316082a29e0b08f645e5e4740b172,1
01d3e335e9e9843d1d76e750edd776d0a5591f8aa0901fc2cc3c94dc1987ef30,0
01d883b92b6b3e92102c12d27870304c0d2dd256b6e16ff2a079b5e12a173593,0
01dd9f7de8b1b390dace70e3cd1bedee42fb2689ed687ab821e560e2241bf412,0
025470a581bfa2d6700a16cc1504de18bd7c14ba2b8577c4e53071db89569b97,0
02a9ca3ff9f2fd514d49ec19b39d30934259b925f891ac3787376b6b2a957684,1
02b47450f3600391d3b8cf46e1944d3cba0b05b26e4a80da152a56f21f6ef31b,0
02b5604d8c288097087521fae64de75780fa84d4acea550af77f7278675d8903,1
02c9e39b178e9c543c9488ce3927dccd6967ea0245d0319795a9b5e0813b40ae,1
02ce7a7abdc7844dc61e557f8c41043bf342529ffa1a7a8f16d50342330ff839,1
0308f335ef3a8c1bd8e28cbf212e21c0f35ff0c3236c2bce437d8727aec60f93,1
0388e1449bcd81cd61c74c955bff4cb2e5c43681b498d1c9eeab8bec4bb2d31b,1
04065cfe85166e6c15e9be6c65ecf20b316a18a799cf81d629a8307e55aabe41,1
043afe573cd0b1d95ae3079efd7f33a412a14454989a1304f841565bac1bad5a,0
0444830a44fbabf71bc8efae932fcd5bd3ea5d66b9dbb41c1f1cf0c9f9e06338,0
044e0c92f8fa9210c9b6691869ebdadbf4b6ba0fb415280f7f69390d324cfd14,0
04785a1b2bdb5b4f6a35cd658bf5dc837637e03f3294b691d22b086ffbbcc00a,1
049fe97ccb3189966a8288d60ec9a999c8608bdac512d0442c51133b05c9a49f,1
04b681e7a28d337bb8390c2c2cbb1eff98140a704f95fd230aaa644218fb3870,0
04b9eb0afa478911c0efb7a6c1dbd84b886dd0c56e39cf637c49038ad7e4759b,1
04be650397e9f38b1db3bb78d5f8e5d397b8915316deb7f460a232fbc8c7c2cc,0
04de7ae4018bea0a35e0475e91842244390a1fe6a90860da3d961ebe3ab4b70b,1
0519e1365bba7f46f677104f81ba8e7bd4069f74966bc1180b10e5185e643e7a,0
054590183616af1c63f8eff087a79b66a586a4c3fbd6033f4ae8cef417b2e49f,0
05a3363ce3be82bf7e3bce821a31c369c78dccf4534f7df62c96dad410c84eff,0
05e1a8e615cbcd5680f60a20b0a1df8c3289445134b2e8e4c30b270673a85452,0
060a13df1887cd8502cb5e999bbb7b2552a5a98e1e6b3c556b5b8ca45d27186d,1
060d687f3b409fb3a0e140cb119ca5c3ea7215640d17151915f5003bde4d1b5d,1
0612620a97f97b991dadbcea90520b26dbbe40af2fcbc5969174789fe471087d,0
061ef5a1c87ef6e02e6071b32593c08833c52ed7a1766eff23b7b2ec8a202b17,0
06603f1f15d1e81d3f954f84f63af5a02a3f973ea307c9167ea607476cd00217,0
0670177fe585a4c8df5dd40ff7e692049ddbb9e78e7ec63ef9d914fba786cb27,1
0684c9d3b334f578c937dd700ac0da665e75cc7a17a8c8a48a19e8781b6d991c,0
068e33ef3499e678124e32fe7119638ea6a41d1ad81d926862a126a82b093914,0
06fdd6f0c720238c28639a1ce7a594241775f430d7d68582014c37c679bee178,1
073d585e3fb21202cfb2ac37e4344bd9321a1599a3a7059cc4141c30815ef19f,0
07744f0bc58b574c2a171c06fd6eafc2782fc2d04c49b865060a4569790df9ab,1
07749f65c3c62c6e478e8bdc522f6a23c5a7745992a0e9a3012846c20c957e4b,0
0784c8ed3cc65e713f29c234935a85781ddac623eed8d298b87cd84a580227f4,1
078d2926ff04717aa69d7e5f15006278a6760d4500139e10c1e197a9c2dc0673,0
0830c2f6a5559d7b1bf119271e69a4b17fa474a5350fc68896dc11b82731645d,0
086eac1eca97f924a1eda83c4d5d02ae33705adfeac7805c5b68793723eb4641,1
0876aff228cb3f0a8274ea05c8211bd7b75e4353b189238c845a74a822d9f9c1,1
08869ed300519fd44f81bb58a2aecb3342a5c803495c16185895586f2a93def8,0
08c179e7cfae715068ba5a534ebe78bc32876895fc6bc19d6f656e20365e2351,0
08cb4ac8415bd0c65b84e9f95cfa25b8d176ea943c815c3eb6d9ed22992e568a,1
090c068d0bed33a907c8e6490221a46588e1fdabde7e092feb73efb469cf2214,0
09c1a72ffbff9b4f999badef8046ecfc0aa2aa74bdd439c1d6f15ce8da629dcf,0
09c94bcce9f4f211c3a218dc80dc24b2720d7cc665b88277da942b22681d7b1f,1
09f13aae41215b9f42eb2171a83840504bd0349c0fca5eaa08b2264ef2d6b537,0
0a4b5c65b4ee0c2284023297736a620f97b137d3af7dc6acab50ad948ffdbe7b,1
0a626ec91c0424bfb2efa3c0f987420199cc63367f1e8a9258fcb3dfc5e15211,1
0ab5da2a1929ecf0a527841407875764d25a82e3b459852f23c90f4044e54d7a,0
0ad46ce8de46eeb1d759d2106150d41fa2181d47c879b02894145777953620bd,0
0adab9a440e7862201a811334cf8ced5df0abb6aa3416530ceedbfe24be92c6c,0
0b584f19923aa13ea1e379c2d5d5b8ff26ce2afb94db9e8a5b057850941e853a,1
0b7467bfe9ccf18a12901bd4206f735c5e06c8d47ee1c16ccd7fb38c3b231a37,1
0bc2bfc0899d52f8aea30be11a5669e14aec1b5729ddc45bf3bfa234b2727530,0
0be9886f2310d745255adbe1b58a019cfeb1fe46e53fa9afcb429f43e4cdf1e0,0
0c35fb13095d5d48f7fb251283e0ad722901d6955faf98e05cc1ec57d064e20c,0
0c5fd99b0ce0b9ae17ab5208d66245e59676aa5c1e202ca2f74c5e0b17735f07,1
0cb785a1ce65110bc6a8af8e6f60179e75051c742c8a66f81e4ff964965c6041,0
0cbd68de55ced29789fb72912aec2abd8dcfcaabb377cc58ffe7aa871b970bd5,1
0cdecd3998bd84181bf0df36d4bf7a6e065f99a8e02352e96f170fb2ceb08864,1
0d865266c9178e398710490d73eaf8dd8230d6d05dacfe88546ffa70985aaf65,0
0deb2b10c36133278d060948fd25b8043180019d027127bc5b76f176074f3cdf,0
0e05e9f1a293fbcacb38dfd373926c490c2e7e48ac746c500a872f2fb010f2b4,0
0e25c9fd69327cde9ce212b3640842f971921068f82f624a7cc471a5c3c451cb,1
0e56df4a1a21bae9a9f7e2907eb418d0a1fb1a4ca356e4fa7dd6a83aca36370f,1
0e5f86699c5b0b6d657b4b9b7c2a23f9c1815055bbf907aeff54567fc6826ff1,0
0f11e89a8535cff8e61559ebb0132316a89b8ec94cc8df0bd846bf0c710bbe8b,1
0f16d9f58d857e6b8af187fe1302d5eb1a9d9a027b1617b8e495939d73661416,0
0f565927060b369f1c53a26d7a8f6128e44bc30da145326fbb714bf6ebc735f3,1
0f9702df983256208e9dcbc760d1d9bac63a1078b8c8d191c62400281a23b8f2,0
0f9e7099e30dd74e52ed811283c3b59adee6cc432ff4cd289096da18bb0361e9,0
0fbd3c4565a64967dfb351f001ec405e745558c76916aa7e89a5859f2fcc684f,1
0ff513f6f55d27b0156a0313aedb8851bd5b944f536adc7451c45c2ecd38de57,0
1017ec931a9d99a54d43353b123178179b5f3c4904d30117545aeca266195dab,1
106fa0e9f040f9d492a7ad5ffebd2fb87d284c38f882da4c8210883c19fa405a,1
10761ac23cedb03e1db56e23d22f51fc6d5447d08151a07920b10eaaf3c4fab0,1
10976ed6f74e78b29a9b0dcf7dad84c9e25b3f829c3bb2e1bade9b45aa66ceb6,1
10c64e676f27ae0a04ea21b9f07a93b7b8abe7e7b3518e101048b0a0d2fb7d66,0
10cc4c8f675230ef2dd35742445959a4e6e226322d8e297d7df4a697e208a8ab,1
10e114dba7f380ae6f04bd9210d80d36133560fdc30ebf789c74e8e5cb73528d,0
10f424cb8aa8b8cb93815acfa68ab97430729485517c995effc3a5c1d2c6d192,1
111aca7bcc72fc509d33ee9416df4a8e44b64f31faaa8682f7dea28e56e6f454,1
112bd3a87be84bfc9137130a7c1a1e29cb0b3d45e51ab35bb816fc41621a5d7a,0
114e27324c6fb5089471b5c618ed55c66ba5e8fb9b07106d9cb60bb1e2379f52,1
1170305e49554e3a374dc2cc00d6f4cd8dc97f200f0a5e964118599e0ebfe37e,1
11a328d7dc85181e4dba56c0351ad040ac07155e30f52a9256bf6f1769ce4948,0
12671cd93d51d47264b29ed048a9a9a099174c7d70164f878b57e985e0a42be6,0
126fc6f0e34dfd528b4fb0666da7ed877569534d76ba8a0b38c4fc1725c49ff6,0
12e5b7c53b8ab7b828993b726e5d1c5a7b9f9696dcd6a6a9775978c582ce5041,0
12e8d784881bbf8f321b0653c581480fdd3d647167dd58a35e04202fc0d21aa9,1
1340f664b1b7194f10a0227af9b2645f9590c8d0b1262e7f7895eed86eacda14,1
13466874a5e850dd8b4a2ffc4ebd708996f28d7f710c01412301de7d1681db0d,0
134c76634653b6c1b3355761566d46e1a5017bda9bf9de230b4a0e494f3eb99b,0
134e76bd9f91f6d571e905277c7e1e6cc2274834192b85352a2f8667cd50edfa,0
1377bff2239b85f9314d5cbba29e2622a6e85c476847964b7cbe0f0684c47135,0
13da7ebe9555074f13cfc1325b3ed839f6028ead4f1f2de74abd3ada2468edcd,1
14434f637a1b34597acbf5a5c116122776d1f1a06a585fce002006c1ae30daf2,1
14601bc02e1b38ec342671c0c1a7cd0db38b0c7c915fae8f7795bd9764e9559e,1
148af4de2545cc6feed75a403c3415353d45b032c4b12ed9699322b8e2371b53,1
14f8eed79e60cfdd43364219173de344a929bd90e6c5dce276a6c631083b599b,0
15815085ba28f1c52f9f7fe35ef3ac7a1c270141fece6afdef4e2ca46bc56548,0
15873cd5304aba51f32c9887d6a7468b5e53a6c01ff31e9ba8bb594800263724,1
15a8acfeeaab0424c4f55c4459f4685742bc769734a7d21ec7bd390f956890f4,0
16843c680de62df885c178ee938386c838e05d7a8883768f1f273d9670e71c68,1
169ce223da15fb13a6bc8e6b15e3d61f791db6ddf5c49be4f15bed22eae1c227,0
16ad45bffc0e6c08aff20032d9b7ae73ee8dadc7c99cf8e13d55cf7ec2d60b44,1
16f7fe58d14f8a960c67d7785432dcf30ee2f8ad00bd0efcb4e249625f670c57,1
17034385f7f4537cd84c73a4633ae6d55752c8f498822ec874badd5463206bb8,0
1733d4e8b8ca267cfd0933f261811847abf08a70d815e2539d042182e73e9597,1
174b7ec45728dcda832d08209e51a1f125cbb1ff50b56699c573076c2874276a,0
175257ca8268e0b445430491062c84e52b2af2ad1b8fd2946283bd37a0b5fc46,1
17d0174969b6364b53846b90be2ea83c3fff9813bbaaeb6e3d339f77023185d8,0
18238f6622edfbd0ea8b29357c594584733f60d2317765746aa13f119a62cc1e,0
18fb67a53a6b04aabcc3ed23d804d6898112f5e5b49996129314112b6bccc495,0
19196872e7087af04b86e065080bb145ad9059bc700e4b597243a1299f9871ba,1
1940ab3b743e3e52dea7509db202a63468113c0657115cab07aef818b8e2dfed,0
1957afc522ca19440d61baa73d03a94c81f657ae0e617ff7ca21070b8188798b,1
1958473e9f74d5534e17a7ceeba54ae7b673ec782efeff564ba92650a6b9842e,1
1979617f96e2901df90a87c39d833290cb7d6c9c62ab59a6114e6727e3d2d2f2,1
19aadf82c812ac1e689aa30f46afcf45a15bac8c6e57bf70cf8e6c701b6dc95c,0
19ba388e9af8cab792cbd2cc2c9ca1fc740485c7437f37e41ee56b2a0055ca66,0
19ffdac3edae880c0ee237b27936c4705617ef5041cd7d272116106e7c5b1f33,0
1a41318e829be41a8a359590ce9ce3a1948db365766452ecea4591abf1de889e,0
1a476953730ff127fa33c03fb70271961cdd46142499a36596a38aa7d7848b62,0
1a63b120a5072e45056d45b999d8d9dfd71bda8db4db6c57d757c0eefccafcf0,1
1a7c339c8a96e0cc07644ede4999ec447da92c52d77a8bc6ed17baec3dcc5778,1
1aca3377e9d7bd5417d2e3c69d7a9dbd9a15132ed96ca6cb8a3213ec2d4bb804,0
1ad92b342e46f04f60d6ddaa482ada7cf8483b12f4db0696fd8a997da42e248a,1
1af71852e14a86bfd737356e27514b1810e9d8295ae095ce324bc047b30f9c69,0
1b040117531d96ab19f20eb10b7ea461d041a706a7c9c86925b1c830cd15e8c2,0
1b3649c59d41426948efb68b2156338f3f3080814edbf71b99dae934a718809d,1
1b3793027025aa543415d4f102310cf908d66d70ce85aa0f1f99663ae2c8bdc7,0
1b67f2a3c434f9dcb2e9e402f6ff737dc344ece34c9273118d36f07f4c8a9c54,0
1b68002f93d0f2f90699251714c4bb8be21d9ce914d4bea23b83b2fb2bc1b5ae,0
1bae94aa02945564b8d572c4de58b2b6cf2d32069ccc355b22d904ac1b03368b,1
1bb6773bbc2f5c2b2e41f8dfdd1078c2494152dec1cd2eb953c405b55d081a92,1
1bbb9e13bd8f44445f75f8264ca47aae77982e8288560dd7d63df1256104576c,1
1be115e8bae808296e3ff91036b539855c6a1582f8617171292d53190bb61e88,0
1c31444c28f5683b55684bdaa00e8f2ebaeac48fe6ddee70560f6131be6e23b1,0
1cfb0d010c49dc43cf5ae9dc68753f1c8cb6041b00553e47e733b4b7daf431ca,0
1d29c408079390f4c738a3f3cae740ffcd70a6600d2c5fff1d53505767c6babb,0
1d8c81160c06bc2e4bac57632a9b4f424979e224897e9e1cd132971fbd768f09,1
1e3a8d8c9e7b302ad13558789d75fe6d6ffa0032a9ecb72a4939ddcd35768ad5,1
1e7b90a1494e45876cb87077bca16291671fc5ef4e6210c14cf37a4dcb6fd487,0
1ea93a17e54afe073d6d336aba94c17c84155976c8cc664e8c80808d49daa493,0
1eaabfbf4d01d89a1df5ba32ced31e4d38655ed71dad78aea1caf5050b5e8124,1
1eac9a1d75c534b33b368b11bac8754093b4a52e8cb181f44b1a5268a434eb54,0
1eb591a8bb4791672b6b9baeec80372dc80303fe844fdb994abd7458e669d05a,0
1f23ea5aa02af6cb51653163e5f938023a021b2404bd76bc62bf0a64c4feaf0a,0
1f5a78b7682242b53599a82af37bb82c4069c92ae76d3285ae5ea1cba26941a0,0
1f86464d18a6831d35e931a64201cab2f59875d8ef3bccc68f8ebadf6b9e69a8,0
1f97e5885d64f804126186914ec975dfcbf1a33fd316009082d48adde9568e0d,0
1f989571250c3d9b1327ae5d64989337514598636066ef6907abb38d953ca97c,1
1fa1f5572baedaf08b7dcf4c9bb6e7350d62295f20bd8101019777be3a57a25f,0
1faed960117c1da7d22b6b07b68d1895f63e0651d5fa435a416c717fc74310d6,0
1fe032f0b754d90792f5a772f71e8b6d8e3eee958b8898157aeb87ff0d8e0cd4,1
1ffaff7f28e3650750e8909d61eb1a6885a6603aef811674d90429de4212302a,1
202413bcd9d9b5811b2593695e7c525a310ba331a4606483546776c1fdf08739,0
20276a77267b8c3f4cc60e75e99d5ae2b358c9cb8955afd6e5e985ff20eacfc8,1
207e6c2d8e10bd68a2507f475172e2a9e5f4e780ddce3e6cac939d1492914c8f,0
20f4d56a478233b02f287663d9b084d07a2c4bc6afaf470ffc0e5975f514f268,0
2105ab42677d4435654221e8781c8a9a5c64b486425453fbfea31b220afac634,0
210628b2dfd0e51173b6a5744868155d8cc2716320b3aac323e7d5555cef11f8,1
21272b2ae58ccec90e543fd1974d1407fa2524f82b72f4647da841280e6637f0,1
21339e75152d7db61a51680cf69ec600beacb0b40e83168a2bd5abcdfc9f076d,0
213b4066828c5c4e40a842c7da911446ed9221e269dee0c47608a264821e90a3,0
2178d24890fa711bda440e2e200ede7c60dee9dae5b1aa2696d41d3df89db4a0,0
21f687db8bf4ee7ef82429bba6e49489ea804eeba0cf12acacbbbe0a588b4df9,1
21fde1bf3eac860febe57e99511c9d2242a27237cd3641663581a7036fdcf50f,1
22562121ca81475c0c4e1b09187b515e4c297abe772cbce966e8e857ed437335,0
2260ea80c91454a980aa94d3abb5c3cc916d2bce9a461b0ba7452b7f2b6ffe0d,1
22679dce31b17834eaef1995fea67df506b5bcd27087ce7a79f760515a6d05c1,1
2296e2cd2ffbbef33fe55986dc1c28935f5ce3b9db1198bd5968bd9ee32a6085,1
22d42e34426be5b40400527811cc0a558c52233c38be9d9b5cb595a22b31c44b,1
23a41a657d49e717dfb03d448292c0f28a4391b8b9767b97fe06a960e3d8e97a,0
23d376a4c83fafd9df4356b6b6a415a867919a8b966a698863ab8b957be98581,1
24754dcf79c661ed9a69e8a510b0c99729f9bcf5391ca3637408f0c177405aa7,0
248e6934a0ed50cfd4618cde0bc79e2755e1d5085089d6bac486dd88b342fdfd,1
24f3ec5c1fa4d592e7b1ec51a1e38ef694c7a48e0887568682011d893101cb9f,0
258b849ca84b99ebe3db7ec7681b4aee252b01516329ffa0739d07477e625714,0
258dac12dfa120c12a28ef84eaa0965a71069b5a91ac416dff6c6236a3fc39f5,0
25b77066e25396d38620e7bec10654813bb345a61f1f3c1ee71f4a322303da80,1
2640ba2ebc071fc55505c3f5ce89ddae97c6caffe891d40a340dce0618ffbf4e,1
26723b1582fa14eef9f57b0c29b1304f7a86e320519064de924b25d816716ba0,0
2678f5e7d35e0d9e06206e91a41f9b5929f570d4516449f48883ee4eb056f5fc,0
26b61f757c65ab57b75aceb174c898315d8da3491eecca09673aba77fb2a52a7,1
26ca2bca58ae89ceb21582a0549815c73ab64c293755257055f7e383305f5c73,0
26e8adf678961e666776b42b1ee55456065b4c9f51f8ee09c1d6dc429ba8b021,1
27199e7e129b2ad9f996ef7cbf0fc88b5a8b7409c49108f00dd9af5e4a16f598,1
2724169b1816800f3e87ab36538a1519e1ff9a967f915484ef4c2adb4984ae9e,1
273aa912c7828b995fe81102f228e3c0923bbf3d417b5954aeb2de8f25ba4520,0
2771f2a531e67b04133bd9dc44ab140a71790dab6554830a3f69b386b3b73403,0
27a761dfa5ecd859a9a2bf6038247ac79253d4ee863ea104e9bdc85cc088674a,1
27b4fe0b0823347320f45c85224258ecfa551e1085ff8da9aa90729b1dc2a773,0
27c316d722e0fb21a3fc86c1922325208c4c7eedfff059667d555a4c0998d537,0
28427f75e41c048f7dc139c7bc90c8b5ac00ca590aa79047197ad485b2ff19b8,0
284d123363ad3fb4b3deed5fcdb95081164620169f3f27ab7b7829981cb173ae,1
2863acb66b33265a56621def0a9ae9029ebeae9d80a767df6474cb7f04b13a2c,1
287ea5575f1345250ea7a547d15b83e9919b1b178b2ecf82483ec5ecf35d7cac,1
289e02d1f08e61946b757f5bca292e91086d74186e855f367155ce8563cbc952,1
28bbf64e9e0d9752c115b769058b8fb5a382d400b3c4c07ff00ca0154d5e0fe0,1
28cbaf110b04206dcae700edd67c433fad4d908ea59d189fd95bb34895da807c,1
28ea3745de98f70bc84b7d721d86176b667919b8d5d45295f897a064661e528c,0
28eb7ccf854b76084f73974cc1094b1ca7a43f4ee837e51563b96f3b34491834,1
28fcc5d2e471ece70051cd1e3f1bc24c2af82034d7131328f2d3faac79d803d2,0
29551a41841d2727a3d11403b5d0989e830b049d66d4db1fdc2a0523cf8d606c,1
2956f42105ea5fa2bfee619b049983e15ddab643e018a8244d43d54f88f00485,0
296b9fea5ed0401198d0519187c5b6fad8d344b5433c18fd5158a426424d0bb5,1
29920df0cd73948258fe446d7fcdd8af4015b1f0e7d780f44129fd28e9f992e0,1
299ef9d4c83f73430a91fa6d389a5b618a4d11b2813a49e9610327a97104e784,0
299f124c04819b573dd10d1998d13317de10f3e16577ec80387d69c376d1931e,1
2a21f706610cdff025479ac9692a502a88e34b595e70f7b58ec10ce712dd225f,0
2a47a87dead823819a4a61ccc36618e44e5784d7d848e17c5fde2de8cbde0f22,1
2a868a02dda2163a6d97cf208404d99eb7a97f0a6447abee1dce07e7aa6cc568,0
2ab22841ca3f58133c21d78ee037d7dc4c0e18fb6fa4fc2936e3c9d2606de14a,0
2b0e42fb534070c4f41046f30ffd0032b1ec78d5e4dc4c6c4c2c624f1d64d925,0
2b347ce576f8827d5029666a47a43b90f42a8eea1e03601a4a4c68293cf839b1,0
2b99075462b9abc48b5fc39a0c95dea550ada3e9830caa4822c2b2f33e92fc05,1
2ba0a665d48570a57769b01d4a405c080daa91b0ba0d9b253ef7067414c62366,0
2ba58fd78eed67f129afc53c0c721e9733659eb2b50d25b037d19a641f120c79,0
2bbf2ae7add5dee70e3341ea568bcac685616c6aec16cd8e1d7474d75f61e753,1
2be5f1f884c0b5df0f7b5a5598bf191d7c5c4d27049b258f925333a3268f577b,1
2bf04c39238c7c4a5abb55666c3c256830d55eaa5f94164cd7590e246ac492ca,1
2bf8966972ee527e508dee8951c96608892d1c01cff73dc9808e45c5df84b395,0
2c53f1f02e2b86473734975fc318bc0a2e8f5bcf02cdde619756edc865a5ab4f,0
2c6d45267868f4ee63486f3a7219235edf10c4b9259e80ee93eb5d86c2b840f8,0
2c709fe349d327489593cf12d37461c2d7e5440cacbd2e79c8178264e85c4556,1
2ca211d03e8fd5f71dea045c862a2cc16a978d20a573798b6a70926e0cd9fd49,0
2ca8c3f5234173185f06358c7bcfe5bee16a891ca12998ff5d92ae50507a5edb,1
2d0fcede6891000649a1eafb00950a17ac3b015ee1dcfe69779093360c6a7c54,1
2d383586d68f12f0c7b0f38a1410ab4fdc920be9fc90df42ca3a4291699e1c94,0
2d4215eea0a1e0c80e431746ed634ed6335f7ca3e27b56307482f2241d440312,1
2d501d76c181e0fe62e43e808f2a0e5d09b74e7eb0d3a1c5f6a3b70ccf5f9c07,1
2d5f5f233134ff62225906d15f8b3c06ed9397708a3377e7de3175232c4e4b5a,0
2d8a6092a448a76321255b3281f0e76a5e440b26cf910edc390fcf379b19e25c,0
2dbd6e3d96fca791895c758e086083f4d757b35b5a6e1deac22a603f2c9585ef,1
2e122fd50285650073692731521d031ab6563a8e33902fc49eb4f3088feb9841,1
2eb750f8a07259ca29e4efda8bb75ba7f669a625f9d0f14d01cbb7a45b3e6e31,0
2ed9b0bb84026b4942fbf8279a39883202fbcdc18cba49d0d23a31760bfd0c12,0
2ee2d1513bab4c79a9b2e0b2160df62f32e42845fb08cb4618b4e5d9cbfbae4c,0
2eea71854f260cd66a5af1d763e4e9b76b4302ec2de971b9bd3c7b3097e7e8d8,0
2ef0845f03bb65aa5ca8de51db1f3a19039719d14d08b781897d39914cae57cd,1
2ef4274f0fd3b1eb4f8c28071564790f51b4accb5c5ab00c3aaee915fe91f762,0
2f32bae86b0d8a0277c068cf213d7a262b621984d0e8b3700c2d4bf36fe16bf4,0
2f371b3dc1ec8538a97a237c00ae067ce5d43711eb04232a5da809108b9ab76a,0
2f3c7617924ea2e7d9b3482c8ff2042a8ef13087320c62d760f165fb1603c212,1
2f5f1ac73119717bdff0d591709342f0900debe1a02a612d2c9588fff7ac4207,1
2f6e3b93c82efd0095cfe7bf6704cef0126f1f11b665d620798367db53bb25f7,0
2fa4c4d07a8326dfa36550191fa55d9a8e69953477dc4dde3f11072702213e60,1
2facda5000d6e5806fbf5f829efbe91d58bd68b4f0ccfeb5b0c11b9bc3b1d8cb,0
2fb12e46dac577578274e22758b849521d026925a3268f9d30606fc50c2c6e8a,1
2fca1f86c7592880c9ee27ec10e3ebdc51823dc7977d61fdbaeb61c6451737ab,1
2febbdc87356b2b7a3569cc13b866d32f89d8a4af4da2dd97d2fba5c40a5c252,0
307a89401fbca53268ffec6e823ebeef659f86f40f18613812e08d939a693c7b,0
30924a61a328027502e86b785e3497b628c2c32c8d21b1118f76826b7026b55c,1
30cb9ceeb469e7652c883592c3c9d445b674a099b4f034c5f4bd218ce570f06b,0
30ced40f139ffe56eb6e37bfc0bc44f23d7f7b176a0263a0bca831c59da9e03d,0
31acf4a6e03dfbbd3a9f4e316118201d68541391c2d43ee5dd11ec55ef1dda15,0
31aecdf3f8656e51257b2fefe7543ccead41dbd10137d973b6e4336e746dba33,0
31f45cd1cb7e6048ba5b9d453fb98eb7eb24166df422134a4e5634d2470b735e,1
3260bc2f48d6c3887b37f627d43c18ad5c7b6557a63dcde0312c61f14f8a6511,0
326eb26538ef4ad7dd28476aaea4146c1c4410dbc7572f83f280ce2f5e418208,0
327053a2835735903130f08e601581413d1dd3116da5a7c2d2be75df98aaf88c,1
3284db6cf599059fe5461058502b0499ae1b0b863d9d614fdb22f9ac9e4348a8,1
329a8b9abdc8ee954ff05fee0b6acdd8caf21d690fc2ceafba48d120f2083176,1
329d683c695496b236f03a665650f3d32f0db5433685b89cdbce721899a4e4ca,0
32a8a46e55a72ce22e1b36dcc8f61219abb8fb549297fe6b365d84229dc76a48,0
32b19dadd803b9d75e3cfbe4b77133c9e29e6991d59a5a0b9cc6cd13fa5f360b,0
32e4b2ed91f36601aa18f6c0da94c2dbf499951538760cf03530549b958db168,1
3359cb6c588b968676acdf3e6ed6edd592417ff6e38b9ff6f28b2ead0eced8c2,1
336dc95988a9a910c27b462c82da407fbc1b4dd19caf2707b3a7fae6dd5068dc,1
339eff1c44465c21ea125849434bf1395b9c1e99f7e68b4fd1be86442842f5d6,1
33cafa7c3e367a39cf2366447fba9fb188b35acbc48047938c7b492d0f209b61,1
33f4c4ed39875243c593dd7d1ebd4f48474ca62d505b047650cd9b07d4299656,0
34121cc8b0cf2fe43089aa52f0527459ab1d19a2684f7874b022b66044d9d816,0
3423f313cf21029a3b19077e32839c9947978eae69266194383e408fd2491adb,0
3461d2b54f3fbabb6753d71647b1a37711b32728a34101332875854f5b683f38,1
346e5f2e239fd2e4d3ff4a534528a4a3a1d21927d6454337bd3bd66f7811111d,0
34bca7ea50b07674d6648b914062e3f06ecd1eb89aecb51685f5b96899cdd2a0,1
34c4179c454c1f613f74874c2b9eefcd3ec8a36378aabe6a85499a3afc5031ce,0
34ccbb5c5c4048e617abdf6569a709a2e501aa5dbf91a55caffa0d88b8bbecc1,1
34da8b902c439608f57b4519b5a147fd9e3abf54dbd7904d118ab342a50c92d1,1
34fe66d26d51bd4e91f44c649d4eb5e77fae51e65ad7f478018ae1c7831f4151,1
35466f18abf0104a256fec411de52828eaba53ee8ffd9b8c9c6bcefd1f981368,0
355615610ac3a127b1992112d53b9bb6216a63ac16b126b6a9997adb402423cd,1
35b5ff0125a2f8caca661603ac15d4d7a8cf4a3b41d96f275f002862081048a7,0
35baf4485fcee6d76c3b55ef39c9c2109107931697ebd2098fef9e85e556869c,0
35c63fae56fcb65e2ba4f364007a1d26df36f0531a1820193c40186fee4ce0fb,0
35cf093b347b7c0016afce7516244984bfa7c88c793b7e3eb13d9be847d0b8df,1
35dc2dbafd14650029d572b4c844642945a95dc61f01adff171ba8ede4e8743a,0
36697ea67b19ea12378f43080fee5a25d3570723e83e2f62e5ed8aae5a90a309,1
369982f33c88d6936b4982292ed437ba32de390bab675e360314253c6efccc4f,0
36ac82ead30935bffbed226fb15c85a840a6b87eadafcb45f408e573fc15d8e3,0
36e4bea258d0c37b22298f2941146086ab72be70897948f0ea94b47db67c79a0,1
36ee69a8602bde8c34d8a7472d1fc05770a56908dece80c3dbb06818c895b1c4,1
3717f3b43e117321e895503bdb39f8c2986ef777a6eb28fa91a6923f343a2086,0
372566d61e14c3b3b659abd8444f848065c25b14ed931fda9e5848f813a805a2,1
3750708baae7583fe42de79c6a135fdddcd9488d0199a981db6f74c17f274c0a,1
3753b79cb62ab4a3f869252ae49e7befd18bf12a47a2c4e834a96e1166eb0d91,0
3780f658351c58eb72b76af49e6e50a3a34fc88dc0c03b575136e44a315e3b68,0
37882993c70fa964f2e5d51cbe72adbe64d919641bde5805c568fe0493680bab,1
37b7152347003cb31cdbec16b4efa783293cc8dc3b7bd93d49497e895ff946dd,0
37c46ebdeed1069ed7c952794fa28472c61f5d36975e2237bfccf2d3e5991854,1
37cce15ac020cf8ad6a874d2b4f0c59a0dca1db5691c16f38485c8eb51ec8dd6,0
37ce8ae0d6b0d001d41394b1904863e1bbe08ae9eab5c5177f7715d6d88ba00e,0
37e0204224a351623012e6a44c3cb2c6799cea9d5bff0d3677558199e5d61b11,1
380ad09cf3d0e71f7f714cba1ad349a8dc4db276be5234b8b8a9e6f5ddba4171,0
381a47b557de4743b40fad8316023ef26dfec82c9aa1e56ba1d5052b5d91e7f6,0
38454fb11e6e563ab8fcae4f54cfe022b1af314da34d81570fac50934d9c77ed,0
38c65becc9319a1cdfca0ea10654a175148e8e687caa7bb2619e7377f15362dd,1
38e49e17f33c057a35cf6f61f3bf16d50cceba10fd5fd2d901c62b442c3ad1b1,0
393bdcf8c58a9ac6c3a0980d5447d0c90608f326b47fbbf3620459088bcfdc75,1
396d47342e4bf9dcbe17f437dd61cdb0aec0dd77814695d8e4624c6b5e349d38,0
3971e6ba336d7b57f432b5a67cf7df806f0d6ed03f4b13e5574fc4909d5b80d3,1
39a14b32abbfef94e232d8ff972daaa35e31d728946b8879bc6cac54b617df6e,1
39b9b7b4b153e52feea50b533dd107b6b40f3df1a8378ecdc38f63ceeb10f089,1
39ba4a76774071ab1f77ce2de2c4fe2196ecdd60e1170620619478460d4f8a32,1
39cead43cdf6102e9d6b76227c34180d6be55b6e3c201d459dbcea615bc7b400,1
39d3568f9490e4fe0289e1441847015dd548668277fb32d288978f8fd9770f86,0
39d8fe135b655802369bcd0e1487df1ddfacdf106ad7377d4eb9e92875f69eed,0
39fd9b6890fc6391c1014a3e2ded0a315597e606e6014ce97973741248b31723,1
3a22fc01d8bc0c39d0114e52b5b947bb6e6cf47a21ccbfcf3582b8e7f4eb8be3,0
3a749e9caa40270752e0bf42cd464ea8635a3ae877726e12f78058bb65de4738,0
3a74a86ef78edcd9be958d3088b3aa3d3753be1b13c0bfa88d8ab54a09d2fef3,0
3a828c92c5a39c31bed81109003182cff6f794f43fc4f93912232a2f94d1513a,1
3ae8348a579be2101ba43a0266dbba1cdd8f6984f269b7c20b862927d78cb4ff,0
3b1dfd87d8094d8462f92a1493db09a326afac66fa2c04bb79be8d92b97ad750,1
3b2e3b5c285472e472191a7d9e2e39c8a9dc823363558e92fef8b3d345446e53,1
3b324c7d163ccb7e15f5ee9224cac161a97762c1b838edcdda37d44141ce5ab3,0
3b50557e586d80742e40be098bc63ce6e0609b651aecaa503cf66bc519ab443d,0
3b567fbb2aaf1af3ffee620a6db166a6faf991164bb46cb5dc1d1fb112ec4e96,1
3ba0010fd4702ac9ce6f46d8007c08b1c18fc557d46839c041c3a757b7c10dfd,0
3baeca82a44fca3fd982dfd74da10fb96dc89d5dc8659ba6c0ef90c540a18ef0,0
3bdb916dce74e56d2196e15928ccbed09d564c1dfe49ed420f8d9e0b37d8199b,0
3be79b36063c8795f349d0c8104debe7a8ff4e59c4c1dcd27f358172986d783c,0
3bfb8ecec9d55e4b3f5d325088b54a4a6aacfc2f876d1ba09f4bf2e06619f255,0
3c17c15286609153a31572aaa4067dbcc19a8fa71131f486e0ea1224d20df8e6,1
3c2e35740053d5b2dfe3ece5ac18b80548aea965edc4b58a4c895f0e750a526b,0
3c866f387718b2d2235057e20d1d2d80978f3dd9e57bc4cd935ee2b0f8935dfe,1
3cd0a24ef56861d8293475df1445becc39b0a5f6ad46ed7d4dd381525c365d1f,0
3cdafdd972734c3aaf6c4cc48976001dc4947dfe9af3ab40655ca74ae996d3e5,1
3ce9ad9331988e284b5099e4928ee9a9d8b86445974428679392d000aec99c7c,0
3d2985336f0b34e627e6806c626f620d17ad117e2d64cca6b1f730aba38d97ab,1
3d346081afb67cbeffb821969372fe074a5ef7e312ce42a3042f1c4adb091e13,1
3d587fb5db1e66a8651e4adb59099ba42ca8daa4fb67ae0311659b395eb7efbb,0
3d60eb7200281dfacc82344b94966498ed53084f3fb43c1e554ee4325416fab5,0
3d6f2c991ae775dc59b9e3b0eeae9207ccb558e5bbe5e221b4bbe65abc7202b2,1
3d735ee716f14d2c267e8727f94d0403584bc3e59749a8f4b39bb94c0883247f,0
3d925d5a06e464085788a4732dbeb42b87f3a7cf9c4a240da381200c8c965443,1
3dc65843b545953b9f651173068e883cc6ebb1b7852f400dc2afe45dc2ba2e0f,1
3dd4f6a4861e89affeb6cf2e69d19ae416ab21e2852eee60d8e8e0f39002ad59,1
3dd886cb1612782b8ff1ce57cf10fe64e428807f339639b1207767dd7321ec8d,0
3ddef9a91ef38b6a0f1374d62dbab10c88426f319787f13e64584e74e279a71a,1
3ebc476d6f31790f0d5eb759ee7386c9b0c58b661cc919f037abf71eac402103,1
3ecfced36f17234a5919dd76e67ef39edd9e2b5176e35e1497c91bff46df3323,0
3f4efc9620afd59eb545097fabddfcc0435cc49c0bf16f00718ddf0a0867bebf,1
3f94334b6fbffdc61b10e67685313db2e8aa165834656d232e300001afdca3ea,0
3f9fbb6baa5fb50b884352745e6f35d9ef7fa8bcc5524db2c9486fb63996449d,1
3ffc013a411bc629065fa74ebc1bb9950ed49252f0971ab3ae05f8ccfae0cacd,0
402611f17edac3eaf21b6623e412501c5eda512e413649c091859fa8d7b1c7e1,0
4060b35e292609f11840ae026d565609c50a2e73c7c97c5960aaba8362080b42,0
4095d443d59fd4c01829f1795cde7283558a0e3b742321b5995642f4b55f8c54,0
40a4dc5b1b14a94410e5b35fff9ff3378e2ce8ab3adb70f52c27881d81d5ab27,1
40a53fede69b33bb6c3ff90225a652ba4af11b7b15c20d766b805667381d1d40,1
417c4dd881da6ca9dac4b9553d998c8fc22cb52ac9603fdf115a182b3e6a5a75,0
41b51fa7d6998881ab327f66929512e35bd154cc9b9e3f8903030bad3a733929,1
41baf7f7971f0dd343bf72241c588b6ee69eca3311e7ad358d03fdc806388061,1
41da6e62e8a0bf89d6a40f10b3d864f9f5fdd43a3db042958bb6c3e7a9eccd9e,0
421c1f85a4a27089cb592c9094e833b5de4894533083da79255c3812b4843146,0
42235be6c378f9839cab3901506508294f6ab5b416ea846a6cfa4935c827c617,0
4282c8908bbc58222e8e4525499e1bdb2bf8380397cc7dcd34dbb5c97feab12e,0
42b5d232e332b54e1217957d3707619b7cf363da9e14ab351f31e862b3c269ad,1
42f12f5e8d530e381aacdd3a4fe4025f8bafd58da6b4cc472c67690abad6fb5d,0
4341f2bcb04d64c3783d40865bef9397af55e98647614bff93205af6ee3390d4,0
435a0416196b509a09e479e2cdc12c3920c3bc454aa3f4d3809c3e3395aed1fb,1
43b4960cdfe8d600006b693669d827dcbf265a3e7b521917dc7747e67bc15a1b,1
43f6672d3095153a169283c36a335fb288a5db91304a4fc75be85549830ac8f2,1
43f811033113e503b4e107c77591e942f7fc61e79571760274b34f916c47ab2a,0
43f838ec00be811ea1235f531ca647576df67d57a95b2e0b149ae8078d652cdf,0
4436ae2fc0aded7c5bfa1e62d117a2972f8f0f96fb60c0e69406cffb29e5757c,0
4444c2be86d2137daa81e7804fa48ba4cb20f7e8492e9709c3926fce0a9b5db2,0
445cd98f5d6fc5c23dc6b30bd19523f08a4b3212d389345ccc8f6aa54e6a5d3c,1
4480a0be113ec92719f41db2e1f7d72eadf1506f44cb6b4ac1043953c641dc27,1
4498e271d9c12b6442ecca1495c9b3e5e1b462218d00efc09d01a4f8f1d4cb9f,0
44ea6cb99a653531bb3871b2390625fd68e12d43c6331c276859b8d7ea99b37e,0
45105329d082d039abc6ff27707cfdf293156053b7ecbc50ce0e86c8c2c3f8e5,0
45242a439cadc58ac3f217ea982937af5cf2a3fdb4e02378b0d18dfce5bd3bbb,0
452e15c1ef0d64c0182034f4d6f0309350163f740293eedb84a1ad7ee5cc9cb6,0
455ec5d078913f08f339d93bce72a79dc618659c084bcbb7bcaeaa1a0e75a1b4,1
456f8ae3c1ca60d187cc3d9c785006da58aa5b827092f9307763523db5cf66e3,1
4571d097bb79334cdde6e391b3d14fb5da2dc452d2d7ad0f8998eea51ed1f530,1
45805a3a1cbb81911f1f58f280831e56e81bdad8afad65366fa7bc09327c0fdf,1
45c25e1b673c09a743fb0654e8114ec7ad169437b6d6865a2dad3958900c54bb,1
46537d1be05f2cf1953e98aa78e071a9a166393f8cae5d504e42b91d4c512fe3,1
4680570cf6fb6624700403e7ffbde6d4322c3e6969054effb5ffad2cfff54ab4,1
46809a50e49f115777e267b3929d4bd3466110a119cf77b4128ea178febac3c4,1
46d3b0059203c0315d5413ce09a9ab4e3796880b16bf8fd166b75862c81ef89d,0
46ee6822b73e0352387acf22c3558bc09181a9dab13f4318480850f4497059af,1
46faed12136a7d0f1620b78b5f2569b89a2f9d0703db0e261e340ae0859fdc61,0
471f57ed7a64b7f3d92c1a1177fc4cf87e79ed4e5b3a3599b475f85512834b42,1
473a04a4241c08666fcc5a5382faf7059c7346076c340d974c6cc393a0dc6e59,1
47671306ff764b7ca92065ed339fb6638b01d6a0c94a8e4589891dc2afae680d,0
476c14219875899f04b01f764c418f53ac4433b213f642b0469621f42627db2b,0
47d469f2413d6a72e0484b67452a56ea8c40275268eb71ae25918833c64b92eb,1
47e05df92991531b2bdcc6b184d6d6b5afcffc6593f608b5fdac5e61b773937f,0
47e71f84a228ab4185e68db4b753aecc9b6461df29eb65e43760557e3ec61361,1
4805227cf2d2d920fb642ef3e58af980ae1e5dd3edf1edf6640d37b69e3cae87,1
4875493fb388bf458433b92f1089191a5fe00ca4733ff40f8b36bb4253d8667c,0
48828c35d0f3fffecc292037140af0d5816ae5419c75326ba3abe75ec3888579,1
48853ea864b96d7c6cf4a8129cad24194f5b37e9fad8d1b040755359dc226494,0
48d580dd586d98045e9891d088b83397ffcc54de741a53df3573af6ae3c73101,0
48f7a1f2cf16d0deb15702fe5e98c3d064518e46191d766897d03302be5d7a2a,1
492da72d1f6f86093473aba9e00c1a784b8b220b8b5ce7e1341c0c9dc4ff7fab,0
4953b9f6a977316d3c97f48c7037376b1802b27d2c8fad8ac0856032da4430ae,0
4992e0ef9050c6736435c72c519017e6d67924055a3004ea466b9a6d635dc08c,0
49f96bb2c989a83db6137dd1547263375b468344ab3e3c5155e7eb5c90c43212,0
4a058a0a0ae7e10916b85cffe646526deef2e7560a874b3b9cb90f96dea44f9f,0
4a10615bfd8e348e8044ec69393462aa0e2d3c6fe3449f3ddabe12e976213003,0
4a16187bc9437b651a312a72853067b3d81f878fa0fe07774b4b9469f2a0172e,0
4a177950a1bd432a860871cf06af75189d59c89f9645550bd4d98c9e38e36838,1
4a302355ee4e96db661b2222d52a41c101646cc6f2f862df761d8dc574ead362,0
4a41cb28f3172e383c0741fb31c79a136123a8ffee0fe50d639196d4894ec603,1
4a799876a307496dd5083eb64f82bdce63042ca78406d4e98b8877b0a72084c3,0
4a7c88c65800a97face08bca52f212453e3efd8ed70e19191c00d0ec15e97b13,1
4a90b4efd540746685420b82fdf9e34c1638ad71b39e83064cc653fe4ae1cc64,1
4ab5bc4f19a76d339a3f9d78848a2fdf7f19c3a0df53a9ee5e2e181e1f34672e,1
4af077f4a2ef4cb1fda815608b1db52938d2521dea8917d2ff8fd92da2767fad,0
4aff4f53276d884105d9720aa019d1f5bb9439f12c1074fc5dc6252dfa9a14de,0
4b23a7bbf8171ccd1c46c8b741690c72b69858f5fc37df333f5977352d043c4c,1
4b5c2283d197d6ddfec0a9cf47fb2052c30f6311991aa45ec884f921792db61a,0
4b800e3f0b37724ced7f8fbf5daec857383b4e3b15b1363c1799d003c9f68a82,0
4be6a7a3a3f63b555b5f1c558549c1d7a5b23577a6ff52f8dbcf541921444277,0
4c3fc2ea3a4e56697d38ddfc25f5e60b76759585da82c63a96aea71ab0a53ce4,0
4c4e43a89f140e2dbf280ebcce24bd0a7c2718ebf6aed58b8c6917db85142930,0
4c71c2305192d2cb1231bf0d0a7f7729267600ce56ba1db520097bc12978c150,0
4ca0597e32cd1501e38cb1776d3e5df564633b19e6616ab67c667b68528d0167,0
4cacc42355313b6f8e8f03408dafcc7e4386d9261264cc36ab08a19baade22bf,1
4cb6994fcbcce88671051a8f50ac108c93e810fbdbe8948ad986851d4fa29417,0
4d63280b81b324d57d2fa6a3f9d65db8a9878af8c92991cbbafe380a961a0228,0
4db32d3cc446c76b25e381f7d00268be869e3364b6180d06b2ee7eb702b816a7,0
4df447269e8c5e3692f92bbbecf581f37e75c4f0ef645165100cfdfa08bec282,1
4e0149873567005c75c5b6bf0ab7f6451d936350164fd7870fd194118e3b5e46,0
4e03427a77b3b08635d9182723f1bc5d5a5d6e3cdeab37b061a058fef51448e8,1
4e449a6cab9f3a452432c451691e87558cf31a82cfdf26eaf42e7637f57eec15,1
4e661cb33c2ceadbf8c88df0af93343a9dbe76c91da09e5e26cfc337cf74af14,0
4ea8dc78c5bac680cfbea8a67481447ded6df8ca4b5a62eb23ce747770673891,0
4edfe6132cd21b0227e4f636fb68827a0acab6e8e0c6e5651ff91ec6f5ff6188,0
4f0baebb53f2d68ee1e20175ea0a4d72603235e64c415fb0e00c48dec3b39989,0
4f36c548ccb6fbc202f7bb3d50d10f47bf39cb2a6293b61388ba513e4608a765,1
4f850d5b676fa113f7948cd07c477dc10ad535fc4b9df1cf86b14f14c58dba3f,1
4f9d458190389211b240cf5fb459de76f04949903313f8cafcacc5a4e5d4c652,1
4fbfb64c24207119d17c867efc0bbd7a0bae2075de60abda94f45a43acf75602,0
4fd2a3cdee74a4681a71350536c0332470c1ce5f609525e652428f18b7f10767,1
50779dfcf760baf269f87ca2f49d08b9d983c36af182da331bef7c993fd9044b,0
5081667a28e75e71461565c5046962d361dfd9a021ae5bd54f43cd54b8e30f4d,0
509e6574f8676573038df58e03d5c1b691e570eef1c70daacee7e847b2bb5705,0
5102f148d7baf58db363415dd1ff0c7e3e416ef9c0545541dff9e87512faed4b,0
511489b26facf18fd14752280c4c876ed2bd38bf17a69071a186c7e9fcaa2652,0
511be527bd2d4630255886da99a7f05716310f26f0396ed7cd53e23dbf81278f,1
512ad54ff9d1075bbb081ee666b28905b362868249e6a195fa6f447f19676501,1
514967be445df62b7edee11e0c29afa77a05866a1dbf2c8d16224a3e661a54f3,1
515fee213d58f234a5a99c8ac831699d01421b90d3a1ac305271a23821051edf,0
5161719973b52b866e940c27c87bdb098175ddd2b72375914e71d2e0c46c856e,0
516c1048864441763d4ffb69906caa11406758c1bc8c1db89e8d8b75fa26a96a,1
519808c13e1d36d57c88e64106c4e452edab210cfa38b87cf106b599eb6dcf20,1
51b82caa1eb2f114a42e2aa949437243d3e9c4b6b913d2a54185e094a2eed054,0
5233b6d78d1f8819fe1a77fc27e5569055ae4ffb895c42615c664ed90f8a7373,1
52492717f07cd6db95d1d7ee4597b4480cc7c967a7df2e42563d2e9ab6b8ad8a,0
525ddb3567e7a7dfcc51862db45dd824868dc752af802c4ad8cd16d2130730d1,0
52615b11c38242dddef8ffbdb63453cf778576c8bc515499ef0eca697947154c,1
529d34219d41fa880294d9e9e553771dc55f5101af928fad57b9a835fc0e4c0f,0
52b05b19bfcea286212355f5e9ec49cb3199936c85eba619bfafddca2955b9ec,1
5337eaf4ee51df6266a7a16caa1149e0e70e70e4019c23a660f39ed2d8ae38ae,0
533f0728033efb81afff5ab338bc42733d0f2a5e8f55a8376c179a0066580bd9,1
538669696264ef85881b666ce2550adb1cdfabc50acea74997c3673fb8402e54,0
53cbba35ae5edf94dcf19d23667579891b4730ecbdcc654f1f54b55daaf5ea78,0
53cff85aee41d1df9a562a0ac5a40f87ba1f589b98ac5679b3f067f989c4baf2,1
5434f49526615f83c39dabda0c9a9449cb56eb6d05c645ab439aa858cc20f14b,0
543be216810ef9db63622b6810b7ee5dab423561e66fd34b69011ab108d18e4e,1
544b244d0ee5cd8ea3515bd60bd3e5eb0f22eb501512230a1a3568c42f28a588,1
54aba6b2d603528aec085fa54706dcdf8b040db336315decdce66d93bc75044f,1
54afa7231195b97bd46c45bcb91446cbc37b0e3cbc4236040acc1b85229277d5,1
54d4e4a27cb5d5c6cded3803e4822a193e61bb0670d8383a9141cee97163b7dd,0
54ff3be89f35272e206706ac1b44ff0f2f47a78cd55f403fd1e9adea60b672d6,0
552d0bc7464bf0b83df332620db9a4ff2567beb1913563e7235ec34d8d10dbcf,1
553aaea6c4524a2596fa7c3a82a09c369b6cfa9c1f841e7d917aa49b75b66e17,0
556b41dea6661082f02a7365ec6cc7d2fe9e824fe3ffe4a48e1732c67c4e2c4d,0
5575d6513d6c41acb6467f3493d11726abc1ec2a50c1d72ddf8488dfc9afd145,1
557cad9a4d3287fa47113b82cba24ab2fb743ab97fa2bd332854165573445f13,0
55b2785994e2a2fdd810f9e8ba4f0cbd68813c10b370e47759986f9977220c40,1
561e65aebc6cb35fed63dbb2d1640fd0e06e5536458cc5c2457459855439eeea,0
562954e29c498f71a65df1496ab7374460b07fd16dd49fa1e1f0bcd9bcbed476,1
563600c1ab5b05408cbc467db739010ebba2fbb716531e7cb1182c4c417b364b,1
56671991cec07db7860f0cd4f40ee8c92f3d774e8f1bf88602ab52f66fdb432c,0
56c4883b5e41c338aeb7eccf2c66ab97d47be39c573b43a172ea76d90481b745,0
56d3e700f00b47813b19938c15246723ff806e897a7ce9459e51727e76f60733,0
5712c66450068534ec834454561217c43145e6d555c877a43f6af3fe5f04b143,0
57810ef167fc37ccd0e1dbd43b99994a35fedddf2c7da500ac1fd05f403fcceb,1
5790acc34cc2215ea3099bdcddd10d541ef70ebb40d708ae80234a65b108c719,0
580ba728b28ce7d475cf19bd742166975f2430b2d3b0cf5bb64f449c93db9c0d,0
580e2123789ccd8bf6e671a522fc111a6665a40ac8e3008b0643662226bf5bcf,1
589bb55d504b41ec3dcbfd0279983228ec6e8261c32710a9ceca8c83e209bba8,1
58abfa87c03d750d7ed4edc2d62a75bd93607a6a942ba220c2f04a68b11f182c,0
58dfbc25fa2200a9aaabcb37ff8eb293ff71b9c0473b0a0d7b04608fb3d77d0c,1
5928a111a6d7bfedfae83ff7b247dae34246673bc591bbe595dec71e19d469bb,1
59d68861a14ded82c8866df1ea8b1a929a64732e94baa8b41425a134834610f2,0
5a1e18780b5ac6af663645b3367c2dd11ada0447a88eff059de8553717f04095,0
5a2a542a9b0476202191f39f54842bcb6bca9261cedc119db3050e9f0f705e4f,0
5a518b4f4a7cc76c32ee33aee8455974cbc9385da5d7e3f5742b3d195dc3d21a,1
5a9cdfdcb87e487b868663454372e118bfd05c4a6119339ef58f110002e8a28f,1
5ad7eeb4f7d54d62a1cba0d38d3dd4d180d0d9fd76482af5dcc6df8d611e910e,0
5ad971b72caa3a44fc8c8a080326e6eb3f4ee1a243df6e90bd88b78ab91ad27c,1
5b564e2363eb45834cbfbdef100d6a877b8005ef83bbdab4bb257f2d0b30d8d5,0
5b7c02db7bf65a24a26b32b8a2cf7de70e40c11987631c0bed1e1b665a6e895f,1
5bdaeb6678e89ec926f2340f7c8630868279d11c58f59a64517165fe683e354a,1
5bf9b3b7fec4f5845077e1de58d9b37a7a13eb4b911eb7dd2d59d94e6f9042fe,0
5c33ee258117b2b5d4366e512fe4dd7f7864d69614fe7cab7640ec5de1506d12,1
5c3576fa20ed48b8854b5ce7201ca76f13dc62c06c9e4e1e9949b7362219614d,0
5c5c8af2c71906709ccb5595c89496a7d7c1034bea9cc685c8dfe19ada642d5e,0
5c817859285b5b4dc28c1f38c599ff7b582c506368d18e089ba0a9d43ad85fe0,0
5c83faa027b0b67aa5d6a87e82b2343212c5af0b4c0cd11f1efe1aa000fa7794,0
5ca919ad667fc31732d4be2b7e9caf9db0b440f505510495f77e8b592fdfe0cb,0
5ca968cee5414be2aa16753a4f852282991b6c5d336f8b89d6ffe2a4d1af2240,1
5ce5b0d2f763c8c22adcd2212cda4c40b9ce74b117b100d38eaa3320dc489e91,0
5d465f50f2c5faa31137a000c54762eee62329a61b9dea38bdcb5eb5ab367993,1
5d792b24b09902d934c09792c15a9056e3cb385b78ce4239452d5d33da393ae4,1
5e0d91d30afb777aca111c4e70936f0cc4dbcea02368bb9834254f29e9bbad4b,1
5e6d3f3b948717845bdbaf6587cd0bd04d179e32075f7e737ed09af1afa70b67,0
5e8f5e6b2a032d91864e0e662649440f74ee580ec0a984667eea54915acbb8f9,0
5eac81f771e355f1ca875efea339bd8d4e805404398a1d461c0ad7d1451649fc,0
5ed4ad677a19b1d42bdb815701872dc4e045b2c2747d6f8f504dff3a944f2331,0
5f1e3068ae73bfb6a9cd98dc1b694418077c205514cead44acd22b3e1e155dac,0
5f21b657776801f94420613bade05eddcbadb3218cb330be2c55874345fb7cd9,1
5f37c56efa57e44730d98a753fa68351997dec390c717d776397ce8e72bd5492,1
5f50cf82a50e1abb5b06e8ee14be8502a2905c3b10b747fc3883408871f93f58,1
5fad7b3f90c6bc467516812560c8f61dba6c60bb61d9e8678c12f79eca3ecdcb,0
5fafedaf279734d912b93c1c1c7229808768b00f109f4ce2e4606f70984c58a5,0
5fcb3f4fef1166212d42861e5f4c8b6606b503c7a3a85cdb0fb06611ab3ac95c,1
5fcf4d770b033f79b96c1c1830cd98ebb2fff3365972d0a466ba54d8e34e4389,1
600d31872ff95162fd34efe56a5e2804c28747ae2e2ce595ad9f126db2df7d59,0
6016c6e94f3b0029604de3f1266fdbc77ca97ffe0ec36366462df9388a9fe5b0,0
6023599b4b27d3ac25f7569585acf3b34e2b84c43e35a7ee7608589dcb1fa87f,0
60481a2b956aae455e9068f1652c46ed69a318fd4b0ac9afe80c93f53a6d93ba,1
604a377f080a6df128a62c4b675690832c22244ceef2ff239b2fdf0b91d43a07,1
606f6a28c92523edeec33290b4b586fd8a418f969e7c92f9337605a8975d6528,0
60937d8c40167c60a738402186ab6177aed8e7a5f17417e1507fc3794054e4e2,0
60b931637d99d5cd16591065a9d6adb9fc90cc0f80735dd6eb8af085cd1ded40,0
60c02d6ce9f4fd42098261364760d942a79de3ca93080ee2c9fcf07395eec707,0
610c0c718b817e8b6486aafec68bd7114588c5be3c87ec62cae6053f606e4a82,0
61271986dd1b3ff6307153ac2e5b417150a28c2dceab9a70faa48791f88ad460,1
6155a6ccfc3b7566ef4917051a0fc8763b3e350d94c869a26a1fc59a69b3a8fd,1
6156ed7e30c70c9d501519739c349237a5d707d4ce66d500e94d6f3262755779,1
61a768039ca96cd658070d138c58a72be1a3eb17c487786a4259ff5b4c52747e,0
6201c92c6c6c1022176b2d19070f7f554a5f093424f0d8d18c4ef06f47474ae1,0
620713bd25ca926dc5cf030d717458dedf92c6c206a8eb79ee4786a553bdc70f,1
620eaa6478b7bd7dabd3a9d8cf6f515642baa46f9ec6665eca3a9a92617ce653,0
6220d36a4d9dba32b4f6245f4b5097abf8c1a71f8f0e334cc1a8dffbca4868f4,1
623c227e2ea8d486d07c7291ca5591558dd44d072ef9799f9c31f33459081e4a,0
624157fbd5de2d4ed55d3254341cf71e1a1fdea7ebb792bb9fe8e5f930b30996,0
625e77cc0a05a34a8b18c0b8ee3971b1cfc27286d914a3bb5ffa277b4eb83705,1
6262a189fbe387e2af8520013cb0fe5fabb73f9b1b207b779eba911632e6b8e0,0
62d0eecaf963e48c62208e69ddb6ae922cbe21829aa5efc9c22a9cd4a187d4e4,1
62f1407d3dea2ba25190e9547c0459d6f8561bb3e22bba09580df452d71393ea,1
6320cce3410489f6805678391957aaff1266dd25687b32b3b0aeb5b513756a6e,1
6340a6827fd20bff68aded2bbaa44f1063c7d8a0a92bb260a2deee6a07575c5b,0
63af7ced05fcc5d14b9164862d0d4d8d5c2ad45c8496f15d2dc850706e1566aa,0
640066c30d3958199e46e76fe604ad6fc98a1064ae146a06e08ef7aeb6e16b15,1
64031594fea99c7b0ecd23fc30015e238f3e804e782c39841b60fe701f3bb7a5,1
642d5c431802534bd65407f7a944b4582a8f1f52938105b09a64a589e6598570,0
6433da1fac4ece9cfb5dcc339d2743772d9f11e5fa936040be67bbaea4ba9aa9,1
644b8f3241818d2cd04df80d3ed757617ad46fb4df66dee5124c070c894b1bdd,1
6484a5a6592adfdb8d82d7ccc1bfe8593951b2034751edee209c570608c8d5d4,1
64c5ef739f12e8a5a15dc244446ad3c9fb038b4626ca0fb6305730d7b80c4c3b,0
64f384269cef55aea5c9fa4abd6d39b3add7d3ab7e836e3231a73821a5c05f51,1
65184b421deb021a160e2becd5b9d67ba451bc4e5bec240b0f160daf9b9b8e89,0
65311406d8909e370702a35ccdb561e32163ac04bb192bc0e7b8d88d42a9014f,0
6555acdde8a7bcc44c598e28f23d3633934346132ebd1c84a3f4029770e46952,1
658cb25fc66eefdeee7c4804964e397bc11efd101fb15b34b28572fee2d0a7a5,0
658f65ec0fba1b3aa9fa3b0a02fe25c4aa4854e4558ece96123fd749ef11e03c,0
65ce25a4d4a0f599f3707b23c1c2020c73b0b96cfa8e79086d194aa77e297b1f,1
65d4b94bbf8abe20dc0766521606f6fc5db66ba467df5274417af471592f0e52,0
65eba4278f8a3fb2c3a20b8f18381e00c749eb3429a234965e506c51ea466065,0
66019aea1712011402cc29477decba18b505300ff4886efbc7a7ea93e6def431,0
66a25f1185263cb70f35f4de97f433001ebde28297cd57c46b8f464692c4b7e8,0
66a9689d455b239412b969a8c62d8374cd1bbceae97661e975719a1184005338,0
66c2e3ad441d68aae30002b0b0272a408e779ae4ab9041136b2520b0646383ba,0
66e4d83f420e672e4f83366877a5104b026a8e03d569a53e1a255aef94134003,0
6718cecb3051b1aa188d94074e384969c7c2ea61091ccbdc0ba5b14f92a15aee,1
671be50382fba306aa10dab67c0e1f6158a57502a6477f83151136f3de410a65,1
678f20b60cace888a44774d5e2e99aa5ec4fb5f49af2adb7cabb4756cf378566,0
679a91c9d12ff1a228fbed3a9d4d915f4696bef61f480f9e59cd7b9609e0cb50,1
679ca3719c44577c05c1508ae196033879f8514f7bf2bc967087826aace4cca7,1
6817730b66c548d80d88b205094daa3e47c8570ffafeb93be04da540eae4a210,0
6854e9ac278afac16d06ebcb130c1ea62327fb25af1009bfd3a22f8a794ec386,0
68801f6ee8f2c2fff324ba49ae91420927a006cb2ea6de0ba109f7563f9ec0cd,1
689c205f59237abfa4c4a53d0b89b6992b86200307c7f3c721d205484942ac16,1
68b4a2890ae2dfb62e493816f7aa4df853733404bfc1d6f8e3d17834b48e7a41,0
68f1ce163241145eab0ab8a4e99331a855bec4cc3981b1175e3c9ffdc6c855ea,0
68ff6ac71af482a59eefb9a200d2d839212e16e619c832c8d5e19262e48711cb,1
6922640069794db549f9645715106f7a21456daaece9626fd0d374a3fb42c3e3,1
697275768ce09c2c4f4d5a0c4eda8c07a037db4195422d0d612d482ad313c75c,0
69a378f4ef27517a27aaa7f6385bd12902dee772d29b6a07503c1e74c481d004,0
6a12e91111077bc3314a63348c8f14e8b42f38d48d5b830e0397c9ae436d4b68,0
6a183f3124f75ec5e178fb37802ae9826017bd98465014ee9806b4e6559db78e,0
6a1bf418f7052a09d9a38b2b3f658c50cc4ece3f21cb8d8d666af529c070689b,0
6a23f7ba2cdae6f750e24d19d6b56e25701c997920fa83eebcca13e126cf006d,0
6a25a97e7e679fede4f13dec77a32472c4e0c8430c14c5b0f109a02770d9b2c8,0
6a2eaf56ccdc19b5da0a14a6cf692eee97eb5556efa581dc3b9e32f8ee230ef0,0
6a620cb5fe6990dba7a3e53f473b3895374eb0f29d539cf0fc52e3ae5fbcb4b2,0
6a6497f777ccc7f68904caf8a6596dc8426de072f225b81335233c8135f617c0,0
6a6dafe6892a223b7a2a40643c0039458b90cda922c275b47f02ada3967b9ef4,0
6a987bb817a7c5db87fd73696924d75d7bc5597158718408682e25f74630aee8,0
6a9f5bbfb3229df9421009508244c98c0398ba3e118583a54bf9997af929b720,0
6add1ef77de31059e9b2ecd56b27b417501717f6a3877a05dc0913d651d5d60d,0
6b3ba7dd10143f386fd095595c7c6cbf323fa92ac18edeb06d69919919ec1aa0,1
6b3db089d4660c99201c42169625b715aeaeb006b1626d8dd22ccf356cc324c8,0
6b68263f185cfa6559f29a715cda9171a49ba044b98c106f94785395f38949c0,0
6b96a501b15c4f6f28d118d1ff7dfcce54587c9f60b0170fdca3b29039f0ae1e,1
6bab9b9396b63f76d0f9150c1974cc371e001e25d89a9207e7057ff523bae0d0,0
6bbdfb94d79a96b4c403bf5e37078a40f19cbce8c331c759453769e58e7a60bc,1
6be368f3d6e2953e2bba088ee0547772139c85268951af33e57147857fc1193c,1
6c04dc6f1e62907af8da31918abf3d3b1bf93952af4ed2f37ca1c613c05c6ed2,0
6c10c5d704164d5842c7616bf1c88b56f3ebca4e1d44459b967c86bc109f05cd,1
6c58c95f1b03e9f083c9ea7d4ae292ad085e5782f5263ee0b97f76118d046003,0
6c5d613529923867e6f6a2d7678f2a8f5b4a47f72ceadc4a7523449355f8b22a,1
6d0861760d6a95726ecaff34689da11b28284c621d273e97821b9acda2fd91b8,0
6d37167211152feaa0dc1ca09be9994ea15fcd376ea5b331731f123213f5810c,0
6d8a94890f965d806bb1f52fcc81e37e217d1922daa67ba8c4c6e8291eec94ba,0
6d8df77458dd7e18019b1100bf340fbb81abff9756e9ac86ed8cf28cdc135295,0
6d8f2678bfed250a96556e14699e48589434d02390bd9f13928148d6a406a5a0,0
6d9eaa4970ed295a96651bcb984126d72ca054d102de7dda36c516f6d7908404,0
6dab01f4d581f8db82493c69066c49439a34a31c4959a2bb116570952786792e,1
6dd022a7ff9d46444420fac2f6fb739789ad02d84b90360005b3c0b2491a601d,0
6ddeac2e3ff3ee13b9ed4c31dd711f4dccec49311bd1a439e5c610a335a7a91c,1
6dfda0ea91c77713b6afcd54606cdbb873aabc645edec25041f0ed481a63a4f3,1
6e155bcfc8a26ff9ebe0e227c5cf67e2cc95e2bb3a3095e4120294bf8a2785a0,1
6e5af7b7a827c08afd51966ddf4341d351d640c0f0d04d2275aeaec1b54d6537,0
6e5f44236d9f0bbac75462e35f8065a4caa272749f88409e1b92324e15d351f1,1
6e8547760c9b46c8e0c8883c42b12fc5ef41e448b65629d9eb690abdb7dabf21,0
6e952764efb643ae6b1a60406318787c92b583de2daa4439f04f79ab4607180f,0
6ebee71ef18aa8fe0de840b41d05b2c3130fe4752a9ba04bb0676a1e42ef3e74,0
6ec297ab5c88379cccb53f45ee63b9247830d4d6123341c4ef57d9cde8da1bce,0
6ec33540f8bf9f31466bb35c319a6827bdd9f08fcab83a789e97fd04879e9897,1
6ec6bb9ebecb969ec635b69d467ba186e5f9f166c465469268f8dcde63c373b9,1
6f490a846dd9386b010c83a6ea5b3a43552cde5748ebc9d5a25f8261d948422b,1
6f54f26e78feb4fa892a62161514b58c1446e0ceac0f16f074326382c9504cf3,1
6f7eaabec4f67617b83bb2bdb7e437a4d4520b45e143cd4fe666f178e9ffc56a,1
6fb0901542302af920d672ddfee8531fbf1183658cc611561733d605596d65ad,1
7011bdf6086aa8edf1402a77bbd770377ee33fc08554a54a34cac0e574af124f,0
7027864015fd555a79270dea9d3ceff3fc8b6707cbaf70d82adebfbd444bc498,1
703ed44a600b35e5d15534f3a4f69c2a1c738564bbe93397e8a9dbdfd3f9e82a,0
7048337dce7edb9dc1a962c8fed49eb831bbb0428b333bb47b6ae02825c34a3c,1
7052373cf64111ef97465e56976cc2cf16564a5a74c557a3d8ed1c206d6b2346,1
7077c2da4569c08cce3e62bb8ff50e352fe80c70e2a83812be474eb179d1d1be,1
708f56458f8cbc8715144dfe7d8d185e177e4f9109b263e1183d870175ccf7b1,0
70bc4d927672e334e396c5818b95c692cb9604b708cdedbc40232e723a206f6f,1
70c394e2a860f9ffe43c4294bcafc59e82e19effa646bf61d750c5ade1a1de43,0
710545e05c3a4fe71bced6d3666a1a6ec40995a9f913ae4481a0eb2cedc2ef4a,1
71d38f06f26059bd5550a9d0d001f959dcb428984e543f04d8faa25970a5f865,0
71e92dc8443a259828ae3f77f24a8d0123c24053bd25925a9a215c8352150c39,1
726ec0f8e5b8352d3469880f3988b6cb434841055b3a1e3dc4e9038c82d96286,1
72923ed22b29359c46568bb12ab20af514b66549cd3031b3f37e5a0390c8e728,1
7298332defb3c0436d41b36cea6d27f3a76456388c5ae614a285e93ead65c88e,0
72a03d469d185f1643cd9e87c7d5b2a7ff412251bb6664432e8db38bbdd844a3,0
72dcd9d686c6e9c6acd4f55e2a659a7b7ebb1607bc5c33b0f07f8dfcb639efde,0
72e43bd0421d7df4fe8311ed85a34210dfd3b31ad2e7d9e8dd03cd8701ff7915,0
73054385e4c4ae72f74b4c00ac2b1ee771182301376f597190e78a043876a770,0
731a660a8ab95ed88d8d73291bcf74691ed1219ff9ce80219c13b7ec6e8d4866,1
7379e9af7d8953c96d078e2b338fa5d52a5aa8ffc19d0a59544318dbc39aa44c,0
737d81bb3e2e65fe3eda38c01c9bf32dad49383dd3cf298fb02815ce7009b72b,1
73a637791c9852c551808070f4e3ecc0caf87b9b73f587d2be79379f71d180d0,1
74460a4c2eb84936ac4631b3e10e25884475b5e1c3a36bd7c01962d78bb40286,0
747292ebcc4740d525160c59463fd67689e4a5d5661797436d551713db88bbcf,1
74cc6fc2ca7b3d5da08775db2f9a4cf3ff58f570b86f6260153723074c71c9cb,0
74f28f3d0d30bfbe7942f66ebb8c48d1da142509504ff4e38ddc491f822f555c,0
752196d001e789b9f66b8eed56aead97e0a76df9c5530f8aa455dbba9e057970,0
7528ed2f2f0612f0c7e86d437d10db988078d659150a043d85ffcde99273387a,1
7581b1ab61d5c4ae99385c580c8fa4bb1a6d33f1f3b82330d2b8ec0c114dbac8,0
75880f706bb6a83f5f750433f02ff66593a9b760f9b28d8f8dabcb3cce534f60,1
75a046625376297bbd71cbe5cac8a1bdbe5012e6e0b161b7070e28e0f9a8b0e9,0
75a0dd73cf530806474f4104e39b93fcaaca455d025e27a8bae963c5a310b9a3,0
75acba6733c3b1bdc240f3208df062d1258348310296fd3d010122ca1b6bac94,1
75d4ddb1577955a05752370e021468bb780fd02afc2f00fad420b37bb2976af9,0
75e6131edf49a90f61061b817a4b2fe61def1b98280e8ed4d1c91359d5e1ea1f,0
75fafaafa33b2317e20d5efcfb5fe7cc8ebde3ee46185b0d6f11553fcad2b79b,0
764b28967d924a33e0fd57a60e66e8c0b59fb836fafcb926ae726d6430cda455,1
7651a51f5579797be51528c98ab39a6f87ec9f4fb167e1cef0116aea9ba6bda0,1
76b753c60bf2999251a83f0e7d156dceb93194128155a256efdda8086c960caa,1
76e1f87d823f89d594240b107973bb16d4400789e636b4b8f2241aef74357dd8,0
770f1f35e96c14c70890a0d11dd5f85cf4e96547eb39677c75caa5467027ddb3,1
7712ac1562d32876c35eacb0adb57668eea0d0cbf895df7ce055c053cb10f33f,1
771928aedeefa8f440dee0fc462264be8bedc1cfb97a804278c5287a1a353203,1
7771bc04135c2a3d4323089ef9095cf3488826ad3a6fb242ef1d2f1247cd0e1b,1
77738f2a03a14f2b8c31367774c9dbf3307d8b9ce4097ee94374381d8729e126,0
77768f8a6cb21b4a93b028b06b17653e75c51c27e387501d0f3caa18d1b97a06,1
7786041b0f6761d44c4b46ec1a9a9be6f7735ace9ec9c8b27ae0d2c643f72b6e,1
77a5b50d80be2202edca19856200bf581cddb6900814038efc32b498dcf83590,0
7810b209bf3df7a2ab9c92c1d10f53e27068a797236d871982bf9bcff91977b8,1
78765c53a077547d5332a3f1c2f07c7f4903df0f40ff196698a9cf737715da5e,0
7877c9a7eff3bf561614d29bab514ba6bed449bd9d3a477310a3c538bf8630b2,1
788a56c92ceea7010b903950d7e395c8a221a846683d95d1530452ec6356cd66,1
78a85d78a4216e585799042deebac9f4db708e0a8c0b1ab8be4dfea7cb13b76a,0
78ce5743fbfb2fd561bbcbaefe77478446507210a671aafc426bf9854c0d36e1,1
78d28220f11daf55ad06a8139340d51cd06e1db94816c117830fc085a19371a5,0
78d51ea95681c2354aa3f8612e7b216244adcf4195bce0ef33df581d3ef22b13,1
78db141015e70c7bee100be970d7c81a1aa50ca40a363c513f62c8b2f5641187,0
78e7ab00d1b9c883933227db436fe7f7c0983e0e79ef75c51da4466b88484bc1,0
7924ff66c50df7b3de84685bcbfeb3b480a5129ebf189b35329cb92f7b6ae74a,1
794d954e28a575a64d469ce5cddf457652a0f27b39b72d8e63244ba82ab284ca,0
795212878ca772280fd23b9363f6a97e6ebc4eb30ff9a80122c5b04cd41cd807,1
79a151aa8745a3855227b625b215dabfbbf65bf882e135bd5e3b32541f2e79f2,1
79cc3d070b5adba4503ec44ec0bd39ea1f816359220209afcf374c174ba114c5,1
79e3bf26830ea5acb8e0dcaf35d93ff3eacb6ba5916bc059e791572f7a16c03d,1
7a0d81b60f9929db89babd78515512787fdf8abab5b0b3ba2f20f6e4512c4893,0
7a312d06d84fd5e66bcdd2f7a8fccc05bee3aabdfd253f5bf6edf1929ed84c47,1
7a49c6fee770190b621413e547e9b12b85c20ff2d58a6aef3202b2996ce6ba79,1
7a76cee0af28ffffde0fb558c60340a2f41cd91aaef22db670793c3024620e1b,1
7a82d5d60479268025f5917e56619688e5efe1870da3161988e4b74ce0c88492,1
7a8e026214236d3ec8992fbcc5217fed84f4582611030c81cb3d78f534fca73f,1
7a9603c1d1c467b24ee34699a3370e1fc5fad0ef944d4d1bb832ceae4d557121,1
7aba0575a4b4fcce771810afd02e4296d51bdb3606fb6d4cc20a452d0c6211af,1
7b49f6ead6e80e0d28b9ed1b2f4286740d9b02072bacc126b9a8c00d74799502,0
7b4c376d19887c40128e94c7fef8d06a2dbc07e7f52a7614144e3e4a4a0e70b5,1
7b780120b91cc86bec65ca6680edbf609b9619f9e7e8863de7ced3b90d607ecc,1
7b7dc4b61738e5e18aae7ded6900601aaac37d2df3865bb0475eb7e878641522,1
7b9946eefb9cdf4991d672fe8589cf301a803c8d6a9846871065200ccee9431a,1
7baa46ef817687582aa11f751eb343e9c90d83402d92dbccb5412046df355a30,0
7c3e62a05a8f8b1355a296bfab556e544cca4493c997ff86fc334b790cdab890,1
7c41b440a44733703d875d58eb57f8cb1fdd3dc4a510470e91ff9bed2bea73ff,1
7c5a6c1e7665c631db95c1430d9b965191f0095f717aec5aebebdd39dfd05a5a,0
7c5daf810b4d1ca487b21ace42928a6f95226f9c239f3782b589e8337a68aed9,0
7c5ee324681f2248c8eba0fca9a986f2d10eb34972f10eacbefeefa1934c77db,0
7ca8be7cc80d30c107fd8267463346b7c8c937480b10b37d8d9226903e25e3b7,1
7cefeb4b9b225a07bdf421b0281e9595c184a64c9fa2670f5cbafed523acaa32,0
7d03c19b72ce9b2d8e6093d112c2ee7f05479f34d616f5d126f94115747e1f07,1
7d27285d2d689a532040e48746ea78e2a1d7c3d889f23d304cc22dede2eda0f9,1
7d5ea2e1aab6e08601a4a92443950f0ce5aa1b03ed87410dc6fe2bd084a134c5,1
7d673491acf02da7901fa1884d3647fab48f2d76031c5762ef05e1acc1430b8c,1
7d8d166e9c4f3153b75ba87e7c30301abde93a095c5f4c44fc5fa4ef20c264e2,1
7dbf1c7982d68361e058c3db478053103a9563c56700af083d272e9dcae265e3,0
7dc348bdeced93e3fda18ea5d7d0e5b55391f776eedf125919f68d0738210a8f,0
7dd0ce4570949d3de845b08f3c9d1341c26fd76dcbc9a3f8a6ee8d01d83e1907,1
7e12af1d660b83991f1316572fdb82fafa0702e82cf7cae6a3876bd5a2235e9a,0
7e390f76cb6e9563b9078dbe747f6e31c24e23c828ff773e33e6ec7869f988d0,0
7e5d04c3ccd4f59d46d038df78e8d78d183f385f9020dfc92164321f6b94c460,1
7e639e1feee154a7f37197a66061aa7631c619af514462ae4700e284680a6816,1
7e8eedd19c1941d59a861236c2f97545da5105a5055f3eaa079a87da0d26ebd5,0
7eab915b09551d073056843ab0ee495bf1121eaa676bf15f0871662e6f9b1cc9,0
7ed85db1434912d9b446c04dddd0e22c53e7f3d2b603499110c4d84f53f371cd,0
7ef0000d91f8d413e2c7b4f7f6b67a2505782db31f29e7cdc7a6f070e5ff6ac8,0
7f01c671e42c8a80dceb9349a98fe0a2d2dce87280b968e90c37527f780d60c8,0
7f0f78e63e31bccafd853dbde4c8ec7cd40728adb053a739d527d3c46a969226,1
7f4157d396a5129757d3c0ef12e69ea55cb56267afb97a9aca85eede8eaa5aaf,0
7f4887226ba81287df1fd47bc8eca067a6e32d6bd6f3db9e1de7785d42e7cd5e,0
7f4f8527efd2dd77e9895096926b0e6e1f90990f38ad128143a2e54009f1574d,1
7ff7c04b4e4d01fa8b33389ea42664f00aadfd6088ea4efede43945f28718d2b,1
801a256be7965e0977185ae3b501e1b46c09d8bf64a5d681b19e7c946ca76154,0
8029d4c1fe7650d2f42902254a60a91a203b1697634a2c7e0f0a7a6483fa1513,0
8050ada319eb63696c9d46562e6f476bd319d0058b1fdffc6d0ad88a7c52ec29,0
809064a5003f2d11bd8f2e057409d6d16937d535d67030d91cb3cc806edce8b8,0
80a27ca116f442ebcbd194143fe3f39e8656be8b81b9e78e50686919a0063cc5,1
80a9f0ac48b8f940996e7c75fde6c55772a807ec067534d61f9d6be4d8b0998b,0
80ac1ee03710c159834ea18013d045a6e5c9dbe652c693c31f1c0fb9be5bd193,1
80c3fe0ead5dabfb1cf1f936e14c28650c9d89b74a02498e615763b0d4a36e61,1
80cbdbff068a4ff7c256817146edf96efa21cf6fa28b39f1030c636347f888a1,1
80e77113f87e2b9374384064bbd862fd5a78edf8d94f11e023136ccbf1d66050,0
80fc11f76045a962e8270c0a51ed21b5dc46df236a33c875b35e105a17b8c19e,1
8127698a1c0bc2ae62985d6252f6ef768b97c4bdb766a77b7d147808d761e045,0
8189618931b2ee72f438e636ed5b9f2f0371c6f0997cc13da95f50d8488f22e2,1
8197cbc2dabd6e110b3c76ef24d7fef269794cf1893e51e78b0185a19cdcd862,1
81b30c31b913266afca63bed829d7e396ee458e0cacd46b056b0117a1d6beb09,1
81c1d107e739c24a54533702540e20506ecd6d4e6e648b221ff920882b9bc5bb,0
81f3b5a8d949f1f93acbf1c590319c52bca3b0f03aed9414250ec265efafb160,1
8249fb75df6f95aa7e37908ae26a2f6041317f626418d63ea3f2a1db661588d3,1
826d84e043114ab56a9994ded65bb30d87661b735569d73fbc44fbac246ca571,0
826db210cff70ac0f9564b36822ab129866337b760a574f0dad4b98fb7b49bf7,0
8280c127df80136536c565d173b9db54e7a099410606d8b359f1563e02415c0c,1
82a7291202dc2d8d33b84d4296412ae2624942f665f60a8ad7ca8599bb6e6044,0
83575d372f15dc165711da47f53c14613274da5cdb00ac5947758a969dedda1c,0
835daeb354903bc1182a4acec1ec8aea058808d813e9cd1ad9ea397fe119901e,0
837689ea3e152e0c54989a1dbbe3052af2da0ffe6f41e759a193063c7952627b,1
83b9ddfa58db34a128c8708117d7d50b6c2f86cc4f9e01844d12ad68cb5588b5,1
83ed397ea4a5b9b85b8eced03e5589ddb376e04efc769c006d8cf32a61621ea5,0
8422daa3953ee5cefc4c37877b3e0742d986193a2b004e5c0104830ab345c40d,1
84426e06e48c20a69666b9d2cd74f722ddfc8dee11e55cc93750e819454e4b5b,0
8445d732e8589c4a6d2996c46e626345fc7df31d30947b10f9a678db6987df53,0
844c5145f8e5151e589f97bd4fa1378daa91dc9428c7cb4b8aa8e17c9c70f38d,0
8470f0f357c266fe8857910ddf9cbe86bec01c00df771455eb1d01071d9dacf1,0
848262effefa6a3ca9092a7ec39819ee64b3911e02c4c5327a9c0586a366596a,0
848475527a3371bdc33ba3e3dbfcda971e42e717f7cdad0e62c071261d536738,0
848fcebb507a0d648482ccb443823dce15ba5aaeddd7597daf63826f4aa25e0e,1
84d1b8158d26c07af7a8d010a00047f0b496693a30be57af8e3c897922960d84,1
84f849b53f76f18df6a0af85f2a1092c586be3d1fd53e0ffaa2cf380b4916708,0
8525d0877adcf8afc5998b43cd5d4fe117f310264d5802bd2474d96f04d4cad4,1
85457fd8a9e39aaef3d0510f2166f2b9689df8955fabf34924485f6654be1864,0
8565c3c30c97f7c850b7540d1751e43685181989bfabe5c42d3a0b00658d90bf,0
8581e960fab035b320829e933fd2ba69ccfa7ad2e9c9355e9ce27ad928585d7e,1
85d8b3f777502696091a807a923932569380681f8fb160969a914c298ee3aa09,0
8602bac2fecb4a6b9aa075f1dd460ed027a0a1010fe7a50557ca1f2abda01267,1
863779c969c055eee32e7ac994b4492b184437102cb382f84561302e25e815f8,0
864b9cb3f964226db29aa0a2762704083d6e440b9be319a71c99062002f95f1b,1
868ef78cb99652504d3e5dffbe5a658f2f8afadfc0ec378518133a31674a4994,0
86b70289fae1968ec9278e11e7ed60265c20d69e05d3382a474a8fd6f33d1802,1
86be1e47a74264ddaf58491093dad903c62add9fd671e988d9277b97d0eb9f3b,0
86edf48b161d256ea6c7575626c5068ae3d82118cac599383de120d5c1e9692a,0
8735dbaadb9337cf94777f0b418aabf70980f1590fdad88c45ac1bb7daf4e4a5,0
873d9c34de49e5a123544e57719bf96205a181e64d2ad8ba24a4ad8358a25c76,0
874428993cb7020249011916d72a486ffd4fb44c030066f5dafa05a3e19bba1b,0
878e409eaf062b01bc3b632015a3007aabfc21bfbb678010f1228f9269fcb855,0
8822baf061950cf5d5a15f72f6aa549992477477839b46190ac19ba3adbd3085,1
8850584e7f8927454a7c8bbd861086331f812b63f0a1598693334b81826d9b18,0
8884eb51f538e4e74eb8bb32b22fa1645540121ad79df5002a5164f90a1ce9f1,0
88a2fae06b8d348ed7514737d2b7d1ca4d9e08bbc02d8f13a5fd8a11948e9346,1
88a48536715250a8bcbd37acd1019bdf46b1b88537ca9cb13c086f85a67094f6,0
88ab835e19591fad9b93c3f8ee04f463897e8b3f093416aee3c3954881e62837,1
88da0dbec739ab234b3daab9c05e98d6ab05cb882e9e152718acfe4f08dca13f,0
88dafac6f020c338d5d4e56b745ed5a6957c9866c7f7aaf7f3c5097c148971e4,1
890ee2d393182cf9bfe7310d6a7a12b02e3d3c1bc223f38ec3729d72b476204b,0
89192db87b0291194af9a72a8cb1a50e43b30f82390149e6da6901162f70563d,1
8936b83f10f769fbab5560e5044317e3b443389c11074630834f58785149adf9,0
894ec2be40c16b07ca694e85afb8d5a1d48e3f317735e40c29106768bd1650e0,0
897b09386f813db0ef93dd80c60f58d07c4655e66920f5ba061e16ca2f3d63f9,0
89aa434c976b80a232112444ed095094baa1dab02b1ec0f3047d787c30975ad3,1
89c43b4f9db6853acd128886da630a168cd66073dd1571125b886e772d7c5444,1
8a0467f35ab9ed1f8d937038f5c0e3503dd946f172896e8aff298e44b860e3e5,0
8a0bbf708f05f53f0dfc8ca28a3ceef7075c780bc2484059991702b9066ebe25,0
8a0f63e4e0a7bda1983755ba79904f5c18712ffd96868516da2abebdc6eb6d71,0
8a53fb382150ef38f8465d9aac9fc79f624a0eed495e92031e10cb6e5cc24d7a,0
8a5c3249ef70b2a5fcfe30d8f5779e6a24ffa712ea91a93e40f9a75a7e0fa742,1
8a5e95965b79963fb1aa7be8043518d77f370b0eaf9b563bad6c068a54e9de0b,0
8abc3b19ab29942ac54b4f15f77353ea65de27334c6985f6204c81fffc0cf9ac,1
8ac220438532e81f3b04a0103ef26d346516bfec2b0e6be82702feaaa30a68be,0
8af40e6239590c9a2d512ae6e503dbe18ae3d2985f1eeeb29e065ff7cd5e67cf,0
8af4c47a8ae611d476c563a53dac016efad7ff3044a02e240369c3caf8ea69f4,1
8b3489149c57757a617167856bc4e611d230382d79658b6d7d66b6fceb5f1e54,1
8b40e3a985825b8349b9c0bf12ab85e06ed518b46f2ade57500618bea3d4cd51,0
8b4f18f58735a3123f595851c8cca251d91cb99060fba258f1bbef62db187e7a,1
8b6a013b869e76c6d31c4814584aa72bb917996c21550627d235f652ee4d554b,1
8b6fc27d9b5f669b38625859074f42e7c4756d313cd25e9b7eaf7a9c427894ac,0
8b9a8c728e21ebe7db9780489f4478f925bb6224747a44f3eb940cd676f2b25b,1
8bb380d2e66210ca9bcdc7a6e4643e96672ea63a7c091da92a0e591294f9403b,1
8bdb5c73e25e010e036ffa855bd4ea4eb149a851b6b9a78fa9c47fc6ecea1c22,1
8be4e9cc93fb5342565db35c2e0763d54593bcdc35aec6f42ef233b0beaf9731,0
8bfaafa0ce586a867b42c718b18eab03cef58580ae242e1718c2aa7c695036b9,0
8c09a6f66fd0514c3e38b0aa6870378e97e8dd8f5820fe5108589ddd484813ec,0
8c3c63c16faaadfe990759c3a7ac64754664a0caca1dc51450b910652171302e,0
8c4fbc9125c449cfdfefdd2481d6ef2bc0a5385c6d37257effbd54e289cc87ad,0
8c657dfa72bd9724151703acc9a03badc808136a03947ad98784dc3298ab113b,1
8c74b3d05184e49ab2b63c43e7b27e01f589284214568c1730b5a7f479d7fe77,1
8c7bccd61f9cc2659ab5a5c068eb4d250c6da5f4ec0b4f12f7c6da7145f2e7e0,0
8c8459d75a6e5f7804cebd04afbe62435b75ebc01d638ed0bfd103950c8da32c,0
8c8865ffb3e4b912f8ed725016264407ba9d38d00c0b9505c8e61c5286dbc19f,1
8c888ff5ec145f8b3e38602268bc5436f14cfe019f5a96949ca60b5785ccd198,0
8c9466c88e3b02516f34615bf4a97285acf9f372589db879f6572362709ac32d,1
8ca87aeecef007c8c4163d48ad56c56711cd46351734ed517b7d92ee0020bf37,1
8cf8e912c1c50d78dc1ecfd55b06330a2f660eb8516a26b59e1423114246711b,0
8d4f6bc8db460a2eb24904fc290408b14f2265a52e1986b2149c1501d1357f5f,1
8d65b6e2764a370e8015188dc6b2b7ab9d746af9a1f8e896efbcd4e426b8727f,0
8d960bcb3a34d0512eea213444cf1400c76784ef4e463a135347d8fb277c8456,1
8e1458a0dd0f2c9ec62b2b0f63241c41656cca464176f803c2081ce1a5f35caf,1
8e4e4d2f7d56e0e1e56fd88317f342aec961c68132ee9e9592b6e3bd58a97978,0
8e5164087a581768ff8d8bde46445f28762204d2ad5b05691c5da1ae6f6e24a7,0
8e5865119542974b83cfdc664b016a408c488e7779d43182f1fe63879af63474,1
8e69a766c644b81f4b37a2285bc73fcbb15ff550cdb4159a0fd420549c281e89,1
8e71fcf80b58dcf8406d903ddb4c14249691b6760f0c117e6924c241e50f8ac2,0
8e9ada512b063105c91d3f06a206ee66571831e3c5a7abbd80f3e78376f53774,1
8e9f1aa93ae1f2f38facb78e014d95bcaef14cc4fa0a2ce0d2b977865c07cd88,0
8ed32cba9168836b0e3170fb65264361fcd55f015cecc11a567f12ee12cf4685,0
8ed680be2c6b7d0d2c53e422f2e02cd055fc75f2655c20d7e848587eeb5f17c8,0
8f0a46be002a5c09db3b8402bd7d45611c04717e85a6267ea647c086c84a6a53,0
8f333f428aba04120ff21d88730167e1bd3bcad06267970159ad5fa1b232968d,0
8f45f24fd4501e841fa263d1cd35a854da044ac4952dabd13a08908f2abfb925,1
8f4f63f5c2971fc240dcf34773ef595d76247c36e6f99f1124d614cdfbc68c25,1
8f564f20dcef9f4254facb0786f50fcdf7c7c853455756a21c6fa4239d4f0ca0,0
8f63f66c7a7a2a97b78d9f591bcb26de2551c73d1ac69d29d1911d8655a4ef97,1
8f6d02a7748fc3f8ab472a882332121e96985fef574de2a31d5e9d0c44b64902,1
8f8093d4c5fd6565bcac5e524ce4bace2abc695759be4dec3660596d8c13bd0f,1
8fa6b1d3b28972f943792eba4dc8f22ead4c8a030908ae45ff3b90a57e8f5876,0
90432318a9d6ff1be7568222162ba52a0ad6b0b1216ee5e7984a8789d6c35bb2,0
904c9f730df58f2ede78e5a3ab9c18884026a3f2ef8e950ca681b7f30f0394cd,1
90586f43b986f50265cff52f21b84c12141d1d2b0be7390a8b7a4bc17cb0978d,1
90bcc3ead29bb433940b2aad58aaf6da6bbcfc69c535510366880da3291d4ba6,0
90ea7e18f2028a59aa4076dafe19d010ae6236586b06086e9e224d20d7f91f05,1
90f35f96ee6b038d63386b23626966a848f140827fcb34993752b74ac80fb097,1
90f928d29dbe646452016793544e63cfba37830fd83b98aa91196b0fcbaa8922,0
9103bd53a06cae4b1cf785de38f4bde92ae2c16d9534f487598bd12b4531acc1,0
913ab85dc5615f1cc88dac75658f6108dcea5a451e5e44659f5a334efb212244,0
914e0effe90d1ce51919ca8ea5153bc592a265d4052ac8392aa0f001c1e84e5e,0
9172d02990e89f06b786bb61e5f1207047e7155851c8e00051e94b7b3c2a5dad,0
919a4f46170798b89e859a6bcea3db37778a9a009e2cdc90134618a79ede3f17,1
91e14aef6046985b64976eb295ef27fd28dd031a301ed97a2499f46d29b214fa,0
91e566403093fa63f0cf5522dc6045627539919d6bd21b7a10e03015bd84c301,1
91edcb90813ee77b166c8db6753a0e7f3fd209920939b64de923d791349df52f,1
920623b4e902408796f15f00c3f7197b4b9a66f7c598628b3fba0ccbeaf4fe32,0
9224db36a7618c23bb67bd5e5ac8109f5453894c0461efc0918384a3dcc61876,1
922762f257cc8cd5c9e957a947d631efa9aa8258ff07bc4721bc982bbcfc617d,1
922aea8b5d5ab21922166ed1311f869009a0e235a0bb9792a4caa9ab6edc8c8f,1
924c7ea3b7f6577f7926352f090da47ef34fa3083aa2e88c14a23a109272285e,0
92ace3a3f9d65f5d2a4bf86ea710b327e69635a92140cac6e4af3e46fc484e6f,0
92d6242ce4c140b5611b43c4d686b09d92b2e9f396933e59a18de096a0650bf8,1
92ebff6b6f39ebb4b1f4643154c3d684b3af024a414300b96c4563ff87479f93,1
92ec4e8c14594ca867e62e6b54f4fbc61c23ba098d206ce1cc103f9d9deba883,0
92fb4874738b4defdd5c9d712ef76bfdb903e9cc06dea77574205bd79d94ffed,0
938bf759d7d26da84f5feae0f72f496db4287415e21d3a55faa64af74d3c11c3,0
939fb17cc01270a1d3eaab8632ae7dfdd6cb1af50166b52a1e99d47ccc700508,0
93acd8d31a536619d42332b8c6e60ac499503a6d62b2f41a3ad3c1db40d954e3,1
942b113feb80912edfa03198dca5e1770cc884fd80b98982c073ea6548cfd6ed,0
942c5556e270f4348f49363dc4dedbb09c26f3ef62a67ae17411c1cca0199a74,1
943c9adf946b9886f7c8d1a9ec433a06be5ae09e00780a36d2cbf1cfa3597588,0
947bce0dd0f9124b17ed8d777552fe50afa79ad6e887e04fd05cfe4756c68889,0
9499e61bde2edcac5dd4c54d4f4f25f7e8c76aba3eff435652511e3c89fe3e40,1
949b0aa41f1a03b384beaa89e420079c79fae6c0439c1c60530b71351b4ee1e6,1
94c3b78119fb849b56d60d951148d8c96a68ecf73a0bfff481bad6d801e63101,1
95071359cc38dc0a4a067b3b8e28890993b855aab257b07a8cdfd0a2280960d2,0
951f14e592d4e3007fd0f623029cdaeb89d5e5aa7c48c3ae0bdd1124fa89e0fc,0
952f8c83cf1f491334354104255cdacfed5cfa72b51d415ad169a50776b0f0ff,0
9543f5cef8a972ecea019c65760bac504077a36a1080c8d7cc7e05eafd8b0428,0
958a66e5112d67b525c635756e67ef56cce5d04aa224138179c45ece54df7214,0
95af895f5b4ea5ecb5960d90f28e77b3504bf583341ca4678a5cf52884be2d14,1
95b84e7b1521411652decfbb9f26999e9a6654a35036a3de51007886a2e43e21,1
95e71d94801f691141201cc26e60bed7090db33f41416df4464a8c516215dbce,1
96155abc4c84f2dde6716605e5cdf780a464206a2dd7d28deafcd79440a1ba2d,1
9618853ce6b9afc8905aac4b75177080d819016bf4ae2f8d72d1e3d98e10d52d,0
9629810ec3e0a9080cc2a832ccd154132bb20415292e4baf4a42de62f760888c,1
964c42d1479ca8776363193f5e6eaed25fe3bf00b4d3479986d9f77e25ee0336,0
96563e2941d168ffe8ca97ef8755c37b5a570bb02cdfafc4fd58068f160fca76,1
966aa4805de22503ddba117278e2fe8ad4c9d83549399be9fecbed12533a8d61,1
9675e2940f47a3e5ee4e2edbcd8f05c51d6c11aade76a64312c0aa52ce59a084,0
969b6c575d565feaad9843d3994abb2c5f8b3c8545e3cdc91a243af0d902c488,1
96e8cde50ce9fb03363bad4c24705a23f42a82b7d391ef2a7fbd4cd358469538,0
96e95c66ba4623838cd60032880b2b1d719cb389b1b16dd207ae1c27fae05890,0
96fb25bbf3a816579d811079192c04b9b116be3625cfb81f8bee878e1099adbd,1
970885597d826171e0b8a21c0cf869a84c58496f973bba43e0f59e6aea38fb3a,0
973bfdccaba80c98af8ca83b16efca4890d76641a0ae6e119c4752e9684358ca,1
976d7ffd1ae8c5f9aa58b43f5fabb48c0c082c082ba0b4303bbf4354129137f7,0
9785724d70fced9c65f91f61fa46378c11f9309945dd0dfe38a3c4d74840bb41,1
9786fd20a2aad6ccc6b43bbc785439e8209a527cb95add1b0de5924e04a7b63b,1
97f18b8e6e39821f256d045de6066db28dafe7308473d2e3b7374c3d6695cfeb,0
98226a331d3d658478830e66353ac562722b89de5cfe19dcbb9f0e0838f22844,0
98913971a05c3d1056469b6c06293be1d4103ecae8a69ab63ae855ee89c33de5,0
98abacf13dc1d1d99ad39fa787e5bb25e1b26de8d0e4484dea455076cc9a0c67,1
98ad74d4fb8d9d62b2a1bec2ec5f876263088529c2066260ca8acad9aa845d6d,0
98f275ca945431cfa7883bd371c812f0d4002545886fa585a3dfe6b8a0792105,0
990f461c3fdd96eb3a23f5c62014529007033a6822dd0cdc426d44ad73b7099d,0
9919f583a888a8a3bd9eeb50f04739e339388bc20fb0f7d1a0670a9465058cdc,1
99377e5c9733b701c55291e8a05a8453a10b9a5025fc82dacd04120af6bbe80f,1
99746954af9c2258ae9ebd3f06a59217e67bf7b4e6c73254abab20b95c347096,0
99ac4589784d75432bdd932c99d6dac88953ea330307769b38148ab534fbdbdd,0
9a13ce7aa9632ea0542f45a680cba1361f49337d2a181d9e6395d9e3202070ea,1
9a7d51f05d392b1bab60b835628753c46de523a5d5fef24749784fc93077dbaa,0
9a96eeced07f9896d754f63e65a4ad5b48481ca51dfe4156f3fe96aff44997d6,1
9aad780209427267958f747351d07deecbccc7f40b227acfeb3dda2bedb05988,0
9ab11c513247125a405b1f0e549f60d3a7289a5ed56804928f0897b7be98d8ca,0
9aeb638aec1250e0ae27616ebea18e314611b206f5e4dcd8a55a61536e3dd23f,0
9af702e72001d417f610c74840e0b71720e23c96e310e81152afb4268e483f09,0
9b0c6ea5d3911049db19a68c8f10eab5e97d272b76b1a1cfd527fbd94c1e757b,1
9b1bb4d9fb20f6495a9fc257f831df65d9702cfd13b77899257a9377c1f0ed69,0
9b631fe26abec1d9b4584f465d918110c176682b1520dda405e042be50454cef,1
9b64df71ce0ef2285451c8b3e94f40867d9d4c012c49e6e026a70658187e9218,1
9ba4835b0172ce8f899e3932ebd4e65511999a3227282a605b54f927f95e9bea,0
9bbe32418ae5f983305ac49a5b57ad2f81bb93c473a2f4cbe1668b4eb49b0d4d,0
9bc8225cb4239334b789b711747fff88ac084b737efb08d97f90dd80c5bf1c82,0
9bdbc934d95cf0f6f7e338d3779095b865c71f1543acb1a3fbf7cef3faa70442,1
9be05f8b7b55f0dc19724d5855fe070d522a825099dd5ee00c2b16b190a27552,1
9be1bb74d269e94bafea65df47e3d263785589c45a8735a1dc3c444774e7e34b,1
9bea62257bed5997eab8c39127528ad12cb6d609735fede2fd71e03c9800c159,0
9bf426ca13f3985fae77d380c63a94e5c50dd57f16324fccd6110b1bd3ca55b6,1
9c013c7f68db91d4ce88fb2baec594b1f85c6650ee69afe820d59f9780a7a31c,0
9cca3966d726e930ae7a27b5818da32c0ec9ca8b675183beffe1ef797ba93d91,0
9cf4aac3580fae6cd84b34f0c0dde4e3ca6c322c55a29b2420947a1fb84254c9,1
9cf8f9b3fd9fd184b047994ff4a71670aa7f9dbeb165794e718597ebec72c310,0
9d774a40f6cb267832bb65b48e5ea515e6309b1e0a132b085f7592518c4bef0f,1
9d7da2c825957e2c47907bef0c23b7d949644f0dc83376dacefd8e55c605dc3e,1
9dbd247581d694a1523beec2e5f664f7741151c06deb9110349756e0c2f9e5d4,0
9dec3fb27293a701fc38a541d8d8c78f1f0cf8ececbabfc2c61273ca1ec5a8e0,0
9e0c1ce3469b1516e4750b5d97c806611fe3e5c1cc2410bfd808030d541143e5,0
9e5650cdc1c485497b0ea4b15cc7eb08e06b895899e86131eccea4a24d4d1563,1
9f09bacb178bd46b5f7efad040f3d305673fdec54f4e050fa191e68817088246,1
9f4fa988ba3d0caf82cd40b5ff76877fbbc60ab06d52ea05e51e6b823143d37a,1
9f5b18a4114b558dc905f3d04b19104c89e09fd1abd1356684a9b18924ae99ef,0
9f82adc9cacd27ce9f60ce422aaa96f8e316b54f1611e30f022ea19abe73dd70,1
9fab92eccc03433ff88044f15c4064fde301a5d9132e28cb549e9345fd0779a7,1
9fec550c3424ad7552ebcbc713538a88c67a5082e745702d2bda382f7ece2886,1
9fef4350f9bef137c3970902e1846528a94a165bbacffc77890bbf8484ba6c40,0
a03f228a6c9ad5acf475dda85439cc61e1d332cb2e4e97ef6841b793bea14824,0
a0c675c8f5a1eec4beb60d8fefba951b66f305bdcbcfd09d37c010d2d697cb40,1
a105e0abe26293a4403a853a65112a11142c517682c63f8a03b644c08d5e5f96,0
a12e76bb878d8f9e4ed20869fa4801f1025de89c2697426e583922f997c90d0f,1
a148a7e2a30e5265c2ef34df4efd601023c0e76110b6f556ff67430059b5dfdc,1
a18fabab0ce85a3ee423760abdbabb9fae5d1e1c1f083d1951532797a4c1ac47,1
a1c9dd3ca589e8d94c2e0964ec3a50decaf32b9e514d49d7ae1da18afe923d12,1
a231b288aa9262faf68309b5c9e501c41b632b58267b7d16ba0913cc5f9c9bf3,0
a23d46b395994936b088d67870495eb0a94a7dced2476a5edfd73d2cdbf8b07e,1
a2e9d9bbaf527ca55afbd18615afab81f93e2d26fd14fcc945212decab4441aa,1
a2eae46010e62d7d465a5db7e290b26a7bdfec6d18e32b3a537755153b042521,1
a2edc6ea2c356bf872ba50e395af1c955e654cbabc4f4da0b86203e398ddfad7,1
a307582573e48945277114c28c5899112c5d9687a60c6b157a1e3a0151a1314c,0
a316815751ce731c9745930c08c6bee8763418364ace9c2242813ae00bfbe7e9,0
a31ba679be2f7cf791d5fc19356b555791afadf492ce93c6810429c7998f61f9,1
a322227c26bef8efa5ef511559b8ff9a5820ab95514e5ec827c89d448a254f28,1
a346edd78771e3b5db0356096c75dfaa67f9546873c38feb9e990d821bf86ce9,1
a37cae5e3ae68c984c37e4de4c9bd34ea5982a08f536a06c1c511771ca4f198b,1
a380e67d066d467ca34526da22cbe950306bf2a9b7e3c14e0af842c677be1a7f,0
a3d0c3bde5e056cab27961c203c3972028ebc5da34aa2adb5b1a8f3b7e802fae,0
a3ee5e02bd07883ec842daba6de78034a609d0c217301f8e8c10de48ab442b08,0
a45c9ce7dff0a091fcdd14395bc3dbe5674b0291160e453c160e9cd54de6fafc,1
a461861ea5c2171e7e801b8583b33dba2765f1563b95af3aa03c25307a38a689,0
a47d307c353c2d2e41b67a03d12f38c725ac01e4375549c944a4216f61e3f981,0
a4a59e7ce7e331a51624a0fcf548c37f75adcebc4d6eb2ba3d3a0c18a11646c1,0
a4aff73e251b3562c122642c1d2bd3b4708f39999f4448e30d4e53bcf155f117,0
a4e185e011653aef12eaaa8c10d23a5f5dabb28ea7b7cee231afa0941e6dea48,1
a51991c38fe4dd2ba5cb5f780d8a55abda249661150ac62b7c8262342d1a7998,1
a51b12fa71bc6dd4a3e6cf94952029cea6c485875fb60920c6485631268d20ff,1
a5424e4fd6dd96a960907a11d3f67de430a131404f11db7197664e363d8f5345,0
a54c77f6083094f447c28307e398766e8fbe2cbb659174a4ebae1a1a7e905c93,0
a54cf5f33ad3adc5c049230bbc6d0fb136e65642d128d0194a1d399eeabf6b91,1
a5756d3e481c2fb63572a36a244dbddbcc95cc23dcf72d390bf6064fbfd0a23f,0
a5dc9aad5908d36af1d30c81bfb8c7fb77c0455f6aa1ae7348c0f4fcab656508,1
a5f920f7b33527645562386ab21862d83364bec9ecd41b258dc965ded60cd4f3,1
a64f9d404545dab5439e04a07934d004faa75ad0a07f3c276a90bd62a6ca2856,1
a6728dc56770b10535d6af013d31c6a65cad432546b1a5c0add70aaf5da2f35f,0
a6798801716b7238db8c4a84a6c9dbc3dbabdde06092b0a118fb88567ebce6f6,0
a67c5bd442df281d0b56661941a7cf1f28a1ce12496b4889da2efe52e72f5c9f,0
a6eb4a32e22fe0576cd2695db9834cea5ee304337116d34db8d57bfbb3daf40e,0
a6ff61fa133d263314ff9918cb37e55d6cf45a0296b6b17f30770b5026f45682,1
a7018cfead8ebadd76152663278732b1cce5ba561c23096d4e027e935462a91c,1
a7103af4d2a89fc6982cf82c7b84898ee6c4f4b3cf75cccc147b69a106326d87,1
a74da32a7b87b745fe980ce2919c60439fe4eed114909e583366c35e708b4f4c,0
a7896b7c37ee0bcc9f2350e80221ac641b0bb4fbcd3c4a4d266438d287117ea6,0
a7bdcfd7bf9ca510b50dbb6fd5194bdd2378112b10d5609ad624d20c33262534,0
a7e40c856481833271317a3bdb992f7739e783adf72640a7cb81e31ffb34ee61,1
a8389754956917d1a8d5223e034d908c3c74d3732655dafb5f08e4be128d43aa,0
a865b10531712edff56613739e12e8829f009fc730ea1c7f0cfc0a915bfdbd66,1
a873ecd6c01df30c45115acfbe4f752c88df505380f46fd934f59913aa7f21a2,1
a8db96ab9029f3a96b473e3774e6b6dd95ef2d05e986b487d8ba658197695b48,0
a920ec12d1b211bce58f9c745a235d0622257d27d3385fa3ebcd09716b7ffe1d,0
a9405d579639b9197b75c9e5dbc2bbe3257886f26fb79167b6c8bd334980a3d1,1
a94ff1af565da2d3a1df6bc6f410bebecea8758ea54a658c9d314d4ceb18e75f,0
a9821cb45435960903462a6e92effcafceb563ccb0afd06d5a25180ad16f154f,1
a9af120abcf71c25f679ae61671a4b45598aa37fbbbbf9e5eca181c3f27ee788,0
a9cd278cfbc7bf9e0cd0d4060dc05761ff1ab6ff4621701d57e55f0eb2311e67,0
a9f4d17f9b517c46fc2fcfa77386ebc822da1b17337232c0e7e4427c7874bca4,0
aa188246d67072c26efd76081fa933052fa817b8c5058bf188a0ea1c9837bb27,0
aaa907585a0ffda4c8341b1bebf5ef639379d33723d40d254db08d33c122b643,0
aade8b0af9caf068ef1f89154d5bfdbe3943396678dd8e56cbbde3dbfca58092,1
aae3a0cfc5e97b69993de179c489e0980cdb9665c88a21d96f9fa1c54107ed96,0
ab1065a26f620118480fc9771ebf979ce23974be59f9ae5dc9b95afb4a7791aa,0
ab4e0bcff32ea3bf6f13f273fc525d6a455c669ad79ec39aa7551ca915fc1b88,1
ab51a58c8504fa29d0c436a75328eff0672386353ab1b99f7d315dd9d8f65211,0
ab7e02bd96d838464ca71ae9418122db54435a25071e9c9b2943ca171578075b,1
abc9ad94752e6eebcd17d97171cf4e97fad647b18ee79c52befcd6283429fc5b,0
abf568790eec69890b947a227441235f0a61d9c78950e13e9ddb072edef68a1a,1
ac1454e8e38c2f7e8c187e8c725ba9630db24ce25e5c58d31df785a6429a846c,0
ac148c9ad14e6e570b7a8961ee1607233dc796ddcfbee5cd67c92d585f3b5afb,0
ac4cf3f8e5a7532174be086d3bf1f9e4a7e52ecb87de29a59449214a059b8bb1,1
ac58dd7bbc56f0106fafa4eafa797a9bb55a6e813b71f93c1abf3e85bd2a0b2a,0
ac78825c709424ce5234d8dc66308ce47ef3c6f0c924f199aa8fe66eec99ca64,1
ac7e328f6e3de23ad266c7db5372107bef25c4cfeb66c710570c3b7d63fe4aab,1
ac9f4d852fe20978275757535c01ab4702a665f5e3d269560da6ea5fe3c1a65d,0
aca9834aa6304c5bc9179a13f5d676a136de74159d7925055d18d7acf19d64a4,1
acd6b44b05d77e1222683fcb0b61c3ec24a8579c1d11fda47fa5350cdb532a33,0
ace64b1432835ccaf96272f07cd94244fc83d0cbaac06dd6d52ec0078b96961d,0
aced34d154a0635ad2403bd046b3ecb0dda6b24be02bfbe29dab04ac4ad896e1,1
ad2286d8a0d854b838cff972cbdeef7c48166c19bfa40d0d7f7cf64efe8b6695,1
ad32b80cc7d4b34c4da8c2e057ddda983046c439aca02f18d9d8497d3ccd311c,1
ad372f156125bca0f2b1c533f9697746d8ba2142f3f10cec56d4567555693680,0
ad5d59233f8d10844803bca422be1b2fa611960a73166047c4386e6fd424e3b2,1
ad7b3d140eb87b72638fd32e9e4a4773db7b9c6e792fa8235851b12999c8a335,0
ad7c1bcc9544f8f7f3c6cb02ad13651fc0261bcc7bcb2650d08ea4b39dfa4a72,0
ad970e398b8957559ba54e012778076972495bea48fab8255cfa0e6959760945,0
adae9ead56e078efc37deb17b161d688839743df432d4b0b516806681a11a9e3,0
adbcd1a00d678d8149a6872f48f5b58955e91f3c5003af55ed1225db412d5319,0
adc87d9cd81a27ef75478248a56d5c4c00839cfdf8c65b84ffb5e5e8b884149c,0
ae6094a3840283f1bb81c5d001ffc40fd8ebca2d08e0eed9bdfd8371dd0836e6,0
ae879c0e5dda742db08a33101244c6eaa14f5e5c4d1a52a5d8da887c817682ee,1
ae883822aac502be73893145d9e81be6e87783cda7d7cc5ac9d291ee49d1c02d,0
ae8fec948e5371095107405e519039df111e6313f664702b5dcb292e8a974d18,1
aebd04fe6d89d6abd9f7e4b8bca4534bb02c1553494330c7490a5722a14d79cc,0
aec45fc676722e83a1b333ac1a9ac20ae3401ea3f729e7bb565f0a44d48a2159,1
aee10e4cda71447fd19692ed68f140d7f1c843cea418a9be00cc3ace3495598d,0
aefa16c14e9e22abd5c5b1ef020e7f5098cffcf561a2c4761c149db7f072e84a,0
af0128abdb3e95ce51e8178f9b110889aca0ea3589bce653b2cf645f98e22a36,0
af0469e099694a199996697155958481df64acbbc5a67bad2c9527f68814f3c8,0
af1ce1618230ceca292af4dc37907648ea13dc6412dfb87cab39dd5c2befefbc,0
af1f87a24f5ff586da89e829e466d666a674bdf21ed721fc532484d4bf2afa9b,1
af25e224570fa6f4a02c9bc0776324f7e521e2b700532bba1009a32bfed356b8,0
af9d572fbe049e2ccbfa4d1f4a38d6382e900799c3838503c60b44d919ae8ad0,0
afd4c43ef667115d079ba59d5d7b2d00863dea8530e2b9ba63f2cd1506f54a38,0
b012ddd75fbdf61cba49452db80853782027fe40e811243095e6af9d07299872,1
b03f33f2454a11087fd3b1de4806eccee364272df052227cb3e00d27e13ecb03,0
b07dcf24b4ed9017abe02e2180c6a325afe664aef77757d5af748bfe890db98a,1
b09444ee99073745f23c7e725c6a45649a1f5fafafda4100e3a51c6244efff96,0
b0cc370fe1c594f469c6258ceb59673225b265e129f47861eb5052e56dc74fbe,0
b0ddea5e64fd242ef61dd6fc96c4f2340092874f06829ee751304450474a4ed2,1
b1076231d594d3a1337b1c4551c2d1f91cd925d37bc51f746b1f0d82807cb54d,1
b1113ac7217bc72f7ed0bcf25c078c0b9f61cbba9342578ceab7e814ec7a45b8,1
b12ec81b981a0f90913f1b59e8d68545a2de7cea5b036483b4392c5df7169229,1
b15ae0cc0188757d4b67e5ce6d9c9339c33fac1124ab39b07e93cce7870d3cda,0
b16518155bece27be5c10f4cb286dff56c43b2016a5ac383e6e01887ed2ed9cb,0
b171635092372ab91af9abfadb46aa0fb7c2b261ea15f84b9986325042d7b358,0
b17773e0de550f2f9d3c2ac7a767fd03d960900267261047ebaabd888bb2ee9c,1
b1830da590236afc76d7169af6ef8380357838b4988ce7f3add720d6bba33ec8,1
b190a49370f39c1501b5039a6008f477aa6fdb77a8b5211683ff7a8bf0e62fe7,1
b197b642d096ce31fdbb5e1adec97be258233235bf0765b1826beb32627af446,0
b19efa7de9dfa0eb0d3195d7c408fbe71858fcf021880cc1b640b071dcc7a445,1
b1b047a6fadb9229be5e1f73ddf090b4663f45b5eec260a3e257a2999fb1a2f7,1
b21939048245340327a1c02db14d100c03a856b6423930c0856a4537dd240fac,0
b2733d4b0c44b672f9ad9cddfc59ffbf212e79ba518b97087cd4701bf779a24c,1
b3214aaccf0b0c3361fe18c13a7d281793640a339c7a28bd021983a3267d4eb0,0
b3215bb2a48be37ba120b1f6b231a372decc53ceced4eabf956939734e81f49a,1
b33a2aeafc49da7a6be6d93300065394a303803aba9344e29301671d6631d1ac,0
b340ab07d15aa8ee85e5461cbed4dc8eab56628ddc7870738cfa205adb0bc7ae,1
b367738c625161b61c9148e745a648539e7addd9a77f0d94910ad0458a1a5fdf,0
b38ac809e42d91dc5da4c1bd8efed529c9c601fdfb877fa4f8dfae0dc0e3e619,0
b3ce7ffde690d0d1b42b6199454cb29e51699dc7ed6628add66279d07cb29de2,0
b3d5a87efa38eb8a3987281433335171b820fd343b249cee56f801df74cc129d,0
b3d5b23a148910edce4c1de2e0dd495b12244ca348106f13af2e101099a9831a,1
b410f753ab2b41eb36b2ea4459052a39bd25fd144c24157aa0783c5ca5a052fd,0
b42a4b5937bb1747bd148420fe9c843fab607e4f1873e91f9dd0af02016c136f,1
b45cd6ec9921551b1e2a59cca49b0141befb5a145244e30b07f8818cec808764,1
b4611f2e182da59f7a4d98502ee06373e5984201677dfa3762bf8f1ed43af3a3,0
b4faf677ed917c13f1391da2c6d703b2459aa70f2a631548965ec3d242c45904,0
b5365201417ef110ee7c17ac79e3ca8ee78fcab1be53f0776d9802df05f5906b,1
b57419ff9b608838c81f972c67f8b3a4ec6575ac49fbc7d6afb41f909239cdec,1
b5c3fb2b2302800b27cfc9fff799f562f54c79e175af0c4357bff72eb36e4cc1,0
b6469b932d1ea074bb412fbb7cd63d7ea41044364ef7083a3cdfd83f0d68b8bf,1
b6536b08579582a5eef3562cc6c5d0095de1986455e24401ea87112113c88af4,1
b680e61ff290b0f5136a9d3fae91a9487d2e97ac1c6516903bfecfcca1323303,1
b6ac41033614a553f8553a95cd26cade0da5b01f4f383bf96682a7db8e2166bb,0
b6cca72a047cc66776d6bcb8eb4877874073c3a3f9b477acc0ed39b0d83731a3,1
b6fac147a5ea7e204e457a99bbd6c2c8bae302a125346ccfa6fccc2978174070,0
b70ee204fd8fb642ed8d47623cd6c5dae576c8ae5b8f838b476e47e56c0f2bd1,1
b71b5ba39cf40f601cdcaeb5294f793fc43a6c2196ecbacb58563af35cb410d0,1
b72625c7a0a4dcbec9fe5ac8a9359aa3417e96e132d0fe37f3da14f770804066,1
b73a39057e93fc48861ec859a0110728757f5634fa248abef7ec8fcfa5751976,0
b73b5890ad25f2995693017e02aa8fc7359312eabfb7ef6d02733d0f73530510,1
b749d2ae601a9897f28200941970ce0ce4e9544d3be7400ad98f325d9d3360d8,1
b7f2d9337bd7de11c016f84b46ff570bf3ad0728326ff28c8d07dd542116510d,0
b80ef6c552475314c8f27309152a9ef90782201a4f4a5e2693a6c6770e742be6,0
b85c13bfa4d5d96660489b02dc627a39c07faa42f9c74307efb0c0887c3960c6,0
b8f24d5f3dc66c0073c26d796b4926f335fb098a98676d2390d0b4c2fa57b15d,1
b8f64a7bdb7e3af3c49beb643ddfa9dd0c1c971b8a0f9dfaaf04b8f9a1dc5d27,1
b9467e9cf59440a3f8c3c1b30598679c966bbb9dec0c9296007d5412acb1fe6b,0
b9a18d731026dbfd0a15aae57bfda87c84ccb0082c72f594d018d771fe5badbd,1
b9d176ac8fe8a2311c9c42da980f67ac406cde51441027883469e35bc498e6e0,1
b9e4a7635ff6054596f99b9c5a29b7defa6c26bf42129f7dac85cadbc4db5200,0
b9ea820731943d04fdb1fa2e054eb08b7b47126804e290cba9bd6943107d6e36,0
ba0a4d3ab3f4abd74c3a89b76860291180e81740f887007ebcc086ad66c38c71,1
ba0f65dab25387d9fecac9b966b9e9c925e20b044271a51ffe2ee8aae3c177cc,1
ba6a730ba00bb8119259335fd7900a89b956c3ec4db8306c94b3c10e17f4afa4,0
ba7a45ef6b2c2251103c4db58b7500bc363abc34efcd339db0752d09bbdcc9e5,1
ba9829e9d0d38b7bbf5a43da4148eb3b326afad51cf05ff2b17585fd93acaeb3,0
badfbcc094f669a879115ed0ee30dba4cf5b36dec17af68a31f6e2f684b01864,1
bb2d74e37522404bc6daa300ac981e9988b704978ac0f962e8487ac54c50aa93,1
bb65593497c140449c5e396060df69ea6500869e72031a861faaedc3726a350f,1
bb771f474eda171c55ac3ca9bdfa2a3a4ddf119552052a5b1ac310850e4bc771,0
bbd68eeb68249176f5fe05027a12b858870084f0183549612c9b9c19bff672fe,1
bc5d4a6e93a582627b85da0c70412f9d818b1f164defef58983bb6ac4b462108,1
bc7aeeee962845231d3852ec22ffaf09b2218ed4d5f60c0b4212af71b1b9ac26,0
bc7c35b8ccd55c23cd2ebc32701053d60f6109cd86bbb35686ed773c9e3b24c2,1
bca642223c4f9cb96bebafaeda1a71837866a49048b3d6b99949077d042f8a6f,1
bcf9c9a7cd3e9b1458cb1888f7176cc98449ae3b8064bd87866f22e3f31716e6,0
bd138fa8d1389a21529c6ce598abf2940050fbde5b8d131a40f00b6a0d134ebb,1
bd2627e6401cb9559e21e98254738c0d073e0db8663ece81b898ecbb8675cd3c,0
bd7fd8376f5477e4942664a493da518eab75612d73734213962d644d78d631c1,1
bdb5d16b9b2d3601a7ef584832ecc116ca49bb3c5e2660deb0a6ef7378a15b1d,1
bde919eab20e18546ac9c57a7b3e2d67c6d08216d1916ac4b5c747ae4fb72d8b,0
be36dfcee866b8f1d65ecb298715a7e85d9e9a87242e43773c56da566f4d69be,0
be85e2d08fd5b5efafe163ec1c32535e7fc4c6b5481af97a0fa86c5588dc22f4,0
be8ddc07fd03084baf08836851b51fb71c9615a80b9633d45cf2571b2d76d241,0
bec53418e290338615d64991353cc3bf11390acdc67db94baf456619abb3c548,0
bec7d77c5eed0328088a172d0c2e7f3e86a3f340a42a0c96fde2a5c70d2c43c4,0
bed967e8adc2a1686f7e3f2d9d1a0c2d9234330839ee022610afdd4d69062b16,0
bf3f0589e3b60020a9af5faec849696067785e929cbb18b3197ee42e1f2221c7,1
bf51179a4d281b77d33ec4a8675b82023ebf331fce1ede472e432d3a0265ac63,0
bf7c7a20294de6e3983f077a5cbe8d9d69c4bea9f7857c660c52a5c418727a6b,0
bf80740119bb1740b260b0efe6a55155d4a2e6e39a0c688cd8e43471c8d94eb6,1
bf82b84e12920703a322dd6cb0198599b6a0afe5b4bb610197e7655f768a29af,1
bf97538e1c9e96b77b2f6a679415bc1e0f6745bd94ee0af7ba92524305a486ea,1
bf9dcffeac07ab5427bdbfe928f56a4eddbe671e75bb3c3425ae66529e9729c8,1
bfb1db82f9e87f7d102ec81d072d2e64defa38dd63bc9a3bb7b6df276fcd24a2,0
bfb7a6188c458661d6e7679ba5a0633afa84978c268fbb142247b07a9ad9f011,0
bfe6054904613212e38ded53fe7f11a3fc709f42dbddaeda6757724a2c931641,0
c010a116ec7593db06761a1330690886c7511d1022370c5ee0a4bbb2780e434e,1
c02ac5a83e769ac7d393bf6f1e6c201cf9dac6eac853ad514fb6aedb578864aa,0
c03eb308ff5c4ee51321642b81166fe38f035533b583d1752bd6794a615b111b,0
c04cde52591a783ef48c61abacbde78804ab7cdeb6ad7398c251bcbfd779cdb9,0
c0633a0062aadffd8267a449388059940ea07d26a6914d8a1f367fa61857e35d,1
c07a07efec7d920cf638182893e6130c703105b1f6ed1f68a48ecf5daedbc62f,0
c08abb47195ccf5b9fa8968f8d5a4ba1acd0c68f097d0703d5aa0fbec56527e3,1
c0b270ef80b3d8f0112d81c21cff7fbeacddb35970af0d9ecf6b86cf3dfaefe1,0
c0d1a780c33149561b58e8bcab9782ccc3fbed808a71d76946ed60f571991ccb,0
c0d41e88c565c5a0c8bcc7d1f398ef50c2f11dabf417eb06096f6f50c552d100,0
c0ddeca70d0fec3950cffe302478257dcf0e8bad203ba36ada2875fef238c826,1
c13f07a12aac26451b370247ae1bf674699a0cc35bd868f55647076fbfe01bcc,0
c14f0b88f3892848eab1141bf5c9c4618d4ce98525acea02dac5acb561d7856d,1
c159b9c8e92a452c39dca6eb4471cad6100130f0c49c2c35dd4fb05a5cc9a9a5,0
c17a3be22c97dc1a2b3ba89cf1ac383d8422f32c7f76db8f1c871296f51c909c,0
c1c79873455459488385a3066c372081837d9429274e1412a59795c078871bab,1
c1dd78a4fbf7909cdb7aa1f380048207cafcedddb35dd0909f4c50be56e2aeb8,1
c1f9b0be4e0f411d73a0880bf60cebe4f327b7ed27e059e6bbc982a8a515a55a,1
c2040116b5f7ef3342f933dc9a73d4fca21de3bda54a2968cef179fa229f7c9b,1
c27b206cb1fb908eb6ab90f76bd962e3add984b4856af545a39c673d82176206,0
c2d64e37ca8a3e24a084341d5090e1e5875ef015654bc64ea7304cceb9b01168,1
c33f89a445aea7b8c6b80a5776d8ad11d1e4be57cd8d80d4d7987e5057edfc5a,1
c3589ff06942883705d3dbd44259e17c84bbcd9a5da1a82ee27c1c6ca8b5d427,0
c3c8c0ec620797864a423d294dfdd9dc071357ab1b2392409cf6668a5c47c1f5,1
c3e891da55c81050b1c5a59d0534bae43367bfd14751aae7c3aa18c3ee5b0017,0
c43e0acfbac833999e5149e11a1c31ffba8c756ffcb5b21cb8f33af619c83654,1
c443080f8203db1b06881dcdb16f60daabec1ac54246e7dce51ef9ecf94a9ab3,0
c443ad9d9c23259f36e3f7c295084c2982b813a5ad344075bf91dda69988feab,1
c4a6ca2c688ddb94ca0d162fcfe1f5715e1c200d53df09887dc77b0202945686,1
c4ae2c90da0100a06d9d1979edb86a6eab4858b5abe64bca7ea1ccb28e654f49,1
c4c467cf762d27c5fec08ed33943c0019c85bd89ff1fe55b7a5f80fbcb872fd8,0
c5326d586ee59829d5dcdad4bd88588a5402616254488df41816c08b0164cae7,1
c5369d9d6b15770aed8d8803055626184a6d05c43a0b0d0b55036b4066db7788,1
c56913030da404dd6e1a743c31871262528d9fa0a3ce0cd763af8f12c7029cb1,1
c58f3b635fb01065e3ccced5460fefc9ec6e8b4c89e6b6c23946247d3bb8a441,1
c5ae49351e323cc655ce45726727b8aceb60587f22cdb56f46723d36f2819805,1
c5cb7ee7d1e00380a2fe3255384733a982631b7995e964f8694f96b7d281065d,0
c5cd44e6f6bbbaf41c46e5e2c7e2a558410ed8ae2769fdcf6b6a055b8358ef47,1
c5f4b9cef631513f3cdb6f81fbe1125bf79188741f61cfe81863fa9c6190ae9e,0
c5f547f20125ff8d4da96b560088952f7e624e3f6d8339affbf95d3cbc296989,1
c60ab53a52b9c4f98286c2f9b1f8846787d4e01f9e5bc63bc8e495bb151611bb,1
c622b2ca35d30e896114c45cf7d0d571771a43ab63c3bf1e85639ad9203333b4,0
c65f8f32baf5faa1607c3bee9da518dbb34760e6ea3ad056930187ab724bd851,0
c66d610428cdbd8d13fe47d443ee368945adf830fbef77f524d33e6a4166d827,0
c67dff879770937689bb6541d1486c0ba47e8a2731d242bfef182ad3343cf50b,0
c6c97ee58550d7842752bed4903441430495f18e76ca0ef0da7478342e7f5186,1
c6f05bda6e19e718bbe1273f7e844cfeece8469e3a97dc8ab370ce179d8d4ace,1
c6f0bbf4cb6aebce56f8b6e7304f494df6b26eef66306a581c30e509cd5f637e,0
c6f8ac26343f9cb7365420847a47b7b54ab5f729ec02285d99bfd584bc963c1a,1
c71466dec52cce38c76c2e7c4eb60f099c9aee5f4c747e49ea5e90d1e02a8a66,1
c75dc30de36189adfaad2de9c6be28b8a77a76a03ee0ff7bfcbb198b037388de,1
c76c293f0bc6fe64eb4f614ea790d179c27f37e6dec8a8a1f401e671a0c2b35e,1
c78c0fb2a19f9b96fbbde9bfb4ace0d0290fdcedc635ec87f7c7ab4609783925,1
c7ae3cf74c3b7c1e71e38a48ab6b56277a1d90a0f939caa9ef79448e83b89ba2,0
c7cc317786e2b0274d0ef4b467f637f491bfa9f45bb5eeb07c90485885bcbc43,1
c7fca9590681d2f4fe8e5175dda3098aeca89c69e65e907c11f817f7613aa5e0,1
c812f6a8168e10a2a24b932c238e0911a591933511324abd7017c55700c0dd50,0
c8314b522288a03cc073f5a1402610c0b2c7069fd09f4ae771e5d48ad7828fc9,0
c86068e603501dfe3c37703c021f60ba4013b9d28e1062dbeea31d34423d189f,0
c865ee90b6be881e6a4c3a8556c0b332da396b44bc48a3ecaa0318d5e7185d01,0
c8950f838499dec189e053529f83ad540bcbd971033f0ba5b8de3b99cd92f1e9,0
c9185490f512861c1f793168c1686bc328f66881ddc9090cfb51f4fea553faab,0
c93dcffe34361e364945e4efd6d01bd243f7c2b3b7cb691f907a749fdedfc9c0,0
c9686cbcb324bf9fa05258006464228f136a7219b6ce9faf56511ffd9ec693a6,1
c9713343faf93a67fb95d24f09a2695947d3f556a52bf103134172b70d3c987f,0
c98aa4f2bdeeb189efd03001cd79440a5c4feac9a846f03770046149c805230e,1
c9ff4654087479d78563306ccdde8d954246ff86e334d1d29abb785473d4622b,0
ca45053e0e4a3c991656a8ab294b12205a7fc280555791327052150d56e7d4ac,0
ca4bee7e5edb95b92860f57b10c5b6a1a0f0342d40def65dd5bbb939ee325f83,1
ca694de9b6eeccf63fec9ef2efebb16a5f76510a616e9033c72b66010f8dac40,0
ca6982703d29184d4576995a1a3286545fa12348ad3fa69800decbaca19e97f7,0
ca7aa7e4708024418243bdb94eb8cd004cf42887559f9e8a240b96cb9f373a80,1
caa648a63e7cb16b09403fc2cfe244bb062e597b2edfaff8195faedccb53f895,0
caa9c0f3b838bbc4d22af066bf3e4101780a051cdbf756317cede87c2912d157,0
caac31ecc960a3e0366df7e0db911981fa7fed11474a0177c67afb7fe52033fd,1
cab1483da308eb6337ce6ae48d29a2766ff70b682b7182c3ca8627fb16bc8270,0
cae94a7d504a0e0cfd8b562d4a7f0fb8a8be592afe5f57a6842681571d85cb67,0
cb21ae95f9d9de114aa2b67e7fa7b5b157499eab826177b60846192975749ffd,1
cb7fff52507e996e3924b64e541831aa431694126b0a489d924f66f7b53ed1b1,0
cb807d4451e6f42c78c27be31ae9ff9693368281ff7f3128e91e49cddf76f3cc,1
cba870c1b8b5a70e1fd0c3c184eaf75b11c5147b55c351dc49242c15247253cc,1
cbb6739ffa2af71a6535520356e5d3567c8b2a82ef4eee2aeff50ca313ba9cac,1
cbe6143b3641e4a4c9e5087f6d2139d9ef7a1bcf5a4d3ff02aa885e366ff14f1,1
cbfce72942289f90d6a66b2eb4e2f42ae54c1994119ef22cbaee9a59c0cabe63,0
cc8ea41313fe96677b3912fe7f4902deec4c82a6857f03e97fbdc2f75664b1f3,0
cc978770006fb22f4851700d1c36792854fcd5324414e11038e447310d08c686,1
ccd252beaf1190be066bff84f676670a51b4f1a2915b2d7dedf6fe5f3dfaa934,1
cd45eca6e94be483ac53d8da26e316fe85db259020d91e40115e92455bc3efa0,1
cd8e39d76ffbcf2cd25ac648c8f3c17d020de9d0d861be69bd9c5381179eade2,0
cdd01d43c696dcbe72cfd7365d26d66cac9d9beb35f390f601d5d4f23a0a6616,0
cddc659962852ff9e573607cef6bea230486cf87e03cf8bee4a41799d7f91243,1
cdf88faae44ded9f3703743bafaf29ea20df91cd96b2c46220751251fd120e22,0
ce028cdf6f3170a42fc62a0bfecc5c3d6a824a4dc3b0e92ec1f644e05a5be87a,1
ce1e81091ad08ffeeb329e51b596779da507f86d63b7c0c052fc935057b8c4bc,0
ce9e845c209c06fb6a50f8ff6b9f8812110c9b6291c73282cd044c3321e647f9,0
ceb972161fb651477a481f20d0a6807c04a119adfbc92995a749e18f37b05840,0
cebdfdeb50de691ecd88509abf992894386864d72b133830a3837e2392c4d3da,1
cecca323af7c862e7c784f607c2e518a70848be80a25dd4a9d0c36eacacba8c5,1
cf2046f817081fd5eb3b9577c80fd2543940e9975704e30ea2ed0c3262016316,0
cfc5b3d6ec92c17f7bfbba794c5d6836494e90086186f72c5894b1fcae19c218,0
cfdc7f284daf94df8895274bb4db4ae0223dd28b63052073ef4cdb222d9d1feb,0
cfe1485d8d6d784f4505cddac477d3846388aae023b10b008b567d31d6cac935,1
d03ba28cc9c2c9aa7bd311498ae5c1dadb80c9145f2dcf22072bc201ce1dd6f9,0
d0469ac63beaf69d845ab9ee7adae70a61f3dcde2aed18b60bf3ad15b22f9fd4,1
d07704d26a768f12a84382873e74a40b5f06bc8e5b1e49d4dab7442cfdb29c3c,1
d0990a1b1c09ceffc676907157d3b45f40bf624f6b928e528f7a4ba4b1e27771,0
d09989c1dd7a7e449137ca93d9f7f0bab83dbfa02d3c6bca8c224ebea9030ca4,1
d099ea3a9625da3aff5fa0bd97ca5576d6844d13c315d3e17538062da41a4669,0
d0a375f9aa4b58a6a7016e2df7697544355070ef0c862ad43be2df445034a81e,0
d0b4ab016f3b39912f62e88e615603e8b96b68c55400e0cc3bdef415c4351770,0
d1180648ba898d5827a2685b1e0803fee59ba527d738cbb07aa7027e5deb35db,0
d123f4e84bc92a08d4a691f1fd80fbfa95373081ba6834a3dc068219e9781f73,1
d19e0f1a16252894045e7bdc98b191e3949e23394cc0e9a608c29bc85998d08a,0
d1ed8aec79793126a8acbc5e1668c433e6f3d330e08d2abc882a6bfc3904c3a8,1
d1f1e5878faf59fb4b76a88970076e2ee282688b8e0739246fc89278fd6c73fd,1
d2334b910099352338f93f3cd52d22844e51393d2a93adc1dcd2f922bed4b1ee,0
d23603ad98b492f6efcdec7e9c99d91cffcfb8bd21cda96434daf3b982e5f410,1
d24715175ba89ddbf11d20c7d3b25609bf808af27deb9f259a340c37083fd601,1
d28250492d787ddd7c14653f278a4f468c1c0fb9126c9d25c912e3ad37aa74ce,1
d29aacc1dd9354cc494157a7042a7278f0c6dba957d06f66a0cca5138dbb4c59,0
d29f5a9a445cc388962597c30a9ac7ea0985d0fc285e33ae62d86bdc0fd975e6,1
d2c78845056052eff6ea26ddf94bc344a93d48905c2b9bb1796d18833c3b7ede,1
d2d6ef38e466102efc9f542fc278663164d48a0e50c89cf01395c9af8650eae7,0
d32c07f15671f74aff69e1b12a399c74122c1ff17a68bfd3c00abf0f9f2e118d,0
d3740e8a9c97c584703054035e263e08ce864208b8d019be6db35711c6157eee,1
d37ecd4fa96217b3c4f25773fb84693dfba6a2cd10a3852b310baf9f8d96665f,1
d398bb8f1a3607125786e64575f12cc01664904292bf5f30a3112cdbb02c9fa0,0
d3ca96c32663a6e2ecb0ea21449b9d66319e3c2d101207515c4bcccb5b7ee158,1
d3d9b2da499c629a689d8cbbc541ab94e9dc231ed619e86e6dcc005d67591f07,1
d403319477ef8c5f9bc7ee55b59526f3c37c1525facb0a687eb62aac1f48db98,0
d46bd804db32ef750f5e29d09d6325682bd4055cd8edd43a0ef898b52086c449,1
d4857a144439ad9773cdda1f40e155a73b780114c440f99ea0aa2d7a93c97453,1
d4e3a58effab621acf6f19b475c9749d467bd889c597943525587a4128a816e0,0
d578154fcb77fc4105caee49647961b7ead582847247d66684823ad6b85a56a7,1
d588cf50fc40878bff3d3d7bc24fd6713328ec2b56e3830eee70f5e10aee39b9,0
d5b348fc498c1eb5d747bb3dc4022164b45e6c399441223265848b9b21103f69,1
d60579fcbc7b3e3fc4119c50bd309719148e5b9ce7fbbdfc58da694521343aed,1
d61ab26192a263d0a79e074d025edf649fdc5c93f4b22d5a1bb528ab31a9a0fd,0
d6502012bcf9821ce925c7c430913c7b8dc4152cf140afcbb919c78f12963212,1
d65efb6f86f8e0b63523cac44dda405c4235b3999def26512e34a5f4dd585090,1
d6c157c7ad6790952325de3251812e417c1f871beb755fc83b02915dc9c8dee2,0
d6f6651ad82359f3ee453d5f1b8f95c66ddc227a6b944a37a46050b5909edb3f,0
d7009ae3ae716656039429c1186784ef56752f82944768be19d25aa9d38c6440,1
d709ccdb9a90210a2e75d9dadf6deb1ca180c83fd855a22a58220503619cfbdc,1
d728602d8873c5e2eef9f7d8f62a2e02eb9fd11d4cb0ecf7e7d58a8365531231,0
d73415cc2f107c58fa8aeac14a9a0682c8b293a8e0be3778483021fc0717a2c7,1
d754daccbc91d5da2761a6c1c41fb7dd5c3bc012228d5dc3e70ed56fbe1fd548,0
d7cd546fa4f28438480cf98515ec64384e8bede8b23244e7f328eaf9abbf592f,1
d7ef35e8840b03acfeb7e0d4271d8e3a60378ea0035cc2f20bb8ab7dab782e64,1
d7f31b367bfb6b9f898e9d3c12f07e71d383b02b230be52a88bc76006bc10c57,1
d8040644882c31bf6084026ac55f541262c069ab14e6a72609e50472295012c6,0
d8485bd886dcb9534d006c06f50836e6ea73e4766661a2720e92263fe239417e,1
d85134104bd887ca28d2b00990bdd1250b43016bd653bca7440c174c10a954ee,1
d85fa71545d1b2fe16b0951538b04180dcbcaddf255c9677f8aefa3518efe5d6,0
d8a1f7d290cb3bbcd9907814ede16f91879f111a7fc74624ef02bf6ae36d5623,0
d8a6a547c1a35d0066454227728e6791e9e3b07efda76f169a7adaaa9368d762,0
d8a9a45a9aa94a63e2389ab4791924b076b9dbf43854857b3099bf1b76ccb9b4,0
d8d64b0b55fa0f5cccf82e99b9a21535b5a2cca807c0e251a5a5a0ff8c50ef7c,0
d906f8da68e093be8723afe7b616d28bb3bb4bb24247f93cdb78ca9f6414f15f,0
d933e2a5d55094577e17788ffbb75dc0b9d007f37ab3fb431c630eab77e662be,1
d941d2ba610a77ef478144c602ab6e66659f6278c03bd21c6247e631d97f67fe,0
d96210a9457c70a907ff9466935248cc9354c297186da7c783e9dae4fcf67891,1
d989d97f0e954000c31dfda8d3dc976ea2a540572825c60933f474a730edc921,1
d9a4888f27ad92fde14bcb673308efba51e8af84177725502dfc803162fda5ae,0
d9d869841fad9b53b339186d724ae88a5dd21a85edae0d649c643c7ebb2a9bd4,1
da5c5c61b23d8efc19604bf00b3330850e18614a7bb1ad264b5091b61904d837,1
dade0342c51adfac50944102e7bfa1c7c5d07d6e94c1a6319aa833ac557a1101,0
daee46c864e1057c200a186aa89b98e56d253b6917f0c03140ab6f596c068580,0
db0e69792a31645998883ac0efa44d79c663e286dc666ea22a11f50fbecf356f,0
db26163b31c25fae9f6bead7ebf412d6d58c2ef55139305d6f08526bf6ff3627,1
db38b3252cca967c34283ee2425d395f58b53d44b3552c857c7bb286a2125b6d,0
db456afaa2c840e1ed32619b66b406e489445c536ce6acde1fa5c34d16fd3660,0
db4aea677c294de71f6a12c752cc476bb176442164b7037cf5c64410e0dc4e98,1
db6d9db3ce0d2428a89828e2fe185ee67543c9bbb92d40562f17f89f8bdfeec3,1
db8e9dcdc44c9f4004a079c429ad43ac1f4aa98a67a6b3743a2a403aed5bdfe9,1
db960d9ee194c43bbe4ab3cfd851cf9d8ec49ea5fc2699600f2b1f5861987c6d,0
dbbfe55073ce1a4adf9bb481d9432addf3732dde3af064eecbd0f2a16b4ca8bf,0
dbc23b8aa5b3bf33ea6594379434bdca5c49279ca8048c166ac9bd4d8b7b68c2,1
dbdc101be2bc12186f1fc2cb4fbe68bcfea8964d625e7c9444e9b9f3383f450d,1
dbef3c44595343de9b573181cea39ef37bc3d7298674634f7e3b152f92fb538f,1
dc50313c47395eceb6c56ae4286094d71365ce2702cecb23a775485eaf10e772,0
dc504add2737bb60057f5e1d25b301d3662a4f9b9b6c2d209096505ff43e4690,0
dc71cd26f5a350428623b48fd7f52aefc74bad547840b5b4e14b9dfbc38dcd95,0
dc76521d8e009d519d5e8d8f6eef40411ea9bd10039825102ae81ddb108adaea,1
dcb293a251dccf470db764a7e49e881ed8c5d7b0af3ed8332859cc020d6ad231,0
dcb6ee388bad95e0f03d74afea3bb1f5b9f090f0ab5372bf80fd4ec43d2e1800,1
dcc295afd88b5d2634947c3b73bf3d80262e6c91cf32182f4673d2d6bb155539,1
dccabe1df81fde3f755ffafc07f7178046a407ddad4b7b17e35514840f09140d,0
dd28335902e2a8b1319fd156081b8f4255f3de146604edd26338d871e7145c64,0
dd35851121e628f2a0d778e224f8f1117cefbdcae934c95549399c1772abdcd0,1
dd3b429a9db79b9d7338b741055462c9f891bf948692d14bd2ea8c4b99239e94,0
dd3d5e9948b56ff45cc0d854d65811cac9b460a0eeabacb04c6d4f2701f279b6,1
dd946c376631133b061e3af1897bd10667d879780add0c6538197fa6b9bad61e,1
ddfd3254af5097b4c2682c1f24225d527a9ff3d4ddb6cc409d37078c25fc6325,1
de2e3c859810eab200d8d9fb2211dd0d0bcd010e0292b5b8aa3306f9576e4452,0
de5081a7f1c5c757ac555007a37ae74e112427967245ba6df127a64ed681e77c,0
de8e6aee32982cab5e832c2ab90ab97ace6e88dda339f52b3876a4567cf79ebd,1
df4a66454bcd030780ab8562f5199ce350d046704fb3b4829c5ba825e13b6fe3,1
df4df985cbfdf07db58af55467a6ebb61f6a6d25b55423084e2d6e2d64a46dcb,0
dfa7f167df12064d018d0e02a9020dd0eac73ae6ab0caa8451eb609e7c175275,0
e06a5953f660527a6d288fb5c5eed8ecbf27e644cb57870e1f39012198a4abe7,0
e07a4b76e9dcd9864bfa740d750b5f4d661e73d0713afddd2e58bd96f971b194,1
e07d4783616ffe8c57982fc41730a71881f543bf7875aa26392e0875c954f0c3,0
e0cc29cbf2f47d2432e9c2aaa22a11c3909699b749adaa0ffa4ad5bff108f847,1
e0fbf25b1e674d9b4458eefb457ca500af655cc5977d0882cde1e46adad4ae40,1
e0fcabac24a8756995c9a2899995b770bcb73f72bf78374772ce4341eb15f7dd,1
e10c46cf6586d41086e92858c6e17ccaf6d70c329e87008b2a31b0c995e39f48,0
e1294bde6c5a1d96f09e34df80bc0059dd0b17a65e25825d4bb0ab5f602c6964,1
e1cc7732dce7cdf9463f55e250e87b265fc129eb29a31f753932dfe9a967cb14,0
e1e43eb4421cef9f9dd68c4d2836e8183f6efed0c28b7ca67d3878474090d407,0
e1fabdac67a1e1cc2a462b4dbf2c704cebe5512908ac33876389821c232f427e,1
e2181af97327059e022d288104f8ed510ad3456debee881bea77dc9de14ede57,1
e229d2c83fcbfcc2e205de60d0ce91c5ac20c44f3228d878cdd41cb76f7da5e0,0
e247f68fd5255dfcda992ea155e507fcac32b25bcf6244a6cdf69650d10ba378,1
e24d287caeaf45d1733fe258cb70595c3c7ff3f9a2ffbed344084d11ca07bf91,1
e276bd40abd2eb141755378782979e0c62f195cee06f74f8eb0c006e6b98f701,1
e29e8b7200b62cc07d8eda42915546cb4028989eec89d6596df7235685e37937,1
e2e85c07e40e1615ac13957de73ed77921439427f7e38ccd3d443bbf74a4a1b8,0
e3025454e918783a2312c5722dbc4824b399b56bf7b6c8503079ee3ad6c7679b,1
e3562e6ce466a25f03f25af0da2dfea1a9fc7cc83cbb15f3b0aa65d43e38a429,0
e363a671a4dc78dbfa17186d25f501ceb02df34d974773c164a74af68426307d,1
e3702ce624873fc7540339b582d8e1be412bcf604e52de74cad03619ef7ee63e,1
e38189f041db90ec67f5b91de39588a10c277c31ab595d17ab1461ecedae02a6,1
e3a10daffbb5727bb14cf0b6c86471494f1cb8b0c2a0cfa0564e53475b0003fa,0
e3beb12ddd4073600bae156eb27e85f38174302a5bde45140205000e055347f4,0
e3d96202343429515e45d8bf209eefd582ca51857172668c8f259b55511faf94,0
e40f904ec9b3325158c5a9e4d386c2d8661fcdc4ffe78216e829def58739249b,0
e45d2e2371ba3e0fee5eabc591c93ed45e6e81c0cdb9d8d3c584ed7a6f886c94,0
e49447bc16852ba79a3f7238375ee1d3c76974b304a2a060bafd91031ebfd077,1
e498e2421f8f1ab8ca751bbf72ab146c2df1b0c96d9233e6e231dcba05579713,0
e49a13df80571c5d03369dd553b9de9aa5cd4b9b84498171638e41a453b8c59b,0
e4fafe4d3d026776ecc649b055c0653a7e5359ddeacd2cab8b1ada953c70817d,1
e507ef3135f1c0a89fb75b71fdc8f88ec3a1bf0dd0a6f4ca88d34c3b16f1c48a,1
e5358364d52e0f4aae229aa7c9151668bed11f60587acdb08e8ac6b76af09d7d,0
e582ffb53691b4ff9fda261d6ef00d936167804e198d270c451ff9499ee5edb4,0
e583d61945f5c7cc98719b02c91634e36b4532cdb7277759abdf79cf4dd5a6f4,0
e5ac94a20f886687670d7d6e1dbf806221e60e080b9bd84bdf925921a0775413,0
e663a814f1eb9cf9f42c0c284c19664f1772c1c3245b2fc4a717ab7eea2b8656,0
e68558b9f70841b42a561147eb6e8f78eda283fb3ac3fa36d5e87dfc761a0801,0
e69cbfd41dba015aab4d045850d813d1cd6c8962b53b381c46ea5e20f8e502aa,1
e75dd4b4e2b743e2e5909d2da8a15ac9115a791ad6996daf3fc82c0ecac1e809,1
e77026ed392c395d4c84bdacd765c7839cd117bbed32cc089a5514968a3c8590,0
e788385dfff2bd9d7f5294246c46e394ebd1fcae4e526e9b53961ec54bd52d1d,0
e789192df99fc99b0bcdc7d54f92889bc91c308fd029e5e153934c1dd00d9f87,1
e78cb483587c5707a80eed837242f7640e42d98eda348adc0e6dbc17689af039,0
e7d3e0e76d7f10841c34af9642bf84961811364ceae9a016fffd276e8e59d839,1
e7fbf84eb2b2a2601a514a9a7f8d03d036f414f47d0961bd5165571ea1b92204,1
e8023c7bcb441444731c086e47fc3951e74b93a724c5bc5fbd5ddbfa08adc3ed,0
e83b194ce19b6688e45e4e445ba22df2cd97614e22cccbbff55fb859f2da58eb,1
e8a6446ecdfd06002ffdfeedeb50b51a4bf680422a01d75561a71253bc3cb756,1
e8be53791fdf51464417f393606f1004bb4d33255db18eb373955bd4fea4c1e7,0
e8dcfadd0c07a556cd77af8f7b38b95a3c3c4fbf8cf0f704e350ecffb78dc059,1
e8e9c97d1689664d4049711d58bff9730180819c7323bbcf60e5a47b1e7f1a1f,1
e8f5b2f34da6fd245cbb05d2181f78223a11aed09afafbb666ce3231ae8d9f6f,0
e8f8ffa44c1c594d5ab717ae2106cae1347d6028e2ba4a73483fe22b8f8cf541,1
e92113698bce11aa173965fc69bfda54d9af88c3a36d1d810815fe7d73fa84f7,1
e93c7b3ca623aa5b32422fd1fcf6f0a054405a84ead25cb3059b87448aa3deff,0
e94df7af80a281cbf38a1e46b5c6c7bc9483481f9cab7b72cfb19e39b1d08274,1
e969c76c392356cbf55b269946fc2ae7dc329ddaac0d31fe8a2e3cd1a1d7abae,0
e9b38d36c1fd5d1073fc94f8915e00d08827dde73afdf562c32139a8a740029d,0
ea6e761da46cc3ffd136b029081a7a074c79a35a334c7d053bb523b644d6b98e,1
ea882d0f4d395f2f0cf5169117afcbecfc74963676cc147eb68825b158e316c2,0
eaa461e3fe36487c462a9103cb2a79a88159e96ef8447bbd36a39049fb74fc61,0
eaba233e85b088d4e053703ab26c8288e58c3cf3f27b8c6284fa518139592de7,1
eb28f5535e5a88ba5261fa089901d59a6759774cee1996830b648918432354db,1
eb3544f48c2dd6455494047ea4d15a85299287e0ed49b546a3aaa2a9a9f46800,0
eb85742cc86705772336373857c3b7ce57ec80f1f1418770be876ef7d5b7fae6,1
eb9924346f52e96c571fffa8f690792915bd8ebdab92b52c2db9297823f0d6b8,1
eb99aceed2c7d2e7a540b1026b25912be919d1b83eb381153d2e833640188bbb,1
eb9fc4ad25a46f1e4e0a18cf2fa0a76587475a590ddab5246894147cf366817e,1
ebc2acc96c01e93e3ad9490278161a09b2e33eceb9127621321428972ce4980d,1
ebc342ab05f7379d1b0f91ab8eb6ec64fc8d68046066b18b052e02f2090dd9af,1
ebf08371a5671e77469360856cac2b28d8cd020a91947449d8c5ac7690ae8c74,1
ebf0fec238c2202a4ddbb10c4bf589f162634458e9823b9deded69d9e762741e,0
ec37ef4429c4fd0659e19d5ed194552833fd85367ed67da53f6e67a312a9e0f6,0
ec602c8b092c664d78f8956ea2a5e36ff9f3b33fcd7159c7db34427dd0b0a566,1
ecb156fb9764d232d3dbe0a205543c3d2a07f30af5d321ea9001b5b2769e97e7,0
ecc82dee3960c7061e286ddf5e1d21dde0c7b590aa0679a25c66e20567237747,1
ecfd7a45a1c15b91d67b960109916bb38bce8b615f4daa9337959a1d25b519a6,1
ed4df41f94eb5953ee491a1cf97b3a9d3d6060f76810e6b243e62613766c3ac4,0
ed5376ba6c6c4b8a2688000763f3ea451dc70615b2727097ce48d59644d57792,0
ed5d85b111e794c23420d8db1156db63a0c89cb68d234add0399bdb690528747,0
ed9b46e31e1fcf3ee65cadfd15069d7c153ab3f110ba724dd8e3a018ad898aad,1
ede1e7630e658eb0b4d76edfc0ce4c456112bfd9d98f9305515253ca27a516ed,1
ee4f4a889043ef35beeb8c889be96ae423184500e86c4d27db25abb9feb1e820,1
ee5763b6b4054e91a6b245c5e5d2cacba7ad11cdf09eaf82041a86204a464129,1
ee97e13f7b4f5ccc7a25719a57e0ffa19031e7b273cab829ab2c734d6d010996,0
eee84823bd45e10fa5f6a5c179b0576a2cf2cbe87efaef10196b7d7df56aa93a,0
eef78a9213825a98d9351650f0090dd00f011a3d328501d5a33ee984faa48ee8,1
eef84eb4c9dd170e7466039df5c81e6e4ca55943e7b62c691766f3331ebcc88b,0
eefa152479412412d6ae60e18f8af3e1062a5d45f66e0e692ce654ec5e6145df,1
ef225f358b7e328160c6afdaa4998b1e2b159f4233117910bcde66ae53b4d225,1
ef226bdee0a8703ed8615ab77333468667e653c0876c75cf91bb7ad839362c26,0
ef2327938ac74a33112944b9849db52f66dde311822cc062d7039f48ef960407,0
ef9a0baa7931c5238ce85b936e00f2af981c5584aabb2e9a08a65765b7711c4a,0
f01b60466e5ad0ce6f92d6d54c18a3812fc55a3e1223c9e1374ed086f57f24e6,0
f02ce1782c656f6cc354be2ea5a07c43f387862f70dbec4e941790568d07d94a,0
f05d0fbdc3f56dc3a34544c5c37e69dc9e063044b351bd0b3da4e704cdaa3b37,0
f0b366632248053cb1c3df195c35ad561497056facdeec2bf87390169a557aca,0
f0bccd13116f5575d57cdaa74a0ca594069d5edbbf1d410087a4cef97adaf49a,1
f0f65e24aa992e8ab2b778f0e36b893cd668a8014c5b01cc50fb8a3d43ce661d,0
f104eb0c7650fe7ad4b0d6a2272d0426feafb2ddc64bf5f1926049d54dcae51c,1
f10e93fd1fcb7dc0d5e90841bad7e3b67b79e6bd9d3aec800a44179439b00fdc,0
f11bbc861211e15665b01d8d55e7471b909bed3927c705dce7edf09efa9f9560,0
f13b6735b6c72bd1a4b733bdbd1bf48c77fd42127bc52684fe5d2b1b6357250c,1
f14741012ef9573782740aab3271908983b581d28dd1f26b92095a8c46278387,0
f1ae28677c64165885b91713da19a43de7ff72eed4e3edc4c5d4a5e1537cf513,1
f26c63d44de5d53aaa1f2061dc4a8e6ab91b63a4f71d8b84ed71dd969209e2c6,0
f2e0544bc7b2fdb11df270b25b6c6aa6776701949a6418ad837c50f73f08aade,0
f33da1d85625e0fd14c74faf47a63e46e0fa1a6aa24ca377ebe6b0f3ad304b36,1
f38ad1ef2fcbf823787ba966c82e98a0361212be70b155883b0ba98bf1e4af57,1
f3a0bdcdc28c539527a75a4b5d6bbece6fb5e9b9b3b02d85c1d39eed60399787,0
f3b4c22087634cc7d40cd7b5b528e3a844e07b7d0280458736fa6ee8f8a353cc,1
f3ca846db4a2ee408b029b54ac009e5ae0af23bbd75c93d4a5d269697ca7bd53,1
f3d79db637b3d72b2265dfa378cf4a68ef555dfde2279b35cee36d12a5b2d0da,0
f3fe6b3e66decee281371853ec83503bb354453dcfda9f0bc895ffae47241f54,1
f41370b95948161a19bd05548e95aee9ce5e3ec9d0587d1eccde17957b31fa26,0
f41642e6cbd96aba86ec323fbc3747a12b47d7f6f5711cef712f6f4e32a7b66b,0
f4239d46332cb994aa4271a227cfbd0dac84d928c031ba6ede79956b3ee8b11f,0
f43d52e0b0a5e7e277790bb22ee328b6a1bc60c7da165253324e357e1869d458,1
f47af516a5c7f6596c596428133b13789f811d7750e405ecb012816054de452e,0
f4baed86eb120a0be11c248e922672b0b13653944602ffe576be8584d6f287b1,0
f541e36476fd11fd61fcf83d6160d1687babb3eaadb08cda97a69e8945439b29,0
f556cb547dbdd708f3318cde808dcd66320d5a6d340079cad7723c4677d39262,1
f56b337eb8127cc25e641a3bb4cd8e8054cd4b4e9f270bbe99fca16ad40de192,1
f5d75b8bd425184535717999ee26ad5e29f30ee9505746bc81ab709bebe40fd2,1
f5d9575df8d04a0289082c36221c08c7607c25b518cf1c1bc30c78762c7b4a1e,0
f5f15a211938e0a377db28fbe642b032f444cfec1f9c5a8ddf8a3684db1bcf2d,1
f608d5c6c87e77a1fea9a174f6b2194657d7e07f320ed01925c500f9fa5fcff4,1
f609b8d878ac6e478c1e4035f2cc8a94a158d7899c410bde635c3c120c76a5cd,0
f60db68f9fe0312b599e632faeba430646d983fb7be18c2f3f8e6910aeb5252e,0
f62b7771bfca06a0b5af650f3fd56e386ab8d947e2d2a9821febe570cc2c4146,0
f65b0e26a22cd05bec79861c71547c7d5838cce1cac79cc94ea71bac99dbc506,0
f68ef0b922298d5cbb870d2a61a17508472b768208030f0f9499b47988415066,0
f6abe1b897dd426d34227c45d56db6c8dbf68204c413223b4b56f96e0bb7245a,0
f6d977537ab9a3e42aac778215e14d17a7cc5bad705bda6bb7deaad8a48b10aa,1
f6f5937e65091c53f5768d659344e4b98468a6116840b991f33ac123b09b26e9,0
f7137e065ff4da184afc2ce4387cedc907448689e6c3e8faef189e7c2c71b1c3,0
f73a34c23bf9b978d38dfa323fccd2689bdfe7ae18cf25bdb1232b426d1750f3,0
f75331ccde926df03186ec59f35a29229f486e80c4afdfd153c18f702d66bed4,1
f7668734262d5e21cbe9f360c11f99884b4945f0b6880044e93c8ce76636e25d,0
f76c96924d597a1f6b37fa665af7ff41b89f070cbcce20a307840762c994440b,1
f7ef529326ebc00792cbfb0158a87e3fefc9350a165000724c1fa32cfc6ccb6e,1
f7f8c841519596b37239006d0bf646ade8ef7e108c797a7212060298bd2ed11f,0
f8194bc5b4f1d8c033f2240fd5b825e283a4cb281719121bc0edbaffa286b91e,0
f81f1e18c5a758a1fde484a7257e2a8b622922afba81d42d41de85ec5e665c8f,0
f85e6ebabb0ae8079c3d6ce76c3de8ad80272abc1c998a0a122b1f389264bd75,1
f85ef235b73cd7516d29b47a0b8d689706876c98982b2f41d1b347a4d08dc688,1
f8601560c75ebd4b6527e169d9bbe55ef26ed989f8915e967b0ba59a79c38258,1
f88a1db5473a026706cff273ea2b85c9d1056afdb6ced606c57be07b7d5f78dd,0
f8c1f9e25f4ece07fe8a09b0d891e16a835b49dd3efd66892705652815aeb3ba,0
f8e5a29e339383bb350591c9fce14100f498fbf1a4268eedd27f8bca95f510dd,1
f90ddaf83e3568717c8f01d28d490389e3269f41beb9bd979b25bd9587b57555,1
f9559156e11556ea84575182ef190da20ff22684a91c755ae74afaa0f372dcfd,1
f98ef37c1ecf5e1d1ebbb53e2fe5eb5737d4022924ddd5d7dd1fcf06050a25d4,1
f9f504ef440319b8ff91166f0d4155678f1d0e72b32ee409c398a098f6a17f97,0
fa3d98e7528842a8b28426b83e3677af03bb1a60e5ac9d1a0307f1a6f520fb40,0
fa4e10a1db81f3148766a73b20bf50f56b219473a42a261dd467a40cb4d95a0a,1
fa6a6ef94c23b05afe55be7d44fd1d09d68050a371958ed7f150a7fd8a4d2507,0
fa6ddef867f5e576300e44f486ceaf74b6a63d655558ab4f2290bdebc7875757,1
fa836e977d577a36fa2426770e0e986cc8d5eb0990f988f104e2701e46f39b22,0
fabd9a452895b758884a5be3ed88ddb9693fb7f62eb302e88cf4c0414ad84bf3,0
fac533684764cfac7c6ad3ebcbd47e1d4f5143fa985e6d4c14a52859f0f020e5,1
fadc85eeeb3af0db54fac4adda1f027d85c5ca8221dcb5bcaebdd3d7421cceb1,0
fb2f4f4223e43e810a402db893651d9dbc95a0ba61ea3744558fd949244ffc80,1
fb7772110776b0c860a25140b2fc5ea0bc68d183c602f792065abcab52db8af1,1
fba24b3b30e79765175c8b12ad65c30dd4d0e9f5a98ae42a0faa7d1fb6199995,1
fbade5766b8f486e81e32c0a3790c992108a51ad3b925c7b80e58401c8755532,1
fbba390368cd7719650970b8c46353f31ee7830035741198fb657717b8e52215,0
fbc0ff670cb5e9ddaa10a41f59bdc1162596ea17950114159a55c7e0bf955971,0
fbdec665ffc467a3784bc06dd93d438e8acbf4d9d05da5e78ddf08e20621add5,0
fbf0eb2c11c5acf73b5e4ff3b23131b70f9af93dea173d3f0df5c23ddc2fba0c,1
fbf6943e043b7c63d2734284e2ac29017ce5de4df616ae2ab8f3ffcd98eb41c0,1
fbfc70630eb0332a6b034eb41756dc6b238add3305db878caad21d75242076a9,1
fc01a345a1ae42f587b3e0c96f72195cbe7bbc2c5558801510aca7a3ab0dc301,1
fc13c53eaa38f37bf4dff9518274eee1a04ae32272c4141e9f6735471a472b62,1
fc2528ee26409c455126ca2e17f944d0bb99fbcba5ed8e5ca2339ed5c0ddef7f,1
fc517fcd98115f13681b808c8ba706090793f309bf621b2291f747533ee90fed,0
fc798109d85b3e286e06447647a7e444f9df0b6cc0defab27b0b626cc89a541d,1
fc815045384982b534281e1b96048e92027c2102807664ee66d8cc6e7539401c,0
fc91679865e6a38b83bee9878342f6769db97e4d61b712a93e112d513b45cb7b,1
fca498558490254a7c727334a0aea8ddb3b44c3db799a41627bb46a7ada72609,0
fcd7f5a17ab6bcda8226967862de6c2f4a6a8bd0557c75690172cddaa92270ae,1
fd4d5d1ebeafb67c777bf41f30eecb95e3cd63d0ec7703fb200fd5551aaf3ef8,0
fd771a3cbf76686417e5284b324bc738b4d135a9861aaf02a4fce2069a57c400,1
fd863f76252209aef087e0019b7d8f439362855e8b744b644dbd102300a09a7d,1
fdd994d2ff6c7851b8d3bf5bff31c69596d80e5c0cba2dd8d8fdfa8e9f7f6564,0
fddf70a3a152dff54672d036ab1d1e3ee52964e5fda8815f4781fb758c235df6,0
fe201e3c28dc66cdc4da86927dccc3d8c708f1d5f140cd1c6e6bdefeb0a374d0,0
fe485dcd9ddcad8b87d359434989eacb835214a002a1539e02beebfb1428d8c5,0
fec46dbdd89755d4223559fac75139fc99e00dc76ef5a93d42f67ea780c1b844,0
ff8575385a8c4088c7bff5d9b9395ecc4bea15f7fc011eb5c4bd1377d02277e9,0
ff87e0b9899a9d94a8da334b23a8154b2cbe59e7472e41f3e0d973aeefb8a99f,1
ff9f580b63bf1742fe382ea117d870d2236e4f3a48404fb556eb921b43ff358d,1
ffa12f74be2e94b9bb52bf5877ae1e9192399ae2bbcc12191f45d471827436d8,0
ffa7994e6198e59204cee46f846a77c494187c92ce56d1a9c21ad48dddbab3a5,1
